2026-09-17T15:12:27+05:00	avatars/1.31738.gif	5455
2026-09-17T15:12:28+05:00	avatars/1_1_by-gatea_1.jpg	14916
2026-09-17T15:12:28+05:00	avatars/1_4cde2c9b5b768f63c45e4c37a8a7cbc8__980x.jpg	77625
2026-09-17T15:12:28+05:00	avatars/1_admin.png	4020
2026-09-17T15:12:28+05:00	avatars/1_aoh14ggdkqv9r0rnmbhz1tkuzt3rgf9khu3nwnk4qjba	41374
2026-09-17T15:12:28+05:00	avatars/2_avatara_text_kuplu_avatar.jpg	32074
2026-09-17T15:12:28+05:00	avatars/3.flower8-20080514-1344456351.jpg	3132
2026-09-17T15:12:28+05:00	avatars/4.flower26-20080514-1821015326.jpg	3163
2026-09-17T15:12:29+05:00	avatars/4_vt_zlzae.jpeg	11629
2026-09-17T15:12:29+05:00	avatars/5.autocars30-20070808-1813148512.jpg	3806
2026-09-17T15:12:29+05:00	avatars/5_154196d93a2c60c1054f9ccef918ceda46aada10_full.jpg	5538
2026-09-17T15:12:29+05:00	avatars/6.cars4-20070808-1115495035.jpg	2760
2026-09-17T15:12:29+05:00	avatars/6_154196d93a2c60c1054f9ccef918ceda46aada10_full.jpg	5538
2026-09-17T15:12:29+05:00	avatars/6_avatara_text_zavtra.gif	33957
2026-09-17T15:12:30+05:00	avatars/7.cars75-20070808-1671559838.jpg	3034
2026-09-17T15:12:30+05:00	avatars/7_f9e7e5df351e218508701283e8e59a6331d3d93c_full.jpg	9417
2026-09-17T15:12:30+05:00	avatars/8.eye24-20070622-1422274778.jpg	2804
2026-09-17T15:12:30+05:00	avatars/34_2014-vse-serialy.jpg	2313
2026-09-17T15:12:30+05:00	avatars/83_avatar-140x140.png	12704
2026-09-17T15:12:30+05:00	avatars/143_2_sablezubaya-belka-iz-lednikovo.jpg	5231
2026-09-17T15:12:30+05:00	avatars/143_avatar-100x100.png	8829
2026-09-17T15:12:31+05:00	avatars/247_avatar.jpg	10431
2026-09-17T15:12:31+05:00	avatars/354_foto_1.jpg	2777
2026-09-17T15:12:31+05:00	avatars/389_photo.jpg	3140
2026-09-17T15:12:31+05:00	avatars/405_nl1y77kxxe0.jpg	28701
2026-09-17T15:12:31+05:00	avatars/457_czlyznfoza8.jpg	13792
2026-09-17T15:12:31+05:00	avatars/673_aachttdaml7yultg9ehtnrqgibctzj9u8rgfy6rbdxn48cji=s96-c	780
2026-09-17T15:12:31+05:00	avatars/673_aachttdyvvi_koxld87u--o8zc4osmsdde2dapricy7psnq4=s96-c	1165
2026-09-17T15:12:32+05:00	avatars/673_aatxajwjc6aifxnmrjdcmm8z7tk6gpp2cx5l3rbcjyys=s96-c	1194
2026-09-17T15:12:32+05:00	avatars/673_acg8ocih6ynueltr3t4p03eyencki8zbinwtyguw4axi-25s=s96-c	513
2026-09-17T15:12:32+05:00	avatars/673_acg8ocivvvcgcl1d6psvx8ciqs9oqggu-or-odbpi4xgkpbviqyclq=s96-c	1408
2026-09-17T15:12:32+05:00	avatars/673_acg8ocjhku7on_awe58yxk8soqfklx7-fiixwqzjr9iil6dk=s96-c	982
2026-09-17T15:12:32+05:00	avatars/673_acg8ocjkzy5970bzp7y2al4yhqhx5hm2um4rjqbpt5a1rn4-1a0h_w=s96-c	967
2026-09-17T15:12:32+05:00	avatars/673_acg8ockjehnuh3jn7cs13d-r_tuzbre7yburast8mwxm58djzg=s96-c	6163
2026-09-17T15:12:33+05:00	avatars/673_acg8ocl6uuh-ums6aenofi6dhyto7mwouptbp6r-0tamdp-n=s96-c	1465
2026-09-17T15:12:33+05:00	avatars/673_aedftp4supgql36s1pyg4dqmz4h3z1bonnin72w75dbh=s96-c	3690
2026-09-17T15:12:33+05:00	avatars/673_aitbvmkjsibcxtgk6xa9f1hozxetvt9wwklzeck_e8_1=s96-c	1177
2026-09-17T15:12:33+05:00	avatars/673_alm5wu2kjtquwk9zq3uoutox73kj9hy3ktsu5020b_wnyg=s96-c	12303
2026-09-17T15:12:33+05:00	avatars/673_alm5wu35kfdhp_5zpnjijkkawrqwoghutdmlwrmsayru=s96-c	4000
2026-09-17T15:12:33+05:00	avatars/673_aoh14ghgesxfowtkpf9kqhyattufyr6zytd3sngwtu12=s96-c	4090
2026-09-17T15:12:33+05:00	avatars/673_aoh14ghjkrroulhty2fninufdczzik730vccr94yn0__ww=s96-c	7854
2026-09-17T15:12:34+05:00	avatars/673_aoh14givivu7tetwt1tsdcu4zm7akvqr7dvlattkjleh6w=s96-c	4262
2026-09-17T15:12:34+05:00	avatars/673_aoh14giwkyrlcnlaokr0xqk-c6ch_bv-6st5wcisupsn=s96-c	7957
2026-09-17T15:12:34+05:00	avatars/673_aoh14gjamnzhrhysqyeg6sjabprclpksdkmhfjo-5ygw=s96-c	3180
2026-09-17T15:12:34+05:00	avatars/673_aoh14gjh3zr9udkhmffbkhnrxuyek91xx5ldxqmeb4jkqa=s96-c	3501
2026-09-17T15:12:34+05:00	avatars/773_android-icon-48x48.png	5178
2026-09-17T15:12:34+05:00	avatars/_154196d93a2c60c1054f9ccef918ceda46aada10_full.jpg	5538
2026-09-17T15:12:34+05:00	avatars/_aachttdaml7yultg9ehtnrqgibctzj9u8rgfy6rbdxn48cji=s96-c	780
2026-09-17T15:12:35+05:00	avatars/_aachttdyvvi_koxld87u--o8zc4osmsdde2dapricy7psnq4=s96-c	1165
2026-09-17T15:12:35+05:00	avatars/_acg8ocivvvcgcl1d6psvx8ciqs9oqggu-or-odbpi4xgkpbviqyclq=s96-c	1408
2026-09-17T15:20:39+05:00	avatars/_acg8ocjkzy5970bzp7y2al4yhqhx5hm2um4rjqbpt5a1rn4-1a0h_w=s96-c	967
2026-09-17T15:20:40+05:00	avatars/_aedftp4supgql36s1pyg4dqmz4h3z1bonnin72w75dbh=s96-c	3690
2026-09-17T15:20:40+05:00	avatars/_aoh14ghjkrroulhty2fninufdczzik730vccr94yn0__ww=s96-c	7854
2026-09-17T15:20:40+05:00	avatars/_aoh14givivu7tetwt1tsdcu4zm7akvqr7dvlattkjleh6w=s96-c	4262
2026-09-17T15:20:40+05:00	avatars/_aoh14gjamnzhrhysqyeg6sjabprclpksdkmhfjo-5ygw=s96-c	3180
2026-09-17T15:20:40+05:00	avatars/_f9e7e5df351e218508701283e8e59a6331d3d93c_full.jpg	9417
2026-09-17T15:20:40+05:00	avatars/_iw5wseffc8k.jpg	14400
2026-09-17T15:20:40+05:00	avatars/_photo.jpg	3140
2026-09-17T15:20:40+05:00	avatars/_vt_zlzae.jpeg	12302
2026-09-17T15:20:41+05:00	dsn/.htaccess	0
2026-09-17T15:20:41+05:00	dsn/0a/0b/001/s_screencast-video-recorder.jpg	16423
2026-09-17T15:20:41+05:00	dsn/0a/0b/001/thumb/s_screencast-video-recorder.jpg	3263
2026-09-17T15:20:41+05:00	dsn/0a/7e/001/thumb/images_6.png	64774
2026-09-17T15:20:41+05:00	dsn/0a/15/001/thumb/34.png	19303
2026-09-17T15:20:41+05:00	dsn/0a/80/001/thumb/robotstxt.jpg	14749
2026-09-17T15:20:41+05:00	dsn/0a/a5/001/thumb/1350009220_preloader.jpg	15101
2026-09-17T15:20:42+05:00	dsn/0a/a6/001/thumb/supersized_-_full_screen_background_slideshow_jquery_plugin1.png	147246
2026-09-17T15:20:42+05:00	dsn/0a/e5/001/iceland-wallpapers.jpg	145746
2026-09-17T15:20:42+05:00	dsn/0a/e5/001/thumb/iceland-wallpapers.jpg	4875
2026-09-17T15:20:42+05:00	dsn/0b/80/001/screenshot_22.png	339577
2026-09-17T15:20:42+05:00	dsn/0b/80/001/thumb/screenshot_22.png	50140
2026-09-17T15:20:42+05:00	dsn/0b/d9/001/screenshot_26.png	211819
2026-09-17T15:20:42+05:00	dsn/0b/d9/001/thumb/screenshot_26.png	48088
2026-09-17T15:20:42+05:00	dsn/0b/dd/001/c49a821fa3b780caac2fe00d74be5dd2.jpg	57908
2026-09-17T15:20:43+05:00	dsn/0b/dd/001/thumb/c49a821fa3b780caac2fe00d74be5dd2.jpg	9192
2026-09-17T15:20:43+05:00	dsn/0c/6a/001/thumb/na_raione___plagin.png	12509
2026-09-17T15:20:43+05:00	dsn/0c/84/001/b2cf0562b51c04fc19c5e8e49ad003a4.jpg	40444
2026-09-17T15:20:43+05:00	dsn/0c/84/001/thumb/b2cf0562b51c04fc19c5e8e49ad003a4.jpg	6871
2026-09-17T15:20:43+05:00	dsn/0d/2f/001/8c6b332bb4082fa2dfc6cfb77f2b8cae.jpg	25068
2026-09-17T15:20:43+05:00	dsn/0d/2f/001/thumb/8c6b332bb4082fa2dfc6cfb77f2b8cae.jpg	4855
2026-09-17T15:20:43+05:00	dsn/0d/9b/001/2592be7152a4306876cf.jpg	63000
2026-09-17T15:20:44+05:00	dsn/0d/9b/001/thumb/2592be7152a4306876cf.jpg	3118
2026-09-17T15:20:44+05:00	dsn/0d/9f/001/thumb/screenshot_33.png	138168
2026-09-17T15:20:44+05:00	dsn/0d/51/001/thumb/smena_fona.png	26123
2026-09-17T15:20:44+05:00	dsn/0d/73/001/thumb/screenshot_19h_21m_03s.jpg	61093
2026-09-17T15:20:44+05:00	dsn/0d/77/001/thumb/2bac2e684932f2683de715da2e86d679.png	81860
2026-09-17T15:20:44+05:00	dsn/0e/4c/001/coins_3446.png	7060
2026-09-17T15:20:44+05:00	dsn/0e/4c/001/thumb/coins_3446.png	7064
2026-09-17T15:20:44+05:00	dsn/0e/70/001/thumb/f201016f.jpg	7988
2026-09-17T15:20:45+05:00	dsn/0f/12/001/thumb/opera_snimok_2024-10-27_182537_yandex_kz.png	166437
2026-09-17T15:20:45+05:00	dsn/0f/52/001/thumb/menyu.png	91651
2026-09-17T15:20:45+05:00	dsn/0f/a9/001/thumb/2025-04-19_21-56-54.png	14856
2026-09-17T15:20:45+05:00	dsn/0f/d2/001/thumb/windows-8-start-screen-customizer-600x377.jpg	6688
2026-09-17T15:20:45+05:00	dsn/0f/d2/001/windows-8-start-screen-customizer-600x377.jpg	50714
2026-09-17T15:20:45+05:00	dsn/00/3f/001/thumb/screenshot_11h_38m_38s.jpg	3239
2026-09-17T15:20:45+05:00	dsn/00/6c/001/thumb/1252908730_htaccess.jpg	6942
2026-09-17T15:20:46+05:00	dsn/00/49/001/img1.jpg	53761
2026-09-17T15:20:46+05:00	dsn/00/49/001/thumb/img1.jpg	4257
2026-09-17T15:20:46+05:00	dsn/00/49/002/img1.jpg	105912
2026-09-17T15:20:46+05:00	dsn/00/49/002/thumb/img1.jpg	2738
2026-09-17T15:20:46+05:00	dsn/00/a2/001/92e7f03fd711.jpg	88836
2026-09-17T15:20:46+05:00	dsn/00/a2/001/thumb/92e7f03fd711.jpg	6383
2026-09-17T15:20:46+05:00	dsn/00/d8/001/solar_system_hd_deluxe_edition_dlya_android.png	956104
2026-09-17T15:20:46+05:00	dsn/00/d8/001/thumb/solar_system_hd_deluxe_edition_dlya_android.png	43948
2026-09-17T15:20:47+05:00	dsn/01/09/001/s_1381247861_3d-aquarium-live-wallpaper-pro.jpg	22471
2026-09-17T15:20:47+05:00	dsn/01/4c/001/thumb/slide-3.jpg	49498
2026-09-17T15:20:47+05:00	dsn/01/84/001/screenshot_27.png	264992
2026-09-17T15:20:47+05:00	dsn/01/84/001/thumb/screenshot_27.png	56183
2026-09-17T15:20:47+05:00	dsn/02/03/001/thumb/1000000.jpg	106704
2026-09-17T15:20:47+05:00	dsn/02/84/001/thumb/zagruzheno_5.jpg	5027
2026-09-17T15:20:47+05:00	dsn/02/84/001/zagruzheno_5.jpg	8965
2026-09-17T15:20:47+05:00	dsn/02/b4/001/gromkost3.png	77677
2026-09-17T15:20:48+05:00	dsn/02/b4/001/thumb/gromkost3.png	22383
2026-09-17T15:20:48+05:00	dsn/02/bf/001/8755826.png	37315
2026-09-17T15:20:48+05:00	dsn/02/c0/001/thumb/korob.png	65834
2026-09-17T15:20:48+05:00	dsn/02/e9/001/hts.jpg	36147
2026-09-17T15:20:48+05:00	dsn/02/e9/001/thumb/hts.jpg	4707
2026-09-17T15:20:48+05:00	dsn/03/0d/001/thumb/21.jpg	76301
2026-09-17T15:20:48+05:00	dsn/03/2b/001/5.jpg	49405
2026-09-17T15:20:49+05:00	dsn/03/2b/001/thumb/5.jpg	3678
2026-09-17T15:20:49+05:00	dsn/03/2b/002/5.jpg	34244
2026-09-17T15:20:49+05:00	dsn/03/2b/002/thumb/5.jpg	5100
2026-09-17T15:20:49+05:00	dsn/03/2b/003/5.jpg	41210
2026-09-17T15:20:49+05:00	dsn/03/2b/003/thumb/5.jpg	7324
2026-09-17T15:20:49+05:00	dsn/03/2b/004/5.jpg	93131
2026-09-17T15:20:49+05:00	dsn/03/2b/004/thumb/5.jpg	5867
2026-09-17T15:20:49+05:00	dsn/03/58/001/21132216.jpg	528442
2026-09-17T15:20:50+05:00	dsn/03/58/001/thumb/21132216.jpg	4259
2026-09-17T15:20:50+05:00	dsn/03/85/001/solar_system_hd_deluxe_edition_dlya_android2.png	1010306
2026-09-17T15:20:50+05:00	dsn/03/85/001/thumb/solar_system_hd_deluxe_edition_dlya_android2.png	46231
2026-09-17T15:20:50+05:00	dsn/03/cc/001/thumb/2025-02-05_16-55-39.png	34422
2026-09-17T15:20:50+05:00	dsn/04/07/001/thumb/adapslider.jpg	21374
2026-09-17T15:20:50+05:00	dsn/04/9f/001/thumb/easycapture1.jpg	18110
2026-09-17T15:20:50+05:00	dsn/04/9f/002/thumb/easycapture1.jpg	22756
2026-09-17T15:20:51+05:00	dsn/04/9f/003/thumb/easycapture1.jpg	24934
2026-09-17T15:20:51+05:00	dsn/04/17/001/krome.jpg	23866
2026-09-17T15:20:51+05:00	dsn/04/17/001/thumb/krome.jpg	4138
2026-09-17T15:20:51+05:00	dsn/04/17/002/krome.jpg	72447
2026-09-17T15:20:51+05:00	dsn/04/17/002/thumb/krome.jpg	3436
2026-09-17T15:20:51+05:00	dsn/04/a1/001/33_2.jpg	133101
2026-09-17T15:20:51+05:00	dsn/04/a1/001/thumb/33_2.jpg	6461
2026-09-17T15:20:51+05:00	dsn/04/a9/001/displayfusion_5_1_1_beta_73.png	87407
2026-09-17T15:20:52+05:00	dsn/04/a9/001/thumb/displayfusion_5_1_1_beta_73.png	17201
2026-09-17T15:20:52+05:00	dsn/04/c3/001/thumb/j4zoeokfces.jpg	91725
2026-09-17T15:20:52+05:00	dsn/05/10/001/thumb/screenshot_41.png	18381
2026-09-17T15:20:52+05:00	dsn/05/10/002/thumb/screenshot_41.png	106831
2026-09-17T15:20:52+05:00	dsn/05/b6/001/frost_2_by_jonnypc12_on_deviantart.png	130304
2026-09-17T15:20:52+05:00	dsn/05/b6/001/thumb/frost_2_by_jonnypc12_on_deviantart.png	13271
2026-09-17T15:20:52+05:00	dsn/05/d0/001/img3.jpg	56925
2026-09-17T15:20:53+05:00	dsn/05/d0/001/thumb/img3.jpg	3197
2026-09-17T15:21:55+05:00	dsn/05/eb/001/kalofduti.jpg	20569
2026-09-17T15:21:55+05:00	dsn/05/eb/001/thumb/kalofduti.jpg	3909
2026-09-17T15:21:55+05:00	dsn/05/fd/001/image28321679_42c410c5bd1408b7edbdd7bc1a6b2e8f.jpg	191863
2026-09-17T15:21:55+05:00	dsn/05/fd/001/thumb/image28321679_42c410c5bd1408b7edbdd7bc1a6b2e8f.jpg	3393
2026-09-17T15:21:55+05:00	dsn/06/2a/001/s_unnamed.jpg	21993
2026-09-17T15:21:56+05:00	dsn/06/2a/001/thumb/s_unnamed.jpg	4205
2026-09-17T15:21:56+05:00	dsn/06/2a/002/s_unnamed.jpg	34798
2026-09-17T15:21:56+05:00	dsn/06/2a/002/thumb/s_unnamed.jpg	4848
2026-09-17T15:21:56+05:00	dsn/06/d8/001/arhiv.jpg	59988
2026-09-17T15:21:56+05:00	dsn/06/d8/001/thumb/arhiv.jpg	25239
2026-09-17T15:21:56+05:00	dsn/06/dc/001/gromkost2.png	56024
2026-09-17T15:21:56+05:00	dsn/06/dc/001/thumb/gromkost2.png	9977
2026-09-17T15:21:57+05:00	dsn/06/de/001/thumb/icq_status_manager.jpg	19636
2026-09-17T15:21:57+05:00	dsn/07/f0/001/thumb/e-cart.jpg	68980
2026-09-17T15:21:57+05:00	dsn/08/3d/001/thumb/xnews.png	56100
2026-09-17T15:21:57+05:00	dsn/08/62/001/2025-08-20_20-31-23.png	37319
2026-09-17T15:21:57+05:00	dsn/08/62/001/thumb/2025-08-20_20-31-23.png	13712
2026-09-17T15:21:57+05:00	dsn/08/b8/001/jrrek3hjase.jpg	48425
2026-09-17T15:21:57+05:00	dsn/08/b8/001/thumb/jrrek3hjase.jpg	7838
2026-09-17T15:21:58+05:00	dsn/09/3d/001/2837628.png	37830
2026-09-17T15:21:58+05:00	dsn/09/49/001/thumb/screenshot_120.png	77023
2026-09-17T15:21:58+05:00	dsn/09/49/002/thumb/screenshot_120.png	81201
2026-09-17T15:21:58+05:00	dsn/09/a1/001/start-screen-customizer-for-windows-8_1-picture1.jpg	38611
2026-09-17T15:21:58+05:00	dsn/09/a1/001/thumb/start-screen-customizer-for-windows-8_1-picture1.jpg	4099
2026-09-17T15:21:58+05:00	dsn/09/dd/001/4.png	104444
2026-09-17T15:21:58+05:00	dsn/09/dd/001/thumb/4.png	26676
2026-09-17T15:21:59+05:00	dsn/1a/1a/001/rer.png	219352
2026-09-17T15:21:59+05:00	dsn/1a/1a/001/thumb/rer.png	26979
2026-09-17T15:21:59+05:00	dsn/1a/5b/001/fa12fad3477b40becc2edbcded1bee80.jpeg	56540
2026-09-17T15:21:59+05:00	dsn/1a/5b/001/thumb/fa12fad3477b40becc2edbcded1bee80.jpeg	5881
2026-09-17T15:21:59+05:00	dsn/1a/f8/001/s_s_unnamed_kopija.jpg	25487
2026-09-17T15:21:59+05:00	dsn/1a/f8/001/thumb/s_s_unnamed_kopija.jpg	4880
2026-09-17T15:21:59+05:00	dsn/1b/1c/001/hts2.jpg	21746
2026-09-17T15:22:00+05:00	dsn/1b/1c/001/thumb/hts2.jpg	5830
2026-09-17T15:22:00+05:00	dsn/1b/60/001/thumb/menyu_s_vypadayuszimi_podskazkami.png	17990
2026-09-17T15:22:00+05:00	dsn/1b/74/001/thumb/vse_dlya_krasoty_rabochego_stola_-_my_soft.png	110754
2026-09-17T15:22:00+05:00	dsn/1b/74/002/thumb/vse_dlya_krasoty_rabochego_stola_-_my_soft.png	84185
2026-09-17T15:22:00+05:00	dsn/1b/b8/003/thumb/logo.png	2819
2026-09-17T15:22:00+05:00	dsn/1b/d4/002/thumb/trainz_railroad_simulator_in_ukraine_-_panel_upravleniya.png	21772
2026-09-17T15:22:00+05:00	dsn/1c/7e/001/49ebaf3263362f46f21f6b522a0a1b8f.jpg	92738
2026-09-17T15:22:01+05:00	dsn/1c/7e/001/thumb/49ebaf3263362f46f21f6b522a0a1b8f.jpg	17985
2026-09-17T15:22:01+05:00	dsn/1c/b6/001/images_29.jpg	4342
2026-09-17T15:22:01+05:00	dsn/1c/b6/001/thumb/images_29.jpg	6447
2026-09-17T15:22:01+05:00	dsn/1d/60/001/11_2.jpg	118684
2026-09-17T15:22:01+05:00	dsn/1d/60/001/thumb/11_2.jpg	8098
2026-09-17T15:22:01+05:00	dsn/1d/66/001/thumb/screenshot_18.png	53092
2026-09-17T15:22:01+05:00	dsn/1e/41/001/thumb/16.png	642
2026-09-17T15:22:02+05:00	dsn/1e/48/001/norton_ms-02-720.png	45636
2026-09-17T15:22:02+05:00	dsn/1e/48/001/thumb/norton_ms-02-720.png	13688
2026-09-17T15:22:02+05:00	dsn/1e/51/001/thumb/out-link.jpg	37591
2026-09-17T15:22:02+05:00	dsn/1e/80/001/isk1.jpg	58393
2026-09-17T15:22:02+05:00	dsn/1e/80/001/thumb/isk1.jpg	5317
2026-09-17T15:22:02+05:00	dsn/1e/80/001/thumb/tilted_content_slideshow.png	33971
2026-09-17T15:22:02+05:00	dsn/1e/93/002/2025-09-12_10-39-46.png	31987
2026-09-17T15:22:03+05:00	dsn/1e/93/002/thumb/2025-09-12_10-39-46.png	36094
2026-09-17T15:22:03+05:00	dsn/1f/c8/001/thumb/admin.gif	13206
2026-09-17T15:22:03+05:00	dsn/1f/ed/001/snimok45.png	42263
2026-09-17T15:22:03+05:00	dsn/1f/ed/001/thumb/snimok45.png	83148
2026-09-17T15:22:03+05:00	dsn/2a/5c/001/prikolnye_flash_chasy_-_flash_raznoe_-_katalog_failov_-_xflash_flash_animacii_dlya_saita_bloga_foruma_flesh_igry1.png	10942
2026-09-17T15:22:03+05:00	dsn/2a/5c/001/thumb/prikolnye_flash_chasy_-_flash_raznoe_-_katalog_failov_-_xflash_flash_animacii_dlya_saita_bloga_foruma_flesh_igry1.png	8773
2026-09-17T15:22:03+05:00	dsn/2a/9e/001/img2.jpg	56613
2026-09-17T15:22:04+05:00	dsn/2a/9e/001/thumb/img2.jpg	4507
2026-09-17T15:22:04+05:00	dsn/2a/60/001/thumb/filezilla_screenshot_th.png	42755
2026-09-17T15:22:04+05:00	dsn/2a/86/001/lmcable-micro_usb_cable-lightning.jpg	35814
2026-09-17T15:22:04+05:00	dsn/2a/86/001/thumb/lmcable-micro_usb_cable-lightning.jpg	2958
2026-09-17T15:22:04+05:00	dsn/2b/0d/001/thumb/vikipediya-tablica_cvetov__vikipediya.png	25257
2026-09-17T15:22:04+05:00	dsn/2b/49/001/thumb/news.jpg	32227
2026-09-17T15:22:04+05:00	dsn/2b/ef/001/129726a8-9ab2-4635-8f59-63dd83495340.jpeg	46358
2026-09-17T15:22:05+05:00	dsn/2b/ef/001/thumb/129726a8-9ab2-4635-8f59-63dd83495340.jpeg	4117
2026-09-17T15:22:05+05:00	dsn/2c/6e/001/screenshot_21.png	296885
2026-09-17T15:22:05+05:00	dsn/2c/6e/001/thumb/screenshot_21.png	44170
2026-09-17T15:22:05+05:00	dsn/2c/8b/001/thumb/code-1839406_960_720.jpg	110517
2026-09-17T15:22:05+05:00	dsn/2c/41/001/thumb/basket.gif	9583
2026-09-17T15:22:05+05:00	dsn/2c/41/002/thumb/basket.gif	9773
2026-09-17T15:22:06+05:00	dsn/2c/d8/001/-tsf-launcher-prime-3_9_3-1.png	710103
2026-09-17T15:22:06+05:00	dsn/2c/d8/001/thumb/-tsf-launcher-prime-3_9_3-1.png	15724
2026-09-17T15:22:06+05:00	dsn/2c/e3/001/thumb/4065.jpg	25953
2026-09-17T15:22:06+05:00	dsn/2d/2d/001/phone_6347.png	4522
2026-09-17T15:22:06+05:00	dsn/2d/2d/001/thumb/phone_6347.png	4414
2026-09-17T15:22:06+05:00	dsn/2d/5e/001/thumb/7ed5-4c4ef915.jpg	14940
2026-09-17T15:22:06+05:00	dsn/2d/14/001/images_18.jpg	9481
2026-09-17T15:22:06+05:00	dsn/2d/14/001/thumb/images_18.jpg	6498
2026-09-17T15:22:07+05:00	dsn/2d/49/001/lake_weatherhd___ozero_pogoda_hd_dlya_android1.jpeg	31464
2026-09-17T15:22:07+05:00	dsn/2d/49/001/thumb/lake_weatherhd___ozero_pogoda_hd_dlya_android1.jpeg	1863
2026-09-17T15:22:07+05:00	dsn/2d/57/001/thumb/1316549347_vert_style.png	26476
2026-09-17T15:22:07+05:00	dsn/2d/64/001/thumb/spacegallery_-_jquery_plugin1.png	71499
2026-09-17T15:22:07+05:00	dsn/2e/6a/001/thumb/62182547.jpg	7053
2026-09-17T15:22:07+05:00	dsn/2e/67/001/thumb/hosting-technologies.png	27452
2026-09-17T15:22:07+05:00	dsn/2f/e7/001/thumb/demonstracionnaya_installyaciya_next_generation_cms___panel_upravleniya.png	15479
2026-09-17T15:22:08+05:00	dsn/3a/02/001/thumb/kalkulyator_kalorii.png	53979
2026-09-17T15:22:08+05:00	dsn/3a/1e/001/thumb/opera_snimok_2020-04-26_204218_127_0_0_1.png	77590
2026-09-17T15:22:08+05:00	dsn/3a/2d/001/s_unnamed_3.jpg	11702
2026-09-17T15:22:08+05:00	dsn/3a/2d/001/thumb/s_unnamed_3.jpg	2852
2026-09-17T15:22:08+05:00	dsn/3a/2e/001/4k_rain_video_wallpaper4.jpg	9581
2026-09-17T15:22:08+05:00	dsn/3a/2e/001/thumb/4k_rain_video_wallpaper4.jpg	6283
2026-09-17T15:22:08+05:00	dsn/3a/bf/001/6710f4c46fe0879c40e4a9302a676658.jpg	21886
2026-09-17T15:22:09+05:00	dsn/3a/bf/001/thumb/6710f4c46fe0879c40e4a9302a676658.jpg	3301
2026-09-17T15:22:09+05:00	dsn/3b/38/001/thumb/cache.jpg	67494
2026-09-17T15:22:09+05:00	dsn/3b/86/001/thumb/bottomslideout.png	39191
2026-09-17T15:22:09+05:00	dsn/3b/a3/001/screenshot_3.png	386409
2026-09-17T15:26:43+05:00	dsn/3b/a3/001/thumb/screenshot_3.png	18483
2026-09-17T15:26:43+05:00	dsn/3b/a3/002/screenshot_3.png	1000498
2026-09-17T15:26:44+05:00	dsn/3b/a3/002/thumb/screenshot_3.png	52167
2026-09-17T15:26:44+05:00	dsn/3b/b5/001/a5pmr3ymjmo.jpg	32826
2026-09-17T15:26:44+05:00	dsn/3b/b5/001/thumb/a5pmr3ymjmo.jpg	3777
2026-09-17T15:26:44+05:00	dsn/3b/cd/001/07433338.png	1873321
2026-09-17T15:26:44+05:00	dsn/3b/cd/001/thumb/07433338.png	22661
2026-09-17T15:26:45+05:00	dsn/3c/08/001/c8b6fd2f077945b75194309200a3c083.jpeg	76540
2026-09-17T15:26:45+05:00	dsn/3c/08/001/thumb/c8b6fd2f077945b75194309200a3c083.jpeg	5248
2026-09-17T15:26:45+05:00	dsn/3c/4b/001/thumb/o4bqwvoqtdy.jpg	27725
2026-09-17T15:26:45+05:00	dsn/3c/8e/001/thumb/thumb0.png	23470
2026-09-17T15:26:45+05:00	dsn/3c/25/001/thumb/zagruzhennoe_8.jpg	13095
2026-09-17T15:26:45+05:00	dsn/3c/f7/001/misc_9264.png	6342
2026-09-17T15:26:46+05:00	dsn/3c/f7/001/thumb/misc_9264.png	6303
2026-09-17T15:26:46+05:00	dsn/3d/4a/001/emblem-favorites_9144.png	4634
2026-09-17T15:26:46+05:00	dsn/3d/4a/001/thumb/emblem-favorites_9144.png	4237
2026-09-17T15:26:46+05:00	dsn/3d/8c/001/thumb/tooltip.gif	12100
2026-09-17T15:26:46+05:00	dsn/3d/a2/001/screenshot_188.png	169368
2026-09-17T15:26:46+05:00	dsn/3d/a2/001/thumb/screenshot_188.png	45884
2026-09-17T15:26:47+05:00	dsn/3e/06/001/22_2.jpg	123467
2026-09-17T15:26:47+05:00	dsn/3e/06/001/thumb/22_2.jpg	8308
2026-09-17T15:26:47+05:00	dsn/3e/4d/001/thumb/screenshot_104.png	97920
2026-09-17T15:26:47+05:00	dsn/3f/25/001/thumb/screenshot_81.png	99925
2026-09-17T15:26:47+05:00	dsn/3f/90/001/thumb/menus_forsite.png	16695
2026-09-17T15:26:47+05:00	dsn/3f/93/001/thumb/48.jpg	8754
2026-09-17T15:26:48+05:00	dsn/3f/aa/001/thumb/samyi_malenkii_dvigatel_v12_-_youtube.png	41211
2026-09-17T15:26:48+05:00	dsn/3f/b2/001/thumb/maxresdefault.jpg	94029
2026-09-17T15:26:48+05:00	dsn/3f/bf/001/22_1.jpg	82473
2026-09-17T15:26:48+05:00	dsn/3f/bf/001/thumb/22_1.jpg	4446
2026-09-17T15:26:48+05:00	dsn/4a/47/001/thumb/1.png	5610
2026-09-17T15:26:49+05:00	dsn/4a/47/002/1.png	335263
2026-09-17T15:26:49+05:00	dsn/4a/47/002/thumb/1.png	30995
2026-09-17T15:26:49+05:00	dsn/4a/82/001/2_1.png	454306
2026-09-17T15:26:49+05:00	dsn/4a/82/001/thumb/2_1.png	29592
2026-09-17T15:26:49+05:00	dsn/4a/cd/001/thumb/disable-adblock5.png	67374
2026-09-17T15:26:49+05:00	dsn/4b/1c/001/cover.jpg	38569
2026-09-17T15:26:50+05:00	dsn/4b/1c/001/thumb/cover.jpg	6619
2026-09-17T15:26:50+05:00	dsn/4b/1c/002/thumb/cover.jpg	13860
2026-09-17T15:26:50+05:00	dsn/4b/23/001/thumb/buttonsswitches.jpg	21183
2026-09-17T15:26:50+05:00	dsn/4b/51/001/screenshot_17.png	190738
2026-09-17T15:26:50+05:00	dsn/4b/51/001/thumb/screenshot_17.png	43936
2026-09-17T15:26:50+05:00	dsn/4b/51/002/screenshot_17.png	308380
2026-09-17T15:26:51+05:00	dsn/4b/51/002/thumb/screenshot_17.png	16389
2026-09-17T15:26:51+05:00	dsn/4b/d1/001/thumb/versiya.png	97223
2026-09-17T15:26:51+05:00	dsn/4b/ee/001/thumb/2631464.jpg	11563
2026-09-17T15:26:51+05:00	dsn/4c/19/001/nina-dobrev.jpg	46233
2026-09-17T15:26:51+05:00	dsn/4c/19/001/thumb/nina-dobrev.jpg	2106
2026-09-17T15:26:51+05:00	dsn/4c/30/001/start-screen-customizer_thumb.png	230622
2026-09-17T15:26:52+05:00	dsn/4c/30/001/thumb/start-screen-customizer_thumb.png	33743
2026-09-17T15:26:52+05:00	dsn/4c/84/001/54494415.png	1741127
2026-09-17T15:26:52+05:00	dsn/4c/84/001/thumb/54494415.png	35957
2026-09-17T15:26:52+05:00	dsn/4c/d4/001/thumb/asinhronnaya-zagruzka-javascript.png	40275
2026-09-17T15:26:52+05:00	dsn/4c/d4/002/thumb/asinhronnaya-zagruzka-javascript.png	40275
2026-09-17T15:26:53+05:00	dsn/4d/1c/001/thumb/53_main.jpg	43484
2026-09-17T15:26:53+05:00	dsn/4d/9e/001/thumb/vinil.jpg	23508
2026-09-17T15:26:53+05:00	dsn/4d/9e/001/vinil.jpg	899918
2026-09-17T15:26:53+05:00	dsn/4d/72/001/thumb/pic12.jpg	13380
2026-09-17T15:26:53+05:00	dsn/4d/f1/001/thumb/9dc8bb58-664a-4ec5-b3f6-d4070c7f0568.jpg	29017
2026-09-17T15:26:53+05:00	dsn/4e/21/001/thumb/404.gif	94200
2026-09-17T15:26:54+05:00	dsn/4e/78/001/image_2.jpg	20661
2026-09-17T15:26:54+05:00	dsn/4e/78/001/thumb/image_2.jpg	2442
2026-09-17T15:26:54+05:00	dsn/4e/cb/001/screenshot_22h_52m_44s.jpg	311227
2026-09-17T15:26:54+05:00	dsn/4e/cb/001/thumb/screenshot_22h_52m_44s.jpg	17790
2026-09-17T15:26:54+05:00	dsn/4f/e1/001/pr_866_img_5692-500x500.jpg	28820
2026-09-17T15:26:54+05:00	dsn/4f/e1/001/thumb/pr_866_img_5692-500x500.jpg	3071
2026-09-17T15:26:55+05:00	dsn/4f/fd/001/frama4.jpg	19204
2026-09-17T15:26:55+05:00	dsn/4f/fd/001/thumb/frama4.jpg	2093
2026-09-17T15:26:55+05:00	dsn/4f/fe/001/android-icon-48x48.png	4392
2026-09-17T15:26:55+05:00	dsn/4f/fe/001/thumb/android-icon-48x48.png	3883
2026-09-17T15:26:55+05:00	dsn/4f/fe/002/android-icon-48x48.png	4392
2026-09-17T15:26:55+05:00	dsn/4f/fe/002/thumb/android-icon-48x48.png	3883
2026-09-17T15:26:56+05:00	dsn/5a/0f/001/madzhong_pasyans_dlya_android.png	213572
2026-09-17T15:26:56+05:00	dsn/5a/0f/001/thumb/madzhong_pasyans_dlya_android.png	40827
2026-09-17T15:26:56+05:00	dsn/5a/9f/001/screenshot_36.png	33034
2026-09-17T15:26:56+05:00	dsn/5a/9f/001/thumb/screenshot_36.png	17622
2026-09-17T15:26:56+05:00	dsn/5a/30/001/na_raione_-_glavnaya_stranica.png	305879
2026-09-17T15:26:56+05:00	dsn/5a/30/001/thumb/na_raione_-_glavnaya_stranica.png	118992
2026-09-17T15:26:57+05:00	dsn/5a/48/001/3022088.png	68298
2026-09-17T15:26:57+05:00	dsn/5a/91/001/thumb/2014.jpg	27964
2026-09-17T15:26:57+05:00	dsn/5a/af/001/fs.jpg	25380
2026-09-17T15:26:57+05:00	dsn/5a/af/001/thumb/fs.jpg	4421
2026-09-17T15:26:57+05:00	dsn/5a/ef/001/thumb/htaccess.jpg	7193
2026-09-17T15:26:57+05:00	dsn/5b/06/001/thumb/depositphotos_124968308-stock-illustration-https-protocol-safe-and-secure.jpg	35262
2026-09-17T15:26:58+05:00	dsn/5b/d5/001/skaner4.jpg	15953
2026-09-17T15:26:58+05:00	dsn/5b/d5/001/thumb/skaner4.jpg	1917
2026-09-17T15:26:58+05:00	dsn/5b/e4/001/thumb/v_detstve_ya_molil_boga_o_velosipede_.png	85313
2026-09-17T15:26:58+05:00	dsn/5b/e4/001/v_detstve_ya_molil_boga_o_velosipede_.png	232025
2026-09-17T15:26:58+05:00	dsn/5c/1a/001/prisvaevaem_znachenie_parametru.png	60856
2026-09-17T15:26:58+05:00	dsn/5c/1a/001/thumb/prisvaevaem_znachenie_parametru.png	13962
2026-09-17T15:26:59+05:00	dsn/5c/4e/001/thumb/chekboks.gif	6741
2026-09-17T15:26:59+05:00	dsn/5c/5d/001/avatar-exclusive-wallpapers.jpg	94924
2026-09-17T15:26:59+05:00	dsn/5c/5d/001/thumb/avatar-exclusive-wallpapers.jpg	3461
2026-09-17T15:26:59+05:00	dsn/5c/db/001/thumb/css3fullscreenslideshow.jpg	10666
2026-09-17T15:26:59+05:00	dsn/5c/e6/001/6ae0787581d06b19be66.jpg	77085
2026-09-17T15:27:00+05:00	dsn/5c/e6/001/thumb/6ae0787581d06b19be66.jpg	7380
2026-09-17T15:27:00+05:00	dsn/5d/91/001/thumb/screenshot_5.png	100789
2026-09-17T15:27:00+05:00	dsn/5d/91/002/thumb/screenshot_5.png	103844
2026-09-17T15:27:00+05:00	dsn/5d/96/001/thumb/smena_fona.jpg	23843
2026-09-17T15:27:00+05:00	dsn/5d/d0/001/2_3.png	182370
2026-09-17T15:27:00+05:00	dsn/5d/d0/001/thumb/2_3.png	19325
2026-09-17T15:28:09+05:00	dsn/7c/a3/001/81330918.png	1665271
2026-09-17T15:28:09+05:00	dsn/23/53/001/unnamed_2.png	1972930
2026-09-17T15:28:10+05:00	dsn/50/ef/001/unnamedcaevva4s.png	1417263
2026-09-17T15:28:10+05:00	dsn/51/bc/001/91965283.png	1339539
2026-09-17T15:28:10+05:00	dsn/68/9b/001/unnamedca5k8tuz.png	1308658
2026-09-17T15:28:10+05:00	dsn/aa/55/001/teksturnye_fotografii_ukrainskogo_podvizhnogo_sostava_-_glavnaya_stranica1.png	1070040
2026-09-17T15:28:10+05:00	dsn/c4/af/001/airena_wallapack_133_21.jpg	1091903
2026-09-17T15:28:10+05:00	dsn/da/cf/001/unnamed.png	1623123
2026-09-17T15:28:11+05:00	files/default/winner_computer_launcher_prostoapk.apk	8423812
2026-09-17T15:28:11+05:00	images/3d/3dgrafics_107.jpg	1390714
2026-09-17T15:28:11+05:00	images/3d/3dgrafics_108.jpg	1753660
2026-09-17T15:28:11+05:00	images/3d/145113-mersedes_benc_e_klass-mercedes_benz_cla_class-avtomobil_srednego_razmera-superkar-mercedes_benz-1080x1920.jpg	1164371
2026-09-17T15:28:11+05:00	images/3d/kosmos_44.jpg	4595432
2026-09-17T15:28:11+05:00	images/3d/kosmos_45.jpg	4547422
2026-09-17T15:28:12+05:00	images/abstraktnye/abstract_1.jpg	1472847
2026-09-17T15:28:12+05:00	images/abstraktnye/abstract_2.jpg	1226804
2026-09-17T15:28:12+05:00	images/abstraktnye/abstract_3.jpg	1339575
2026-09-17T15:28:12+05:00	images/abstraktnye/abstract_4.jpg	1763722
2026-09-17T15:28:12+05:00	images/abstraktnye/abstract_5.jpg	1458275
2026-09-17T15:28:12+05:00	images/abstraktnye/abstract_7.jpg	1817109
2026-09-17T15:28:13+05:00	images/abstraktnye/abstract_8.jpg	1705028
2026-09-17T15:28:13+05:00	images/abstraktnye/abstract_9.jpg	2064294
2026-09-17T15:28:13+05:00	images/abstraktnye/abstract_11.jpg	1384367
2026-09-17T15:28:13+05:00	images/arhitektura/architecture_26.jpg	2049908
2026-09-17T15:28:13+05:00	images/arhitektura/img13.jpg	1231580
2026-09-17T15:28:13+05:00	images/arhitektura/img14.jpg	1526083
2026-09-17T15:28:14+05:00	images/arhitektura/img15.jpg	1492201
2026-09-17T15:28:14+05:00	images/arhitektura/img16.jpg	1236846
2026-09-17T15:28:14+05:00	images/arhitektura/img17.jpg	1388763
2026-09-17T15:28:14+05:00	images/default/images/3e4a5f5d0e71181ac46f3b3800854d5a(1).gif	1333926
2026-09-17T15:28:14+05:00	images/default/images/3e4a5f5d0e71181ac46f3b3800854d5a.gif	1333926
2026-09-17T15:28:14+05:00	images/devushki/213_wpyu_devushki.jpg	1164336
2026-09-17T15:28:15+05:00	images/devushki/girls_177.jpg	1150048
2026-09-17T15:28:15+05:00	images/devushki/girls_178.jpg	1263196
2026-09-17T15:28:15+05:00	images/devushki/girls_187.jpg	1884284
2026-09-17T15:28:15+05:00	images/devushki/girls_250.jpg	1549956
2026-09-17T15:28:15+05:00	images/fentazi/climbing_by_fel_x-d33g34l.jpg	1576572
2026-09-17T15:28:15+05:00	images/fentazi/ella_by_niltrace.jpg	1161111
2026-09-17T15:28:16+05:00	images/fentazi/eruption_by_fel_x.jpg	1419812
2026-09-17T15:28:16+05:00	images/fentazi/fog_over_the_water_by_fel_x-d484h3m.jpg	1293521
2026-09-17T15:28:16+05:00	images/fentazi/forest_by_blinck.jpg	1082034
2026-09-17T15:28:16+05:00	images/fentazi/forest_home_by_unidcolor-d3kfmjd.jpg	4798818
2026-09-17T15:28:16+05:00	images/fentazi/glacier_valley_by_dimarinski-d4xf4wq.jpg	1079505
2026-09-17T15:28:16+05:00	images/fentazi/goat_by_fel_x.jpg	1237643
2026-09-17T15:28:17+05:00	images/fentazi/home_by_blinck-d4zgxnx.jpg	1079422
2026-09-17T15:28:17+05:00	images/fentazi/indian_by_fel_x-d4i98h2.jpg	1407537
2026-09-17T15:28:17+05:00	images/fentazi/in_the_tropics_by_fel_x.jpg	1334980
2026-09-17T15:28:17+05:00	images/fentazi/islands_by_fel_x-d45o7l7.jpg	1210095
2026-09-17T15:28:17+05:00	images/fentazi/lake_by_fel_x-d4yvb4m.jpg	1204012
2026-09-17T15:28:17+05:00	images/fentazi/mist_valley_by_unidcolor-d468eca.jpg	1237995
2026-09-17T15:28:18+05:00	images/fentazi/mountain_landscape_by_fel_x-d4y3nmy.jpg	1651016
2026-09-17T15:28:18+05:00	images/fentazi/mountain_landscape_by_fel_x-d49kpfu.jpg	1815839
2026-09-17T15:28:18+05:00	images/fentazi/near_the_castle_by_fel_x-d4as906.jpg	1849936
2026-09-17T15:28:18+05:00	images/fentazi/night_over_water_by_fel_x-d3gub1b.jpg	1354126
2026-09-17T15:28:18+05:00	images/fentazi/night_scene_in_the_moonlight_by_fel_x.jpg	1070918
2026-09-17T15:28:18+05:00	images/fentazi/old_trees_by_fel_x-d4uwrcp.jpg	1447963
2026-09-17T15:28:19+05:00	images/fentazi/old_tree_by_fel_x-d60230e.jpg	1798273
2026-09-17T15:28:19+05:00	images/fentazi/winter_sunset_by_fel_x-d5pp5f0.jpg	1195498
2026-09-17T15:28:19+05:00	images/fony/fone_14.jpg	1232688
2026-09-17T15:28:19+05:00	images/fony/fone_42.jpg	1322493
2026-09-17T15:28:19+05:00	images/igry/by_mr_dinomit_35.jpg	1289966
2026-09-17T15:28:19+05:00	images/igry/games_1.jpg	1940916
2026-09-17T15:28:20+05:00	images/igry/games_127.jpg	2469917
2026-09-17T15:28:20+05:00	images/igry/games_128.jpg	1267787
2026-09-17T15:28:20+05:00	images/igry/games_158.jpg	2015896
2026-09-17T15:28:20+05:00	images/kosmos/kosmos_44.jpg	4595432
2026-09-17T15:28:20+05:00	images/kosmos/kosmos_45.jpg	4547422
2026-09-17T15:28:21+05:00	images/kosmos/kosmos_46.jpg	4539240
2026-09-17T15:28:21+05:00	images/kosmos/kosmos_47.jpg	4416446
2026-09-17T15:28:21+05:00	images/kosmos/kosmos_48.jpg	4227840
2026-09-17T15:28:21+05:00	images/kosmos/kosmos_49.jpg	4209585
2026-09-17T15:28:21+05:00	images/kosmos/kosmos_50.jpg	4143963
2026-09-17T15:28:21+05:00	images/kosmos/kosmos_51.jpg	4123838
2026-09-17T15:28:22+05:00	images/kosmos/kosmos_52.jpg	4086812
2026-09-17T15:28:22+05:00	images/kosmos/kosmos_53.jpg	3981950
2026-09-17T15:28:22+05:00	images/kosmos/kosmos_54.jpg	3970245
2026-09-17T15:28:22+05:00	images/kosmos/kosmos_55.jpg	3962713
2026-09-17T15:28:22+05:00	images/kosmos/kosmos_56.jpg	3942414
2026-09-17T15:28:22+05:00	images/kosmos/kosmos_57.jpg	3893509
2026-09-17T15:28:23+05:00	images/kosmos/kosmos_58.jpg	3619903
2026-09-17T15:28:23+05:00	images/kosmos/kosmos_59.jpg	3615955
2026-09-17T15:28:23+05:00	images/kosmos/kosmos_60.jpg	3608609
2026-09-17T15:28:23+05:00	images/kosmos/kosmos_61.jpg	3604695
2026-09-17T15:28:23+05:00	images/kosmos/kosmos_62.jpg	3574591
2026-09-17T15:28:23+05:00	images/kosmos/kosmos_63.jpg	3571706
2026-09-17T15:28:24+05:00	images/kosmos/kosmos_64.jpg	3550230
2026-09-17T15:28:24+05:00	images/kosmos/kosmos_65.jpg	3541078
2026-09-17T15:28:24+05:00	images/kosmos/kosmos_66.jpg	3526689
2026-09-17T15:28:24+05:00	images/kosmos/kosmos_67.jpg	3503679
2026-09-17T15:28:25+05:00	images/kosmos/kosmos_68.jpg	3483656
2026-09-17T15:28:25+05:00	images/kosmos/kosmos_69.jpg	3477513
2026-09-17T15:28:25+05:00	images/kosmos/kosmos_70.jpg	3475028
2026-09-17T15:28:25+05:00	images/kosmos/kosmos_71.jpg	3468379
2026-09-17T15:28:25+05:00	images/kosmos/kosmos_72.jpg	3434400
2026-09-17T15:28:25+05:00	images/kosmos/kosmos_73.jpg	3433358
2026-09-17T15:28:26+05:00	images/kosmos/kosmos_74.jpg	3430051
2026-09-17T15:28:26+05:00	images/kosmos/kosmos_75.jpg	3387816
2026-09-17T15:28:26+05:00	images/kosmos/kosmos_76.jpg	3364381
2026-09-17T15:28:26+05:00	images/kosmos/kosmos_77.jpg	3348699
2026-09-17T15:28:26+05:00	images/kosmos/kosmos_78.jpg	3347177
2026-09-17T15:28:26+05:00	images/kosmos/kosmos_79.jpg	3342232
2026-09-17T15:28:27+05:00	images/kosmos/kosmos_80.jpg	3274792
2026-09-17T15:28:27+05:00	images/kosmos/kosmos_81.jpg	3250563
2026-09-17T15:28:27+05:00	images/kosmos/kosmos_82.jpg	3235143
2026-09-17T15:28:27+05:00	images/kosmos/kosmos_83.jpg	3190422
2026-09-17T15:28:27+05:00	images/kosmos/kosmos_84.jpg	3185531
2026-09-17T15:28:27+05:00	images/kosmos/kosmos_85.jpg	3149182
2026-09-17T15:28:28+05:00	images/kosmos/kosmos_86.jpg	3097158
2026-09-17T15:28:28+05:00	images/kosmos/kosmos_87.jpg	3091387
2026-09-17T15:28:28+05:00	images/kosmos/kosmos_88.jpg	3061505
2026-09-17T15:28:28+05:00	images/kosmos/kosmos_89.jpg	3043699
2026-09-17T15:28:28+05:00	images/kosmos/kosmos_90.jpg	3035517
2026-09-17T15:28:28+05:00	images/kosmos/kosmos_91.jpg	3024442
2026-09-17T15:28:29+05:00	images/kosmos/kosmos_92.jpg	3001728
2026-09-17T15:28:29+05:00	images/kosmos/kosmos_93.jpg	2993018
2026-09-17T15:28:29+05:00	images/kosmos/kosmos_94.jpg	2987910
2026-09-17T15:28:29+05:00	images/kosmos/kosmos_95.jpg	2966104
2026-09-17T15:28:29+05:00	images/kosmos/kosmos_96.jpg	2938687
2026-09-17T15:28:29+05:00	images/kosmos/kosmos_97.jpg	2880627
2026-09-17T15:28:30+05:00	images/kosmos/kosmos_98.jpg	2809127
2026-09-17T15:28:30+05:00	images/kosmos/kosmos_99.jpg	2774360
2026-09-17T15:28:30+05:00	images/kosmos/kosmos_100.jpg	2734239
2026-09-17T15:28:30+05:00	images/kosmos/kosmos_101.jpg	2677474
2026-09-17T15:28:30+05:00	images/kosmos/kosmos_102.jpg	2674800
2026-09-17T15:28:30+05:00	images/kosmos/kosmos_103.jpg	2650602
2026-09-17T15:28:31+05:00	images/kosmos/kosmos_104.jpg	2610186
2026-09-17T15:28:31+05:00	images/kosmos/kosmos_105.jpg	2593722
2026-09-17T15:28:31+05:00	images/kosmos/kosmos_106.jpg	2570131
2026-09-17T15:28:31+05:00	images/kosmos/kosmos_107.jpg	2527457
2026-09-17T15:28:31+05:00	images/kosmos/kosmos_108.jpg	2524623
2026-09-17T15:28:31+05:00	images/kosmos/kosmos_109.jpg	2489382
2026-09-17T15:28:32+05:00	images/kosmos/kosmos_110.jpg	2479812
2026-09-17T15:28:32+05:00	images/kosmos/kosmos_111.jpg	2454714
2026-09-17T15:28:32+05:00	images/kosmos/kosmos_112.jpg	2419238
2026-09-17T15:28:32+05:00	images/kosmos/kosmos_113.jpg	2417859
2026-09-17T15:28:32+05:00	images/kosmos/kosmos_114.jpg	2404303
2026-09-17T15:28:32+05:00	images/kosmos/kosmos_115.jpg	2395015
2026-09-17T15:28:33+05:00	images/kosmos/kosmos_116.jpg	2361077
2026-09-17T15:28:33+05:00	images/kosmos/kosmos_117.jpg	2359419
2026-09-17T15:28:33+05:00	images/kosmos/kosmos_118.jpg	2357875
2026-09-17T15:28:33+05:00	images/kosmos/kosmos_119.jpg	2336684
2026-09-17T15:28:33+05:00	images/kosmos/kosmos_120.jpg	2217742
2026-09-17T15:28:33+05:00	images/kosmos/kosmos_121.jpg	2209248
2026-09-17T15:28:34+05:00	images/kosmos/kosmos_122.jpg	2165280
2026-09-17T15:28:34+05:00	images/kosmos/kosmos_123.jpg	2092660
2026-09-17T15:28:34+05:00	images/kosmos/kosmos_124.jpg	2019460
2026-09-17T15:28:34+05:00	images/kosmos/kosmos_125.jpg	1976923
2026-09-17T15:28:34+05:00	images/kosmos/kosmos_126.jpg	1952369
2026-09-17T15:28:35+05:00	images/kosmos/kosmos_127.jpg	1924124
2026-09-17T15:28:35+05:00	images/kosmos/kosmos_128.jpg	1901384
2026-09-17T15:28:35+05:00	images/kosmos/kosmos_129.jpg	1892074
2026-09-17T15:28:35+05:00	images/kosmos/kosmos_130.jpg	1841730
2026-09-17T15:28:35+05:00	images/kosmos/kosmos_131.jpg	1836600
2026-09-17T15:28:35+05:00	images/kosmos/kosmos_132.jpg	1810758
2026-09-17T15:28:36+05:00	images/kosmos/kosmos_133.jpg	1776554
2026-09-17T15:28:36+05:00	images/kosmos/kosmos_134.jpg	1774613
2026-09-17T15:28:36+05:00	images/kosmos/kosmos_135.jpg	1755143
2026-09-17T15:28:36+05:00	images/kosmos/kosmos_136.jpg	1751645
2026-09-17T15:28:36+05:00	images/kosmos/kosmos_137.jpg	1732194
2026-09-17T15:28:36+05:00	images/kosmos/kosmos_138.jpg	1678664
2026-09-17T15:28:37+05:00	images/kosmos/kosmos_139.jpg	1675791
2026-09-17T15:28:37+05:00	images/kosmos/kosmos_140.jpg	1627480
2026-09-17T15:28:37+05:00	images/kosmos/kosmos_141.jpg	1578056
2026-09-17T15:28:37+05:00	images/kosmos/kosmos_142.jpg	1434250
2026-09-17T15:28:37+05:00	images/kosmos/kosmos_143.jpg	1367010
2026-09-17T15:28:37+05:00	images/kosmos/kosmos_180.jpg	1585343
2026-09-17T15:28:38+05:00	images/kosmos/kosmos_258.jpg	1085535
2026-09-17T15:28:38+05:00	images/priroda/0efphz-winter-snow-field.jpg	1235570
2026-09-17T15:28:38+05:00	images/priroda/000.jpg	2002196
2026-09-17T15:28:38+05:00	images/priroda/natura_3.bmp	1440054
2026-09-17T15:28:38+05:00	images/priroda/natura_4.bmp	1440054
2026-09-17T15:28:38+05:00	images/priroda/natura_5.bmp	1440054
2026-09-17T15:28:39+05:00	images/priroda/natura_6.bmp	1440054
2026-09-17T15:28:39+05:00	images/priroda/natura_7.bmp	1440054
2026-09-17T15:28:39+05:00	images/priroda/natura_8.bmp	1440054
2026-09-17T15:28:39+05:00	images/priroda/natura_14.jpg	1436115
2026-09-17T15:28:39+05:00	images/priroda/natura_72.jpg	1491245
2026-09-17T15:28:39+05:00	images/priroda/natura_81.jpg	1388823
2026-09-17T15:28:40+05:00	images/priroda/natura_84.jpg	1260316
2026-09-17T15:28:40+05:00	images/priroda/natura_87.jpg	1132937
2026-09-17T15:28:40+05:00	images/priroda/natura_89.jpg	1429016
2026-09-17T15:28:40+05:00	images/priroda/natura_117.jpg	1157109
2026-09-17T15:28:40+05:00	images/priroda/natura_125.jpg	1745041
2026-09-17T15:28:40+05:00	images/priroda/natura_133.jpg	1207111
2026-09-17T15:28:41+05:00	images/priroda/natura_135.jpg	1378065
2026-09-17T15:28:41+05:00	images/priroda/natura_155.jpg	1202976
2026-09-17T15:28:41+05:00	images/priroda/natura_157.jpg	1713176
2026-09-17T15:28:41+05:00	images/priroda/natura_165.jpg	2174838
2026-09-17T15:28:41+05:00	images/priroda/natura_167.jpg	2661494
2026-09-17T15:28:41+05:00	images/priroda/natura_168.jpg	1304436
2026-09-17T15:28:41+05:00	images/priroda/natura_170.jpg	2139740
2026-09-17T15:28:42+05:00	images/priroda/natura_171.jpg	1855717
2026-09-17T15:28:42+05:00	images/priroda/natura_174.jpg	1550348
2026-09-17T15:28:42+05:00	images/priroda/natura_176.jpg	1813844
2026-09-17T15:28:42+05:00	images/priroda/natura_186.jpg	1276022
2026-09-17T15:28:42+05:00	images/priroda/natura_198.jpg	1171574
2026-09-17T15:28:42+05:00	images/priroda/natura_207.jpg	1559189
2026-09-17T15:28:43+05:00	images/priroda/natura_220.jpg	1354021
2026-09-17T15:28:43+05:00	images/priroda/natura_224.jpg	1249629
2026-09-17T15:28:43+05:00	images/priroda/natura_226.jpg	1436771
2026-09-17T15:30:07+05:00	images/priroda/natura_228.jpg	1533947
2026-09-17T15:30:07+05:00	images/priroda/natura_230.jpg	2187609
2026-09-17T15:30:07+05:00	images/priroda/natura_241.jpg	1309143
2026-09-17T15:30:08+05:00	images/priroda/natura_245.jpg	2905371
2026-09-17T15:30:08+05:00	images/priroda/natura_291.jpg	1744609
2026-09-17T15:30:08+05:00	images/priroda/natura_294.jpg	2318204
2026-09-17T15:30:08+05:00	images/priroda/natura_300.jpg	1184679
2026-09-17T15:30:08+05:00	images/priroda/natura_302.jpg	1299199
2026-09-17T15:30:08+05:00	images/priroda/natura_308.jpg	1102171
2026-09-17T15:30:09+05:00	images/priroda/natura_316.jpg	1290734
2026-09-17T15:30:09+05:00	images/priroda/natura_320.jpg	1195229
2026-09-17T15:30:09+05:00	images/priroda/natura_322.jpg	1844402
2026-09-17T15:30:09+05:00	images/priroda/natura_342.jpg	1429436
2026-09-17T15:30:09+05:00	images/priroda/natura_346.jpg	2461424
2026-09-17T15:30:09+05:00	images/priroda/natura_352.jpg	1596217
2026-09-17T15:30:10+05:00	images/priroda/natura_354.jpg	1897476
2026-09-17T15:30:10+05:00	images/priroda/natura_360.jpg	1148790
2026-09-17T15:30:10+05:00	images/priroda/natura_368.jpg	1768320
2026-09-17T15:30:10+05:00	images/priroda/natura_370.jpg	1595148
2026-09-17T15:30:10+05:00	images/priroda/natura_372.jpg	1094194
2026-09-17T15:30:10+05:00	images/priroda/natura_378.jpg	1612834
2026-09-17T15:30:11+05:00	images/priroda/natura_381.jpg	2239451
2026-09-17T15:30:11+05:00	images/priroda/natura_385.jpg	1080765
2026-09-17T15:30:11+05:00	images/priroda/natura_389.jpg	1137069
2026-09-17T15:30:11+05:00	images/priroda/natura_391.jpg	1079376
2026-09-17T15:30:11+05:00	images/priroda/natura_393.jpg	1553789
2026-09-17T15:30:11+05:00	images/priroda/natura_395.jpg	1936612
2026-09-17T15:30:12+05:00	images/priroda/natura_401.jpg	1729607
2026-09-17T15:30:12+05:00	images/priroda/natura_407.jpg	2814735
2026-09-17T15:30:12+05:00	images/priroda/natura_420.jpg	1097298
2026-09-17T15:30:12+05:00	images/priroda/natura_422.jpg	1428006
2026-09-17T15:30:12+05:00	images/priroda/natura_426.jpg	1243462
2026-09-17T15:30:12+05:00	images/priroda/natura_432.jpg	1184287
2026-09-17T15:30:13+05:00	images/priroda/natura_438.jpg	1948896
2026-09-17T15:30:13+05:00	images/priroda/natura_442.jpg	2085633
2026-09-17T15:30:13+05:00	images/priroda/natura_444.jpg	2144825
2026-09-17T15:30:13+05:00	images/priroda/natura_450.jpg	1529837
2026-09-17T15:30:13+05:00	images/priroda/natura_452.jpg	2925510
2026-09-17T15:30:13+05:00	images/priroda/natura_457.jpg	2274913
2026-09-17T15:30:14+05:00	images/priroda/natura_459.jpg	1122228
2026-09-17T15:30:14+05:00	images/priroda/natura_460.jpg	1994551
2026-09-17T15:30:14+05:00	images/priroda/natura_464.jpg	1252979
2026-09-17T15:30:14+05:00	images/priroda/natura_465.jpg	1915008
2026-09-17T15:30:14+05:00	images/priroda/natura_466.jpg	1722224
2026-09-17T15:30:14+05:00	images/priroda/natura_468.jpg	1738238
2026-09-17T15:30:15+05:00	images/priroda/natura_470.jpg	1193581
2026-09-17T15:30:15+05:00	images/priroda/natura_471.jpg	1221132
2026-09-17T15:30:15+05:00	images/priroda/natura_475.jpg	1287256
2026-09-17T15:30:15+05:00	images/priroda/natura_483.jpg	1226051
2026-09-17T15:30:15+05:00	images/priroda/natura_491.jpg	1203125
2026-09-17T15:30:15+05:00	images/priroda/natura_492.jpg	2566182
2026-09-17T15:30:16+05:00	images/priroda/natura_495.jpg	1249692
2026-09-17T15:30:16+05:00	images/priroda/natura_496.jpg	1534348
2026-09-17T15:30:16+05:00	images/priroda/natura_497.jpg	1281073
2026-09-17T15:30:16+05:00	images/priroda/natura_499.jpg	1294010
2026-09-17T15:30:16+05:00	images/tekstury/computerdesktopwallpaperscollection444_020.jpg	1547623
2026-09-17T15:30:16+05:00	images/tekstury/computerdesktopwallpaperscollection444_097.jpg	1753660
2026-09-17T15:30:17+05:00	images/transport/1_3.jpg	1140019
2026-09-17T15:30:17+05:00	images/transport/auto_1.bmp	1179702
2026-09-17T15:30:17+05:00	images/transport/auto_1.png	3083068
2026-09-17T15:30:17+05:00	images/transport/auto_2.bmp	1622754
2026-09-17T15:30:17+05:00	images/transport/auto_4.bmp	1612742
2026-09-17T15:30:17+05:00	images/transport/auto_6.bmp	2353206
2026-09-17T15:30:18+05:00	images/transport/auto_8.jpg	1140019
2026-09-17T15:30:18+05:00	images/transport/chevrolet_camaro_1__6.jpg	1152371
2026-09-17T15:30:18+05:00	images/zveri/animals_4.jpg	1541753
2026-09-17T15:30:18+05:00	images/zveri/animals_76.jpg	1081073
2026-09-17T15:30:18+05:00	images/zveri/animals_77.jpg	1508456
2026-09-17T15:30:19+05:00	images/zveri/animals_78.jpg	1785938
2026-09-17T15:30:19+05:00	images/zveri/animals_119.jpg	1198261
2026-09-17T15:30:19+05:00	images/zveri/animals_151.jpg	5040876
2026-09-17T15:30:19+05:00	images/zveri/animals_152.jpg	5000207
2026-09-17T15:30:19+05:00	images/zveri/animals_153.jpg	4585093
2026-09-17T15:30:19+05:00	images/zveri/animals_154.jpg	3573616
2026-09-17T15:30:20+05:00	images/zveri/animals_155.jpg	4580618
2026-09-17T15:30:20+05:00	images/zveri/animals_162.jpg	1380596
2026-09-17T15:30:20+05:00	images/zveri/animals_166.jpg	1465909
2026-09-17T15:30:20+05:00	images/zveri/animals_167.jpg	1596211
2026-09-17T15:30:20+05:00	images/zveri/animals_168.jpg	1742848
2026-09-17T15:30:20+05:00	images/zveri/animals_169.jpg	2272295
2026-09-17T15:30:21+05:00	images/zveri/animals_170.jpg	1552337
2026-09-17T15:30:21+05:00	images/zveri/animals_171.jpg	1337474
2026-09-17T15:30:21+05:00	images/zveri/animals_172.jpg	1164165
2026-09-17T15:30:21+05:00	images/zveri/animals_173.jpg	1222303
2026-09-17T15:30:21+05:00	images/zveri/animals_178.jpg	2473356
2026-09-17T15:30:21+05:00	images/zveri/animals_179.jpg	1490777
2026-09-17T15:30:22+05:00	images/zveri/animals_180.jpg	2292282
2026-09-17T15:30:22+05:00	images/zveri/animals_181.jpg	1596888
2026-09-17T15:30:22+05:00	images/zveri/animals_190.jpg	1607324
2026-09-17T15:30:22+05:00	images/zveri/animals_192.jpg	1817731
2026-09-17T15:30:22+05:00	images/zveri/animals_194.jpg	2429427
2026-09-17T15:30:23+05:00	images/zveri/animals_195.jpg	1089389
2026-09-17T15:30:23+05:00	images/zveri/animals_196.jpg	1223055
2026-09-17T15:30:23+05:00	images/zveri/cat_3.jpg	1198261
2026-09-17T15:30:58+05:00	dsn/5d/d8/001/screenshot_8.png	146030
2026-09-17T15:30:59+05:00	dsn/5d/d8/001/thumb/screenshot_8.png	16205
2026-09-17T15:30:59+05:00	dsn/5d/fe/001/thumb/screenshot_16.png	63029
2026-09-17T15:30:59+05:00	dsn/5d/fe/002/screenshot_16.png	269222
2026-09-17T15:30:59+05:00	dsn/5d/fe/002/thumb/screenshot_16.png	14942
2026-09-17T15:30:59+05:00	dsn/5e/3c/001/thumb/images_3.jpg	8363
2026-09-17T15:30:59+05:00	dsn/5e/3c/002/thumb/images_3.jpg	8578
2026-09-17T15:31:00+05:00	dsn/5f/0f/001/4446.jpg	36666
2026-09-17T15:31:00+05:00	dsn/5f/0f/001/thumb/4446.jpg	2794
2026-09-17T15:31:00+05:00	dsn/5f/5f/001/s_gifmecamera_icon2.jpg	16857
2026-09-17T15:31:00+05:00	dsn/5f/5f/001/thumb/s_gifmecamera_icon2.jpg	3437
2026-09-17T15:31:00+05:00	dsn/5f/70/001/thumb/tortoisesvn_logo_hor468x64_f2a24201.png	9683
2026-09-17T15:31:00+05:00	dsn/5f/f5/001/images_19.jpg	9915
2026-09-17T15:31:01+05:00	dsn/5f/f5/001/thumb/images_19.jpg	6785
2026-09-17T15:31:01+05:00	dsn/6a/d4/001/thumb/screenshot_10.png	58410
2026-09-17T15:31:01+05:00	dsn/6b/91/001/thumb/dengi.jpg	27415
2026-09-17T15:31:01+05:00	dsn/6b/c7/001/image_44.jpg	66340
2026-09-17T15:31:01+05:00	dsn/6b/c7/001/thumb/image_44.jpg	11055
2026-09-17T15:31:01+05:00	dsn/6b/f0/001/s_unnamedfxr2b9ob.png	143751
2026-09-17T15:31:02+05:00	dsn/6b/f0/001/thumb/s_unnamedfxr2b9ob.png	28396
2026-09-17T15:31:02+05:00	dsn/6c/4e/001/thumb/redaktor_html_koda_dlya_proverki_-_skript_dlya_saita_-_25_iyulya_2012_-_skripty_d.png	29934
2026-09-17T15:31:02+05:00	dsn/6c/7e/001/thumb/font-awesome.png	107297
2026-09-17T15:31:02+05:00	dsn/6c/20/001/thumb/kcfinder2.gif	32258
2026-09-17T15:31:02+05:00	dsn/6c/65/001/thumb/udalenie_dublei_stranic.png	144194
2026-09-17T15:31:02+05:00	dsn/6c/a5/001/csht10.png	4149
2026-09-17T15:31:03+05:00	dsn/6c/c1/001/thumb/screenshot_14.png	94096
2026-09-17T15:31:03+05:00	dsn/6c/fe/001/thumb/veb-dizajn.jpg	82137
2026-09-17T15:31:03+05:00	dsn/6d/2b/002/thumb/2316.png	16736
2026-09-17T15:31:03+05:00	dsn/6d/7f/001/thumb/oboi_na_rabochii_stol_-_my_soft.png	98009
2026-09-17T15:31:03+05:00	dsn/6d/7f/002/thumb/oboi_na_rabochii_stol_-_my_soft.png	98009
2026-09-17T15:31:03+05:00	dsn/6d/41/001/1487943887318.jpg	28777
2026-09-17T15:31:03+05:00	dsn/6d/53/001/3184357.png	44879
2026-09-17T15:31:04+05:00	dsn/6d/95/001/thumb/3015178-slide-bootstrap.png	18032
2026-09-17T15:31:04+05:00	dsn/6d/a6/001/screenshot_37.png	80833
2026-09-17T15:31:04+05:00	dsn/6d/a6/001/thumb/screenshot_37.png	19980
2026-09-17T15:31:04+05:00	dsn/6d/d5/001/thumb/skachat_dle_hak_sliderelated_-_pohozhie_novosti_v_slide_box__dmitry_dark5ider_-_blog_besplatno.png	82372
2026-09-17T15:31:04+05:00	dsn/6e/51/001/thumb/megasound.png	52393
2026-09-17T15:31:05+05:00	dsn/6e/b3/001/thumb/707cf7fe15f1c0901605150e31a9bcf4.png	52723
2026-09-17T15:31:05+05:00	dsn/6f/19/001/thumb/animatedbooks_011.png	44209
2026-09-17T15:31:05+05:00	dsn/6f/43/001/thumb/screenshot_42.png	119356
2026-09-17T15:31:05+05:00	dsn/6f/77/001/lake_weatherhd___ozero_pogoda_hd_dlya_android.jpeg	30139
2026-09-17T15:31:05+05:00	dsn/6f/77/001/thumb/lake_weatherhd___ozero_pogoda_hd_dlya_android.jpeg	2659
2026-09-17T15:31:05+05:00	dsn/6f/d1/001/thumb/images_13.jpg	24540
2026-09-17T15:31:06+05:00	dsn/7a/8d/001/thumb/clickeffect.gif	3621
2026-09-17T15:31:06+05:00	dsn/7a/83/001/s_unnamed1_2.jpg	17216
2026-09-17T15:31:06+05:00	dsn/7a/83/001/thumb/s_unnamed1_2.jpg	3559
2026-09-17T15:31:06+05:00	dsn/7b/0e/001/thumb/warrior_chess_dlya_android1.png	51829
2026-09-17T15:31:06+05:00	dsn/7b/0e/001/warrior_chess_dlya_android1.png	920195
2026-09-17T15:31:06+05:00	dsn/7b/5c/001/thumb/korzina.jpg	69272
2026-09-17T15:31:07+05:00	dsn/7b/7a/001/images_28.jpg	7751
2026-09-17T15:31:07+05:00	dsn/7b/7a/001/thumb/images_28.jpg	4902
2026-09-17T15:31:07+05:00	dsn/7b/f5/001/thumb/p.png	68166
2026-09-17T15:31:07+05:00	dsn/7b/fb/001/3d_speed_car_parking_dlya_android.jpeg	26761
2026-09-17T15:31:07+05:00	dsn/7b/fb/001/thumb/3d_speed_car_parking_dlya_android.jpeg	5022
2026-09-17T15:31:07+05:00	dsn/7c/5f/001/bootskins.png	149396
2026-09-17T15:31:07+05:00	dsn/7c/5f/001/thumb/bootskins.png	24831
2026-09-17T15:31:08+05:00	dsn/7c/11/001/1469039866_1-2.jpg	136755
2026-09-17T15:31:08+05:00	dsn/7c/94/001/thumb/648d586f-4304-45af-8b63-0f3b3e20752b.png	160785
2026-09-17T15:31:08+05:00	dsn/7c/a3/001/thumb/81330918.png	36525
2026-09-17T15:31:08+05:00	dsn/7d/8d/001/1432729086_blokirovka-reklami-na-android.jpg	129190
2026-09-17T15:31:08+05:00	dsn/7d/35/001/thumb/05820753.jpg	17076
2026-09-17T15:31:08+05:00	dsn/7d/55/001/blade-d2.jpg	47426
2026-09-17T15:31:09+05:00	dsn/7d/55/001/thumb/blade-d2.jpg	3092
2026-09-17T15:31:09+05:00	dsn/7d/85/001/thumb/whatsapp.jpg	2918
2026-09-17T15:31:09+05:00	dsn/7d/85/001/whatsapp.jpg	30468
2026-09-17T15:31:09+05:00	dsn/7d/ab/001/56627356.jpeg	46448
2026-09-17T15:31:09+05:00	dsn/7d/ab/001/thumb/56627356.jpeg	5691
2026-09-17T15:31:09+05:00	dsn/7d/b3/001/eda.png	503585
2026-09-17T15:31:10+05:00	dsn/7d/b3/001/thumb/eda.png	99306
2026-09-17T15:31:10+05:00	dsn/7d/e9/001/4444.jpg	35809
2026-09-17T15:31:10+05:00	dsn/7d/e9/001/thumb/4444.jpg	2947
2026-09-17T15:31:10+05:00	dsn/7e/a2/001/s_3848298.jpg	24192
2026-09-17T15:31:10+05:00	dsn/7e/a2/001/thumb/s_3848298.jpg	4464
2026-09-17T15:31:10+05:00	dsn/7e/df/001/thumb/1321649044_podelitsya.png	21391
2026-09-17T15:31:11+05:00	dsn/7e/df/002/thumb/1321649044_podelitsya.png	21391
2026-09-17T15:31:11+05:00	dsn/7f/72/001/thumb/haki_i_skripty_next_generation_cms_-_palitra_cvetov_-_palitra_cvetov_3.png	43360
2026-09-17T15:31:11+05:00	dsn/7f/77/001/40-free-calligraphy-fonts.jpg	575469
2026-09-17T15:31:11+05:00	dsn/7f/77/001/thumb/40-free-calligraphy-fonts.jpg	2010
2026-09-17T15:31:11+05:00	dsn/7f/dc/001/thumb/images.jpg	7837
2026-09-17T15:31:11+05:00	dsn/7f/dc/002/thumb/images.jpg	13725
2026-09-17T15:31:12+05:00	dsn/7f/dc/003/thumb/images.jpg	5971
2026-09-17T15:31:12+05:00	dsn/7f/dc/004/thumb/images.jpg	7645
2026-09-17T15:31:12+05:00	dsn/7f/dc/005/thumb/images.jpg	20090
2026-09-17T15:31:12+05:00	dsn/7f/dc/006/thumb/images.jpg	7404
2026-09-17T15:31:12+05:00	dsn/7f/dc/007/thumb/images.jpg	4617
2026-09-17T15:31:12+05:00	dsn/7f/dc/008/thumb/images.jpg	4617
2026-09-17T15:31:13+05:00	dsn/7f/dc/009/thumb/images.jpg	22479
2026-09-17T15:31:13+05:00	dsn/7f/dc/010/thumb/images.jpg	37448
2026-09-17T15:31:13+05:00	dsn/7f/dc/011/thumb/images.jpg	23213
2026-09-17T15:31:13+05:00	dsn/8a/f0/001/s_unnamedcawytxgk.png	135172
2026-09-17T15:31:13+05:00	dsn/8a/f0/001/thumb/s_unnamedcawytxgk.png	27029
2026-09-17T15:31:13+05:00	dsn/8b/4b/001/s_glavnaja.jpg	22958
2026-09-17T15:31:14+05:00	dsn/8b/4b/001/thumb/s_glavnaja.jpg	4631
2026-09-17T15:31:14+05:00	dsn/8b/59/001/ds_arabic.png	71012
2026-09-17T15:31:14+05:00	dsn/8b/59/001/thumb/ds_arabic.png	11459
2026-09-17T15:31:14+05:00	dsn/8b/89/001/krome3.jpg	77992
2026-09-17T15:31:14+05:00	dsn/8b/89/001/thumb/krome3.jpg	3724
2026-09-17T15:31:14+05:00	dsn/8b/95/001/thumb/ad2.jpg	22371
2026-09-17T15:31:15+05:00	dsn/8b/b5/001/s_unnamed2.jpg	29282
2026-09-17T15:31:15+05:00	dsn/8b/b5/001/thumb/s_unnamed2.jpg	4951
2026-09-17T15:31:15+05:00	dsn/8d/0a/001/hts3.jpg	26341
2026-09-17T15:31:15+05:00	dsn/8d/0a/001/thumb/hts3.jpg	6481
2026-09-17T15:31:15+05:00	dsn/8d/9c/001/bd88523919eecd8ebcffedcc01fd371a.png	331892
2026-09-17T15:31:15+05:00	dsn/8d/9c/001/thumb/bd88523919eecd8ebcffedcc01fd371a.png	17209
2026-09-17T15:31:16+05:00	dsn/8d/65/001/nova.jpg	23420
2026-09-17T15:31:16+05:00	dsn/8d/65/001/thumb/nova.jpg	4528
2026-09-17T15:31:16+05:00	dsn/8d/75/001/thumb/kesh.gif	25260
2026-09-17T15:31:16+05:00	dsn/8d/ab/001/thumb/2025-05-15_14-43-36.png	37770
2026-09-17T15:31:16+05:00	dsn/8d/ee/001/1367915914_1.png	39900
2026-09-17T15:31:16+05:00	dsn/8d/ee/001/thumb/1367915914_1.png	13268
2026-09-17T15:31:17+05:00	dsn/8d/fb/001/thumb/jquery.png	56701
2026-09-17T15:31:17+05:00	dsn/8e/0b/001/thumb/redir.gif	33275
2026-09-17T15:31:17+05:00	dsn/8e/0b/002/thumb/redir.gif	20789
2026-09-17T15:31:17+05:00	dsn/8e/39/001/thumb/svoe.jpg	100270
2026-09-17T15:31:17+05:00	dsn/8e/a1/001/thumb/effekt_navedeniya_sleduyuszii_za_kursorom___pcvector_net.png	120116
2026-09-17T15:31:17+05:00	dsn/8e/cb/001/thumb/plus.gif	8947
2026-09-17T15:31:18+05:00	dsn/8e/dc/001/001_x.jpg	10637
2026-09-17T15:31:18+05:00	dsn/8e/dc/001/thumb/001_x.jpg	3841
2026-09-17T15:31:18+05:00	dsn/8e/f1/001/thumb/form.gif	17743
2026-09-17T15:31:18+05:00	dsn/8e/ff/001/thumb/screenshot_26.jpg	70158
2026-09-17T15:31:18+05:00	dsn/8f/6c/001/unnamed_1.png	296870
2026-09-17T15:31:18+05:00	dsn/8f/a0/001/thumb/1363434386.jpg	13985
2026-09-17T15:31:18+05:00	dsn/9a/6e/001/thumb/tsf-shell.png	30028
2026-09-17T15:31:19+05:00	dsn/9a/6e/001/tsf-shell.png	45453
2026-09-17T15:31:19+05:00	dsn/9a/77/001/thumb/ynwzdghdkx17p9.jpg	33815
2026-09-17T15:31:19+05:00	dsn/9a/77/001/ynwzdghdkx17p9.jpg	316306
2026-09-17T15:31:19+05:00	dsn/9b/37/001/thumb/2025-06-06_21-56-03.png	186611
2026-09-17T15:31:19+05:00	dsn/9b/37/002/thumb/2025-06-06_21-56-03.png	165433
2026-09-17T15:31:20+05:00	dsn/9c/05/001/hakery.jpg	2910
2026-09-17T15:31:20+05:00	dsn/9c/05/001/thumb/hakery.jpg	2213
2026-09-17T15:31:20+05:00	dsn/9c/05/001/thumb/win-1251-v-utf8.jpg	44434
2026-09-17T15:31:20+05:00	dsn/9c/06/001/talkingtomcat.jpg	18582
2026-09-17T15:31:20+05:00	dsn/9c/06/001/thumb/talkingtomcat.jpg	3682
2026-09-17T15:31:20+05:00	dsn/9c/7b/001/1469039912_1-17.jpg	59632
2026-09-17T15:31:21+05:00	dsn/9c/18/001/1442563351_1-41.jpg	41242
2026-09-17T15:31:21+05:00	dsn/9c/34/001/dxvoujg3wtxmywypwi9g462fnn2fwezd.jpg	91539
2026-09-17T15:31:21+05:00	dsn/9c/34/001/thumb/dxvoujg3wtxmywypwi9g462fnn2fwezd.jpg	4113
2026-09-17T15:31:21+05:00	dsn/9c/36/001/thumb/screenshot_14h_06m_43s.jpg	12521
2026-09-17T15:31:21+05:00	dsn/9c/c5/001/thumb/demo_for_blur_background_social_share_plugin.png	19589
2026-09-17T15:31:21+05:00	dsn/9c/d8/001/thumb/untitled-1.jpg	10608
2026-09-17T15:31:22+05:00	dsn/9d/0b/001/thumb/umi.jpg	3560
2026-09-17T15:31:22+05:00	dsn/9d/0b/001/umi.jpg	17840
2026-09-17T15:31:22+05:00	dsn/9d/3a/001/thumb/1355919712_ikinokz_net_cache.png	57190
2026-09-17T15:31:22+05:00	dsn/9d/7f/001/s_estrongs_file_explorer.jpg	15286
2026-09-17T15:31:22+05:00	dsn/9d/7f/001/thumb/s_estrongs_file_explorer.jpg	3194
2026-09-17T15:31:22+05:00	dsn/9d/8f/001/thumb/pop_up_title_ru.jpg	42089
2026-09-17T15:31:23+05:00	dsn/9d/42/001/11842447.jpg	64885
2026-09-17T15:31:23+05:00	dsn/9d/42/001/thumb/11842447.jpg	8970
2026-09-17T15:31:23+05:00	dsn/9d/d5/001/thumb/adaptivnaya_galereya_least_js__skripty_dlya_saitov.png	71313
2026-09-17T15:31:23+05:00	dsn/9e/4d/001/thumb/1474987471_prew.jpg	88235
2026-09-17T15:31:23+05:00	dsn/9e/82/002/thumb/padayuszii_sneg.jpg	102886
2026-09-17T15:31:23+05:00	dsn/9e/aa/001/opera_snimok_2021-08-30_120248_yandex_kz.png	507079
2026-09-17T15:31:24+05:00	dsn/9e/aa/001/thumb/opera_snimok_2021-08-30_120248_yandex_kz.png	57230
2026-09-17T15:31:24+05:00	dsn/9e/b6/001/12.png	182078
2026-09-17T15:31:24+05:00	dsn/9e/b6/001/thumb/12.png	24474
2026-09-17T15:31:24+05:00	dsn/9e/c9/001/thumb/responsivemenu-0.jpg	18605
2026-09-17T15:31:24+05:00	dsn/9f/0c/001/thumb/sticky-block.png	35319
2026-09-17T15:31:24+05:00	dsn/9f/4c/001/thumb/screenshot_12h_08m_32s.jpg	6489
2026-09-17T15:31:24+05:00	dsn/9f/ae/001/loker2.png	77525
2026-09-17T15:31:25+05:00	dsn/9f/ae/001/thumb/loker2.png	17013
2026-09-17T15:31:25+05:00	dsn/10/06/001/ljeantivirus_jpg.png	190743
2026-09-17T15:31:25+05:00	dsn/10/06/001/thumb/ljeantivirus_jpg.png	43428
2026-09-17T15:31:25+05:00	dsn/10/2d/001/thumb/screenshot_43.png	63882
2026-09-17T15:31:25+05:00	dsn/10/24/001/thumb/chet2.gif	14646
2026-09-17T15:31:25+05:00	dsn/10/24/002/thumb/chet2.gif	14282
2026-09-17T15:31:26+05:00	dsn/10/24/003/thumb/chet2.gif	6255
2026-09-17T15:31:26+05:00	dsn/10/e3/001/thumb/twitter.png	9185
2026-09-17T15:31:26+05:00	dsn/10/e3/001/twitter.png	28849
2026-09-17T15:31:26+05:00	dsn/10/fb/001/3.png	86754
2026-09-17T15:31:26+05:00	dsn/10/fb/001/thumb/3.png	22376
2026-09-17T15:31:26+05:00	dsn/10/fb/002/3.png	319343
2026-09-17T15:31:27+05:00	dsn/10/fb/002/thumb/3.png	10022
2026-09-17T15:31:27+05:00	dsn/11/8b/001/thumb/tul.gif	9464
2026-09-17T15:31:27+05:00	dsn/11/8c/001/lyubimye_kanaly_-_tv_-_glavnaya_stranica.png	550194
2026-09-17T15:31:27+05:00	dsn/11/8c/001/thumb/lyubimye_kanaly_-_tv_-_glavnaya_stranica.png	79546
2026-09-17T15:31:27+05:00	dsn/12/c2/001/thumb/scroll-default.png	35411
2026-09-17T15:31:27+05:00	dsn/12/f4/001/thumb/demo_for_css_and_jquery_content_tabs_effect.png	96146
2026-09-17T15:31:28+05:00	dsn/13/0b/001/thumb/33333333333.png	40382
2026-09-17T15:31:28+05:00	dsn/13/1d/001/fs2.jpg	198194
2026-09-17T15:31:28+05:00	dsn/13/1d/001/thumb/fs2.jpg	5871
2026-09-17T15:31:28+05:00	dsn/13/4c/001/22.jpg	80961
2026-09-17T15:31:28+05:00	dsn/13/4c/001/thumb/22.jpg	4167
2026-09-17T15:31:28+05:00	dsn/13/4c/002/22.jpg	51699
2026-09-17T15:31:29+05:00	dsn/13/4c/002/thumb/22.jpg	6521
2026-09-17T15:31:29+05:00	dsn/13/be/001/thumb/screenshot_50.jpg	88309
2026-09-17T15:31:29+05:00	dsn/13/f7/001/545248610cf8daab80e4.jpg	76223
2026-09-17T15:31:29+05:00	dsn/13/f7/001/thumb/545248610cf8daab80e4.jpg	7429
2026-09-17T15:31:29+05:00	dsn/14/d1/001/1_2.png	155410
2026-09-17T15:31:29+05:00	dsn/14/d1/001/thumb/1_2.png	7790
2026-09-17T15:31:30+05:00	dsn/14/e6/001/thumb/opera_snimok_2021-08-08_161530_yandex_kz.png	113081
2026-09-17T15:31:30+05:00	dsn/15/2a/001/thumb/reiting.gif	35921
2026-09-17T15:31:30+05:00	dsn/15/4e/001/thumb/preview.png	23696
2026-09-17T15:31:30+05:00	dsn/15/4e/002/thumb/preview.png	86494
2026-09-17T15:31:30+05:00	dsn/15/60/001/2.jpg	167489
2026-09-17T15:31:30+05:00	dsn/15/60/001/thumb/2.jpg	4887
2026-09-17T15:31:31+05:00	dsn/15/60/002/2.jpg	49507
2026-09-17T15:31:31+05:00	dsn/15/60/002/thumb/2.jpg	8049
2026-09-17T15:31:31+05:00	dsn/15/dd/001/thumb/xoverlay___sborka_css3_effektov_pri_navedenii.jpeg	25932
2026-09-17T15:31:31+05:00	dsn/16/b7/001/7061156.png	33039
2026-09-17T15:31:31+05:00	dsn/17/90/001/neon_cursors_windows.jpg	71598
2026-09-17T15:33:29+05:00	dsn/17/90/001/thumb/neon_cursors_windows.jpg	4074
2026-09-17T15:33:29+05:00	dsn/17/bf/001/340e419e5d8dffa1c9e0b21aee26bd45.jpg	82362
2026-09-17T15:33:30+05:00	dsn/17/bf/001/thumb/340e419e5d8dffa1c9e0b21aee26bd45.jpg	17690
2026-09-17T15:33:30+05:00	dsn/17/cd/001/1442563386_1-20.jpg	18852
2026-09-17T15:33:30+05:00	dsn/18/0a/001/thumb/screenshot_22h_45m_32s.jpg	14336
2026-09-17T15:33:30+05:00	dsn/18/6b/001/thumb/screen_2013_1_12_20-33-35_9.jpg	12506
2026-09-17T15:33:30+05:00	dsn/18/6c/001/thumb/screenshot_2.jpg	88809
2026-09-17T15:33:31+05:00	dsn/18/23/001/thumb/underground_racer_hd_dlya_android.png	35686
2026-09-17T15:33:31+05:00	dsn/18/23/001/underground_racer_hd_dlya_android.png	403231
2026-09-17T15:33:31+05:00	dsn/18/a1/001/7061144.png	21838
2026-09-17T15:33:31+05:00	dsn/18/e2/001/thumb/6.jpg	16628
2026-09-17T15:33:31+05:00	dsn/19/59/001/maxresdefault1.jpg	49581
2026-09-17T15:33:32+05:00	dsn/19/60/001/csr_racing_dlya_android.png	818424
2026-09-17T15:33:32+05:00	dsn/19/60/001/thumb/csr_racing_dlya_android.png	50787
2026-09-17T15:33:32+05:00	dsn/19/61/001/3022090.png	46128
2026-09-17T15:33:32+05:00	dsn/19/69/001/thumb/screenshot_16h_56m_03s.jpg	32468
2026-09-17T15:33:32+05:00	dsn/19/b8/002/thumb/polaroid.jpg	20402
2026-09-17T15:33:33+05:00	dsn/20/5d/001/screenshot_19.png	288538
2026-09-17T15:33:33+05:00	dsn/20/5d/001/thumb/screenshot_19.png	17031
2026-09-17T15:33:33+05:00	dsn/20/41/001/thumb/logo-big.jpg	62873
2026-09-17T15:33:33+05:00	dsn/20/41/002/thumb/logo-big.jpg	62873
2026-09-17T15:33:33+05:00	dsn/20/50/001/thumb/flash.png	43134
2026-09-17T15:33:34+05:00	dsn/20/e9/001/thumb/screenshot_132.png	91199
2026-09-17T15:33:34+05:00	dsn/21/7b/001/thumb/sneg.png	44658
2026-09-17T15:33:34+05:00	dsn/21/16/001/thumb/2025-02-10_22-41-57.png	6487
2026-09-17T15:33:35+05:00	dsn/21/25/001/thumb/grafik1.gif	34939
2026-09-17T15:33:35+05:00	dsn/21/d3/001/33_1.jpg	142617
2026-09-17T15:33:35+05:00	dsn/21/d3/001/thumb/33_1.jpg	9015
2026-09-17T15:33:35+05:00	dsn/21/d5/001/thumb/twig-templating-6-638.jpg	45862
2026-09-17T15:33:35+05:00	dsn/21/d5/002/thumb/twig-templating-6-638.jpg	45862
2026-09-17T15:33:35+05:00	dsn/21/ee/001/4k_rain_video_wallpaper2.jpg	8035
2026-09-17T15:33:36+05:00	dsn/21/ee/001/thumb/4k_rain_video_wallpaper2.jpg	5303
2026-09-17T15:33:36+05:00	dsn/23/b1/001/thumb/screen_2013_1_17_18-8-54_1.jpg	7992
2026-09-17T15:33:36+05:00	dsn/23/bb/001/thumb/play22jo.gif	3863
2026-09-17T15:33:36+05:00	dsn/24/2a/001/thumb/yamaha.png	30114
2026-09-17T15:33:37+05:00	dsn/24/2a/001/yamaha.png	239455
2026-09-17T15:33:37+05:00	dsn/24/50/001/thumb/inlinelinkstyles.png	50184
2026-09-17T15:33:37+05:00	dsn/24/55/001/thumb/knopka1.png	27860
2026-09-17T15:33:37+05:00	dsn/24/ba/001/apocalipsys-wp-collection.jpg	53060
2026-09-17T15:33:38+05:00	dsn/24/ba/001/thumb/apocalipsys-wp-collection.jpg	4266
2026-09-17T15:33:38+05:00	dsn/25/57/001/dq3xz.jpg	21116
2026-09-17T15:33:38+05:00	dsn/25/57/001/thumb/dq3xz.jpg	2140
2026-09-17T15:33:38+05:00	dsn/25/99/001/thumb/flash_2.png	8773
2026-09-17T15:33:38+05:00	dsn/25/c4/001/thumb/tabs_vk.jpg	8431
2026-09-17T15:33:39+05:00	dsn/25/df/001/thumb/2025-05-07_15-20-25.png	42073
2026-09-17T15:33:39+05:00	dsn/26/a8/001/3184359.png	38889
2026-09-17T15:33:39+05:00	dsn/26/aa/001/cubot.jpg	25334
2026-09-17T15:33:39+05:00	dsn/26/aa/001/thumb/cubot.jpg	3590
2026-09-17T15:33:39+05:00	dsn/26/c7/001/thumb/screenshot_89.png	39668
2026-09-17T15:33:40+05:00	dsn/27/1a/002/8033f46045f9.png	273260
2026-09-17T15:33:40+05:00	dsn/27/1a/002/thumb/8033f46045f9.png	29110
2026-09-17T15:33:40+05:00	dsn/27/7c/001/thumb/4e00bc6c3a608.png	86157
2026-09-17T15:33:40+05:00	dsn/27/9d/001/gsxazddmfbpcivna6fapkp7dnugie9uq.jpg	98806
2026-09-17T15:33:40+05:00	dsn/27/9d/001/thumb/gsxazddmfbpcivna6fapkp7dnugie9uq.jpg	4533
2026-09-17T15:33:41+05:00	dsn/27/26/001/15nb7wa2h8728x1jg3wtfhoxo.jpg	274922
2026-09-17T15:33:41+05:00	dsn/27/70/001/screenshot_20.png	258625
2026-09-17T15:33:41+05:00	dsn/27/70/001/thumb/screenshot_20.png	14402
2026-09-17T15:33:42+05:00	dsn/27/95/001/s_1397952420-underground-racer-hd-moga-4.jpg	18255
2026-09-17T15:33:42+05:00	dsn/27/95/001/thumb/s_1397952420-underground-racer-hd-moga-4.jpg	3595
2026-09-17T15:33:42+05:00	dsn/27/a3/001/thumb/adaptivnye_vkladki_na_jquery___pcvector_net.png	64813
2026-09-17T15:33:42+05:00	dsn/27/c6/001/sozdat.jpg	27760
2026-09-17T15:33:42+05:00	dsn/27/c6/001/thumb/sozdat.jpg	7491
2026-09-17T15:33:43+05:00	dsn/28/a6/001/thumb/404.jpg	10659
2026-09-17T15:33:43+05:00	dsn/29/00/001/thumb/demo_shablonov_dlya_next_generation_cms_-_glavnaya_stranica.png	41034
2026-09-17T15:33:43+05:00	dsn/29/4f/001/thumb/images_5.jpg	13477
2026-09-17T15:33:43+05:00	dsn/29/52/001/thumb/unnamed13.jpg	4487
2026-09-17T15:33:43+05:00	dsn/29/52/001/unnamed13.jpg	52742
2026-09-17T15:33:43+05:00	dsn/29/b3/001/ewv_3kpqzcm.jpg	46043
2026-09-17T15:33:44+05:00	dsn/29/b3/001/thumb/ewv_3kpqzcm.jpg	2473
2026-09-17T15:33:44+05:00	dsn/30/2b/001/f5543e64b601d1e651598e89cd14b01e.png	351351
2026-09-17T15:33:44+05:00	dsn/30/2b/001/thumb/f5543e64b601d1e651598e89cd14b01e.png	18398
2026-09-17T15:33:44+05:00	dsn/30/7f/001/thumb/hover_css___a_collection_of_css3_powered_hover_effects.jpeg	26436
2026-09-17T15:33:44+05:00	dsn/30/37/001/moto.jpg	25985
2026-09-17T15:33:45+05:00	dsn/30/cb/001/thumb/zdes_zhivut_multfilmy__-_mllife_org_-_smotret_multfilmy_onlain_-_glavnaya_stranica.png	124261
2026-09-17T15:33:45+05:00	dsn/30/cb/001/zdes_zhivut_multfilmy__-_mllife_org_-_smotret_multfilmy_onlain_-_glavnaya_stranica.png	807307
2026-09-17T15:33:45+05:00	dsn/30/f1/001/thumb/dialog.gif	12581
2026-09-17T15:33:45+05:00	dsn/31/6b/001/3184361.png	36589
2026-09-17T15:33:45+05:00	dsn/32/7c/001/thumb/zmeika.jpg	5794
2026-09-17T15:33:45+05:00	dsn/32/7c/001/zmeika.jpg	30888
2026-09-17T15:33:46+05:00	dsn/32/63/001/blackberry-venice-conexion-usb-650x349.jpg	42846
2026-09-17T15:33:46+05:00	dsn/32/63/001/thumb/blackberry-venice-conexion-usb-650x349.jpg	3371
2026-09-17T15:33:46+05:00	dsn/33/4f/001/b6ea8e9fab835bf21608583c34b.jpg	34372
2026-09-17T15:33:46+05:00	dsn/33/9b/001/thumb/tviter.jpg	3501
2026-09-17T15:33:46+05:00	dsn/33/9b/001/tviter.jpg	6810
2026-09-17T15:33:46+05:00	dsn/33/bb/001/ifon.jpeg	60747
2026-09-17T15:33:47+05:00	dsn/33/bb/001/thumb/ifon.jpeg	4828
2026-09-17T15:33:47+05:00	dsn/33/cb/001/thumb/1344847975_adaptivnyy-dizayn.png	18213
2026-09-17T15:33:47+05:00	dsn/33/d4/001/thumb/a510c4ca52c937f460a763fefeec2dac.png	122802
2026-09-17T15:33:47+05:00	dsn/34/29/001/s_unnamed1_1.jpg	21217
2026-09-17T15:33:47+05:00	dsn/34/29/001/thumb/s_unnamed1_1.jpg	4228
2026-09-17T15:33:48+05:00	dsn/34/29/002/s_unnamed1_1.jpg	25809
2026-09-17T15:33:48+05:00	dsn/34/29/002/thumb/s_unnamed1_1.jpg	4383
2026-09-17T15:33:48+05:00	dsn/34/29/003/s_unnamed1_1.jpg	23979
2026-09-17T15:33:48+05:00	dsn/34/29/003/thumb/s_unnamed1_1.jpg	4199
2026-09-17T15:33:49+05:00	dsn/34/63/001/hts1.jpg	30800
2026-09-17T15:33:49+05:00	dsn/34/63/001/thumb/hts1.jpg	7611
2026-09-17T15:33:49+05:00	dsn/34/75/001/skachannye_faily_2.jpg	7130
2026-09-17T15:33:49+05:00	dsn/34/75/001/thumb/skachannye_faily_2.jpg	9390
2026-09-17T15:33:49+05:00	dsn/34/c8/001/fs3.jpg	25480
2026-09-17T15:33:49+05:00	dsn/34/c8/001/thumb/fs3.jpg	5438
2026-09-17T15:33:50+05:00	dsn/34/e5/001/thumb/images_2.jpg	8106
2026-09-17T15:33:50+05:00	dsn/34/e5/002/thumb/images_2.jpg	3653
2026-09-17T15:33:50+05:00	dsn/34/e5/003/thumb/images_2.jpg	4997
2026-09-17T15:33:50+05:00	dsn/35/0a/001/ngcms_-_next_generation_cms_-_glavnaya_stranica.png	383459
2026-09-17T15:33:50+05:00	dsn/35/0a/001/thumb/ngcms_-_next_generation_cms_-_glavnaya_stranica.png	83068
2026-09-17T15:33:51+05:00	dsn/36/7f/001/thumb/2017-01-27_15-03-48.png	120045
2026-09-17T15:33:51+05:00	dsn/36/37/001/ifon.jpg	35726
2026-09-17T15:33:51+05:00	dsn/36/37/001/thumb/ifon.jpg	4479
2026-09-17T15:33:51+05:00	dsn/36/41/001/screenshot_2.png	314036
2026-09-17T15:33:51+05:00	dsn/36/41/001/thumb/screenshot_2.png	18130
2026-09-17T15:33:51+05:00	dsn/36/41/002/screenshot_2.png	884576
2026-09-17T15:33:52+05:00	dsn/36/41/002/thumb/screenshot_2.png	46507
2026-09-17T15:33:52+05:00	dsn/36/61/001/8755823.png	34152
2026-09-17T15:33:52+05:00	dsn/36/66/001/thumb/tab.gif	11989
2026-09-17T15:33:52+05:00	dsn/36/66/002/thumb/tab.gif	23205
2026-09-17T15:33:52+05:00	dsn/36/a1/001/thumb/233312312412.gif	2468
2026-09-17T15:33:53+05:00	dsn/36/ce/001/thumb/tbank2.png	27370
2026-09-17T15:33:53+05:00	dsn/36/f5/001/screenshot_13.png	211225
2026-09-17T15:33:53+05:00	dsn/36/f5/001/thumb/screenshot_13.png	24303
2026-09-17T15:33:53+05:00	dsn/36/f5/002/screenshot_13.png	609124
2026-09-17T15:33:53+05:00	dsn/36/f5/002/thumb/screenshot_13.png	57925
2026-09-17T15:33:53+05:00	dsn/37/79/001/fe9158081bd60a23623ac15b986749d6.jpeg	91136
2026-09-17T15:33:54+05:00	dsn/37/79/001/thumb/fe9158081bd60a23623ac15b986749d6.jpeg	28430
2026-09-17T15:33:54+05:00	dsn/37/b3/001/1367915914_2.png	38470
2026-09-17T15:33:54+05:00	dsn/37/b3/001/thumb/1367915914_2.png	12791
2026-09-17T15:33:54+05:00	dsn/37/f9/001/l_e_d_cursors_by_mr_blade-d52xmke.jpg	107771
2026-09-17T15:33:54+05:00	dsn/37/f9/001/thumb/l_e_d_cursors_by_mr_blade-d52xmke.jpg	31472
2026-09-17T15:33:55+05:00	dsn/38/2c/001/thumb/next_generation_cms____forum_podderzhki___vypadayuszee_menyu_pryachetsya_za_youtube_video___o_o.png	46432
2026-09-17T15:33:55+05:00	dsn/38/d1/001/11_1.jpg	57455
2026-09-17T15:33:55+05:00	dsn/38/d1/001/thumb/11_1.jpg	4087
2026-09-17T15:33:55+05:00	dsn/39/0b/001/lake_weatherhd___ozero_pogoda_hd_dlya_android2.jpeg	21703
2026-09-17T15:33:55+05:00	dsn/39/0b/001/thumb/lake_weatherhd___ozero_pogoda_hd_dlya_android2.jpeg	2088
2026-09-17T15:33:55+05:00	dsn/39/05/001/thumb/poisk.gif	22511
2026-09-17T15:33:56+05:00	dsn/39/05/002/thumb/poisk.gif	9857
2026-09-17T15:33:56+05:00	dsn/39/38/001/thumb/header.gif	55855
2026-09-17T15:33:56+05:00	dsn/39/40/002/scroll_yadro.jpg	27709
2026-09-17T15:33:56+05:00	dsn/39/40/002/thumb/scroll_yadro.jpg	7836
2026-09-17T15:33:56+05:00	dsn/39/bb/001/thumb/ads1.jpg	16054
2026-09-17T15:33:56+05:00	dsn/39/f4/001/thumb/button1.gif	27563
2026-09-17T15:33:57+05:00	dsn/40/92/001/thumb/ps6-overview_1.png	48733
2026-09-17T15:33:57+05:00	dsn/40/a4/001/9f9b1171594d141afae94d11626b6d83.jpg	175094
2026-09-17T15:33:57+05:00	dsn/40/a4/001/thumb/9f9b1171594d141afae94d11626b6d83.jpg	7455
2026-09-17T15:33:57+05:00	dsn/41/80/001/hardwood_backgammon_dlya_android2.png	149658
2026-09-17T15:33:57+05:00	dsn/41/80/001/thumb/hardwood_backgammon_dlya_android2.png	32936
2026-09-17T15:33:57+05:00	dsn/41/b5/001/thumb/images.png	18353
2026-09-17T15:33:58+05:00	dsn/41/c5/001/thumb/denwer.png	3985
2026-09-17T15:33:58+05:00	dsn/42/2b/001/thumb/screenshot_32.png	118477
2026-09-17T15:33:58+05:00	dsn/42/7a/001/thumb/mikrorazmetka-open-graph-2.jpg	37297
2026-09-17T15:33:58+05:00	dsn/42/c0/001/texture-wallpapers.jpg	127353
2026-09-17T15:33:58+05:00	dsn/42/c0/001/thumb/texture-wallpapers.jpg	3886
2026-09-17T15:33:59+05:00	dsn/43/d2/001/otkrytie-papki-komandoj-appdata.jpg	19906
2026-09-17T15:33:59+05:00	dsn/43/d2/001/thumb/otkrytie-papki-komandoj-appdata.jpg	7519
2026-09-17T15:33:59+05:00	dsn/43/f3/001/thumb/skript.jpg	24774
2026-09-17T15:33:59+05:00	dsn/44/ba/001/thumb/zagruzhennoe.jpg	12690
2026-09-17T15:33:59+05:00	dsn/44/ba/002/thumb/zagruzhennoe.jpg	13432
2026-09-17T15:33:59+05:00	dsn/44/ba/003/thumb/zagruzhennoe.jpg	8127
2026-09-17T15:34:00+05:00	dsn/44/ba/004/thumb/zagruzhennoe.jpg	9204
2026-09-17T15:34:00+05:00	dsn/44/ba/005/thumb/zagruzhennoe.jpg	6966
2026-09-17T15:34:00+05:00	dsn/44/ba/006/thumb/zagruzhennoe.jpg	6278
2026-09-17T15:34:00+05:00	dsn/44/ba/007/thumb/zagruzhennoe.jpg	6588
2026-09-17T15:34:00+05:00	dsn/44/ba/008/thumb/zagruzhennoe.jpg	7849
2026-09-17T15:34:01+05:00	dsn/44/ba/009/thumb/zagruzhennoe.jpg	6354
2026-09-17T15:34:01+05:00	dsn/44/d1/001/taiti-wallpapers.jpg	60939
2026-09-17T15:34:01+05:00	dsn/44/d1/001/thumb/taiti-wallpapers.jpg	4395
2026-09-17T15:34:01+05:00	dsn/44/dc/001/thumb/copyright.jpg	39336
2026-09-17T15:34:01+05:00	dsn/44/f7/001/thumb/1371584973_1346900835_file.png	47083
2026-09-17T15:34:01+05:00	dsn/44/f7/002/thumb/1371584973_1346900835_file.png	18523
2026-09-17T15:34:02+05:00	dsn/45/9c/001/thumb/underground_racer_hd_dlya_android2.png	35622
2026-09-17T15:34:02+05:00	dsn/45/9c/001/underground_racer_hd_dlya_android2.png	391755
2026-09-17T15:34:02+05:00	dsn/45/39/001/thumb/demonstracionnaya_installyaciya_next_generation_cms_-_glavnaya_stranica.png	51712
2026-09-17T15:34:02+05:00	dsn/45/b5/001/2_2.png	277776
2026-09-17T15:34:02+05:00	dsn/45/b5/001/thumb/2_2.png	13444
2026-09-17T15:34:02+05:00	dsn/45/e3/001/thumb/screenshot_48.png	36777
2026-09-17T15:34:03+05:00	dsn/46/47/001/sbros.png	217752
2026-09-17T15:34:03+05:00	dsn/46/47/001/thumb/sbros.png	19406
2026-09-17T15:34:03+05:00	dsn/47/3e/001/thumb/screenshot_151.png	69407
2026-09-17T15:34:03+05:00	dsn/47/8a/001/1366127309_poster.jpg	45832
2026-09-17T15:34:03+05:00	dsn/47/8a/001/thumb/1366127309_poster.jpg	28098
2026-09-17T15:34:03+05:00	dsn/47/36/001/thumb/0_4b60d_8fec6902_orig.jpg	37225
2026-09-17T15:34:04+05:00	dsn/47/36/002/thumb/0_4b60d_8fec6902_orig.jpg	37225
2026-09-17T15:34:04+05:00	dsn/48/73/002/thumb/1355130962_bez-imeni-1.png	29449
2026-09-17T15:34:04+05:00	dsn/48/ae/001/stroitelstvo_remont_i_dizain__stati__foto.png	368859
2026-09-17T15:34:04+05:00	dsn/48/ae/001/thumb/stroitelstvo_remont_i_dizain__stati__foto.png	80492
2026-09-17T15:34:04+05:00	dsn/48/d5/001/thumb/screenshot_18.jpg	43530
2026-09-17T15:34:05+05:00	dsn/49/3a/001/thumb/opera_snimok_2020-05-21_154507_ngcmshak_ru.png	76235
2026-09-17T15:34:05+05:00	dsn/49/36/001/thumb/screenshot_10h_54m_36s.jpg	27021
2026-09-17T15:34:05+05:00	dsn/49/c7/001/0aea7b70b5.jpg	47537
2026-09-17T15:34:05+05:00	dsn/49/c7/001/thumb/0aea7b70b5.jpg	5126
2026-09-17T15:34:05+05:00	dsn/49/e4/001/madzhong_pasyans_dlya_android1.png	223684
2026-09-17T15:34:05+05:00	dsn/49/e4/001/thumb/madzhong_pasyans_dlya_android1.png	46614
2026-09-17T15:34:06+05:00	dsn/50/4c/001/thumb/na_raione___glavnaya_stranica2.jpeg	26630
2026-09-17T15:34:06+05:00	dsn/50/18/001/thumb/paintnet_l.jpg	17061
2026-09-17T15:34:06+05:00	dsn/50/54/001/thumb/besplatnye_shablony_ng_cms_-_blog_dizain_iskusstvo_-_shablon_atom1.png	36537
2026-09-17T15:34:06+05:00	dsn/50/68/001/thumb/1512828804_h1-tags.jpg	36466
2026-09-17T15:34:06+05:00	dsn/50/bd/001/thumb/5fca85b6-a6b3-4ba2-a881-5eb1aaa9ddb7.png	122779
2026-09-17T15:34:06+05:00	dsn/50/ef/001/thumb/unnamedcaevva4s.png	49384
2026-09-17T15:34:07+05:00	dsn/50/fb/001/displayfusion_5_1_1_beta_71.png	73324
2026-09-17T15:34:07+05:00	dsn/50/fb/001/thumb/displayfusion_5_1_1_beta_71.png	8105
2026-09-17T15:34:07+05:00	dsn/51/03/001/thumb/ell.gif	21568
2026-09-17T15:34:07+05:00	dsn/51/4b/001/frama1.jpg	8220
2026-09-17T15:40:54+05:00	dsn/51/4b/001/thumb/frama1.jpg	3130
2026-09-17T15:40:54+05:00	dsn/51/bc/001/thumb/91965283.png	33818
2026-09-17T15:40:54+05:00	dsn/52/03/001/thumb/screenshot_40.jpg	70577
2026-09-17T15:40:54+05:00	dsn/52/30/001/thumb/html5_logo_512-w480.jpg	8172
2026-09-17T15:40:55+05:00	dsn/52/b6/001/launcher-windows-phone-8-2.png	114789
2026-09-17T15:40:55+05:00	dsn/52/b6/001/thumb/launcher-windows-phone-8-2.png	18399
2026-09-17T15:40:55+05:00	dsn/52/dc/001/thumb/article202.jpg	19135
2026-09-17T15:40:55+05:00	dsn/52/e8/001/thumb/i-_1__a0cc2671.avif	9374
2026-09-17T15:40:55+05:00	dsn/53/5e/001/earth_screensaver_hd_.png	124993
2026-09-17T15:40:56+05:00	dsn/53/5e/001/thumb/earth_screensaver_hd_.png	17623
2026-09-17T15:40:56+05:00	dsn/53/8b/001/thumb/screenshot_6.png	46687
2026-09-17T15:40:56+05:00	dsn/53/14/001/thumb/2025-06-08_21-14-20.png	33160
2026-09-17T15:40:56+05:00	dsn/53/b6/001/1469039856_1-28.jpg	234334
2026-09-17T15:40:56+05:00	dsn/54/4b/001/gromkost.jpg	15874
2026-09-17T15:40:56+05:00	dsn/54/4b/001/thumb/gromkost.jpg	3422
2026-09-17T15:40:57+05:00	dsn/55/5e/001/opera_snimok_2021-10-27_195312_yandex_kz.png	255470
2026-09-17T15:40:57+05:00	dsn/55/5e/001/thumb/opera_snimok_2021-10-27_195312_yandex_kz.png	21545
2026-09-17T15:40:57+05:00	dsn/55/ef/001/thumb/2025-01-30_23-11-00.png	84996
2026-09-17T15:40:57+05:00	dsn/55/ef/002/thumb/2025-01-30_23-11-00.png	84996
2026-09-17T15:40:57+05:00	dsn/55/ef/003/thumb/2025-01-30_23-11-00.png	84996
2026-09-17T15:40:57+05:00	dsn/55/ef/004/thumb/2025-01-30_23-11-00.png	84996
2026-09-17T15:40:58+05:00	dsn/55/ef/005/thumb/2025-01-30_23-11-00.png	84996
2026-09-17T15:40:58+05:00	dsn/55/ef/006/thumb/2025-01-30_23-11-00.png	84996
2026-09-17T15:40:58+05:00	dsn/55/ef/007/thumb/2025-01-30_23-11-00.png	84996
2026-09-17T15:40:58+05:00	dsn/55/ef/008/thumb/2025-01-30_23-11-00.png	84996
2026-09-17T15:40:58+05:00	dsn/55/ef/009/thumb/2025-01-30_23-11-00.png	84996
2026-09-17T15:40:58+05:00	dsn/57/1a/001/3012____.rar	1009
2026-09-17T15:40:59+05:00	dsn/57/12/001/kkk.png	45322
2026-09-17T15:40:59+05:00	dsn/57/73/001/thumb/vopros.jpg	78730
2026-09-17T15:40:59+05:00	dsn/57/77/001/thumb/screen_2013_4_20_14-15-50_5.jpg	11416
2026-09-17T15:40:59+05:00	dsn/57/d1/001/thumb/spisok.png	79978
2026-09-17T15:40:59+05:00	dsn/58/3b/001/ambian.jpg	63133
2026-09-17T15:40:59+05:00	dsn/58/3b/001/thumb/ambian.jpg	5714
2026-09-17T15:41:00+05:00	dsn/58/3d/001/thumb/file_1501081112.jpg	107270
2026-09-17T15:41:00+05:00	dsn/58/18/001/image_23.jpg	67805
2026-09-17T15:41:00+05:00	dsn/58/18/001/thumb/image_23.jpg	9923
2026-09-17T15:41:00+05:00	dsn/58/c9/001/thumb/warrior_chess_dlya_android.png	55011
2026-09-17T15:41:00+05:00	dsn/58/c9/001/warrior_chess_dlya_android.png	1034629
2026-09-17T15:41:00+05:00	dsn/59/7e/001/thumb/traser.jpg	7064
2026-09-17T15:41:01+05:00	dsn/59/7e/001/traser.jpg	110228
2026-09-17T15:41:01+05:00	dsn/59/64/001/ff290caaf67a3178b2f5a8794ce13fff.jpg	34602
2026-09-17T15:41:01+05:00	dsn/59/64/001/thumb/ff290caaf67a3178b2f5a8794ce13fff.jpg	4432
2026-09-17T15:41:01+05:00	dsn/59/b2/001/11.png	222940
2026-09-17T15:41:01+05:00	dsn/59/b2/001/thumb/11.png	26905
2026-09-17T15:41:01+05:00	dsn/59/c2/001/thumb/syntax_highlighter_html.jpg	10827
2026-09-17T15:41:02+05:00	dsn/59/e2/001/opera_snimok_2021-10-27_195145_yandex_kz.png	561948
2026-09-17T15:41:02+05:00	dsn/59/e2/001/thumb/opera_snimok_2021-10-27_195145_yandex_kz.png	47672
2026-09-17T15:41:02+05:00	dsn/60/98/001/internetconnectiontools_4251.png	5831
2026-09-17T15:41:02+05:00	dsn/60/98/001/thumb/internetconnectiontools_4251.png	5717
2026-09-17T15:41:02+05:00	dsn/60/c9/001/emblem-work_2310.png	3037
2026-09-17T15:41:02+05:00	dsn/60/c9/001/thumb/emblem-work_2310.png	2669
2026-09-17T15:41:03+05:00	dsn/61/3a/001/csr_racing_dlya_android1.png	657277
2026-09-17T15:41:03+05:00	dsn/61/3a/001/thumb/csr_racing_dlya_android1.png	42198
2026-09-17T15:41:03+05:00	dsn/61/89/001/thumb/202837.jpg	23402
2026-09-17T15:41:03+05:00	dsn/61/c2/001/launcher-wp8-select.jpg	54596
2026-09-17T15:41:03+05:00	dsn/61/c2/001/thumb/launcher-wp8-select.jpg	6261
2026-09-17T15:41:03+05:00	dsn/61/c9/001/s75812405.jpg	32266
2026-09-17T15:41:04+05:00	dsn/61/c9/001/thumb/s75812405.jpg	6953
2026-09-17T15:41:04+05:00	dsn/62/43/001/thumb/xperia-z5-premium-front.jpg	4859
2026-09-17T15:41:04+05:00	dsn/62/43/001/xperia-z5-premium-front.jpg	48271
2026-09-17T15:41:04+05:00	dsn/62/49/002/thumb/abd01d.jpg	19219
2026-09-17T15:41:04+05:00	dsn/62/65/001/thumb/1303368284_minishow_souts_ru.jpg	18145
2026-09-17T15:41:04+05:00	dsn/62/95/001/screenshot_12.png	187269
2026-09-17T15:41:05+05:00	dsn/62/95/001/thumb/screenshot_12.png	37602
2026-09-17T15:41:05+05:00	dsn/62/95/002/screenshot_12.png	599907
2026-09-17T15:41:05+05:00	dsn/62/95/002/thumb/screenshot_12.png	57579
2026-09-17T15:41:05+05:00	dsn/62/bf/001/11.jpg	82161
2026-09-17T15:41:05+05:00	dsn/62/bf/001/thumb/11.jpg	4701
2026-09-17T15:41:06+05:00	dsn/62/bf/003/11.jpg	86841
2026-09-17T15:41:06+05:00	dsn/62/bf/003/thumb/11.jpg	7901
2026-09-17T15:41:06+05:00	dsn/62/e3/001/thumb/galerey.jpg	38457
2026-09-17T15:41:06+05:00	dsn/63/8e/001/3_3.png	171098
2026-09-17T15:41:06+05:00	dsn/63/8e/001/thumb/3_3.png	20017
2026-09-17T15:41:06+05:00	dsn/63/48/001/logonscreenrotator_thumb1.jpg	42264
2026-09-17T15:41:07+05:00	dsn/63/48/001/thumb/logonscreenrotator_thumb1.jpg	5127
2026-09-17T15:41:07+05:00	dsn/63/52/001/gsxazddmfbpcivna6fapkp7dnugie9uq_1.jpg	97980
2026-09-17T15:41:07+05:00	dsn/63/52/001/thumb/gsxazddmfbpcivna6fapkp7dnugie9uq_1.jpg	4507
2026-09-17T15:41:07+05:00	dsn/63/80/001/thumb/zagruzheno.png	131979
2026-09-17T15:41:07+05:00	dsn/63/98/001/thumb/knopka.gif	11673
2026-09-17T15:41:07+05:00	dsn/63/98/002/thumb/knopka.gif	29544
2026-09-17T15:41:08+05:00	dsn/63/e1/001/flat.jpg	276190
2026-09-17T15:41:08+05:00	dsn/63/e1/001/thumb/flat.jpg	3285
2026-09-17T15:41:08+05:00	dsn/63/e3/001/thumb/js-app-patterns1.jpg	28575
2026-09-17T15:41:08+05:00	dsn/64/6a/003/7e4891f971d67ec47260d4bce1b92a45-ud0ox.jpg	19160
2026-09-17T15:41:08+05:00	dsn/64/6a/003/thumb/7e4891f971d67ec47260d4bce1b92a45-ud0ox.jpg	6080
2026-09-17T15:41:08+05:00	dsn/64/6a/004/7e4891f971d67ec47260d4bce1b92a45-ud0ox.jpg	19160
2026-09-17T15:41:09+05:00	dsn/64/6a/004/thumb/7e4891f971d67ec47260d4bce1b92a45-ud0ox.jpg	6080
2026-09-17T15:41:09+05:00	dsn/64/33/001/thumb/domen_pri_prodvigenii.jpg	21407
2026-09-17T15:41:09+05:00	dsn/64/94/001/hardwood_backgammon_dlya_android1.png	136312
2026-09-17T15:41:09+05:00	dsn/64/94/001/thumb/hardwood_backgammon_dlya_android1.png	30426
2026-09-17T15:41:09+05:00	dsn/64/da/001/thumb/snimok_ekrana_19.png	91958
2026-09-17T15:41:09+05:00	dsn/65/5d/001/drweb-light.png	269421
2026-09-17T15:41:10+05:00	dsn/65/5d/001/thumb/drweb-light.png	15580
2026-09-17T15:41:10+05:00	dsn/65/62/001/2661c12697cd41bd088fa3547df63a51.jpg	22815
2026-09-17T15:41:10+05:00	dsn/65/62/001/thumb/2661c12697cd41bd088fa3547df63a51.jpg	4361
2026-09-17T15:41:10+05:00	dsn/65/68/001/thumb/ultrauxthemepatcher-303-en_1.png	39310
2026-09-17T15:41:10+05:00	dsn/65/68/001/ultrauxthemepatcher-303-en_1.png	214544
2026-09-17T15:41:10+05:00	dsn/66/11/001/thumb/hovereffectideas.jpg	45109
2026-09-17T15:41:11+05:00	dsn/66/22/001/thumb/forma.gif	44824
2026-09-17T15:41:11+05:00	dsn/66/db/001/thumb/rabstol_net_funny_03.jpg	23866
2026-09-17T15:41:11+05:00	dsn/66/e0/001/thumb/news.gif	16876
2026-09-17T15:41:11+05:00	dsn/67/49/001/59ba7f4f6f62fee760c141b2e276738e.jpg	36694
2026-09-17T15:41:11+05:00	dsn/67/49/001/thumb/59ba7f4f6f62fee760c141b2e276738e.jpg	5774
2026-09-17T15:41:11+05:00	dsn/67/71/001/thumb/kak-perenesti-sayt-s-denvera-na-hosting.jpg	16995
2026-09-17T15:41:12+05:00	dsn/67/b7/001/takova_eta_zhizn_-_glavnaya_stranica.png	271411
2026-09-17T15:41:12+05:00	dsn/67/b7/001/thumb/takova_eta_zhizn_-_glavnaya_stranica.png	82249
2026-09-17T15:41:12+05:00	dsn/68/0f/001/thumb/unnamed_5.jpg	7277
2026-09-17T15:41:12+05:00	dsn/68/0f/001/unnamed_5.jpg	29798
2026-09-17T15:41:12+05:00	dsn/68/9b/001/thumb/unnamedca5k8tuz.png	47893
2026-09-17T15:41:13+05:00	dsn/68/31/001/thumb/zagruzhennoe_2.png	50298
2026-09-17T15:41:13+05:00	dsn/68/31/001/zagruzhennoe_2.png	524735
2026-09-17T15:41:13+05:00	dsn/68/b6/001/thumb/antilich.jpg	7614
2026-09-17T15:41:13+05:00	dsn/68/f5/001/thumb/fourboxes.jpg	25602
2026-09-17T15:41:13+05:00	dsn/69/54/001/thumb/na_raione_-_panel_upravleniya1.png	64832
2026-09-17T15:41:13+05:00	dsn/69/96/001/1_2.jpg	26416
2026-09-17T15:41:14+05:00	dsn/69/96/001/thumb/1_2.jpg	7827
2026-09-17T15:41:14+05:00	dsn/70/09/001/thumb/klon.gif	5170
2026-09-17T15:41:14+05:00	dsn/70/7c/001/gadzhety-rabochego-stola.jpg	53836
2026-09-17T15:41:14+05:00	dsn/70/7c/001/thumb/gadzhety-rabochego-stola.jpg	9007
2026-09-17T15:41:14+05:00	dsn/70/bd/001/thumb/screenshot_16h_43m_43s.jpg	37631
2026-09-17T15:41:14+05:00	dsn/71/81/001/favicon-16x16.png	1431
2026-09-17T15:41:15+05:00	dsn/71/81/001/thumb/favicon-16x16.png	863
2026-09-17T15:41:15+05:00	dsn/72/9f/001/thumb/fiksirovannoe-gorizontalnoe-menyu-vverhu-saita-na-jquery.png	110827
2026-09-17T15:41:15+05:00	dsn/72/25/001/7776472b2ec44d0d032242a94da.jpg	37636
2026-09-17T15:41:15+05:00	dsn/72/46/001/thumb/bbb108d88c084789b3aaf12970a71a0f.png	112435
2026-09-17T15:41:15+05:00	dsn/73/36/001/dodge-wallpapers.jpg	101307
2026-09-17T15:41:15+05:00	dsn/73/36/001/thumb/dodge-wallpapers.jpg	4010
2026-09-17T15:41:16+05:00	dsn/73/36/001/thumb/maxresdefault.png	99902
2026-09-17T15:41:16+05:00	dsn/73/e9/001/zagruzheno_2.jpg	13048
2026-09-17T15:41:16+05:00	dsn/74/3d/001/snimok47.png	41516
2026-09-17T15:41:16+05:00	dsn/74/3d/001/thumb/snimok47.png	80762
2026-09-17T15:41:16+05:00	dsn/74/5b/001/thumb/screenshot_15h_06m_58s.jpg	35244
2026-09-17T15:41:16+05:00	dsn/74/7a/001/image28115835_4f6650da16aef9787d177286200753ce.jpg	108243
2026-09-17T15:41:17+05:00	dsn/74/7a/001/thumb/image28115835_4f6650da16aef9787d177286200753ce.jpg	4744
2026-09-17T15:41:17+05:00	dsn/74/ce/001/thumb/vb_vb_mishki.jpg	5529
2026-09-17T15:41:17+05:00	dsn/74/ce/001/vb_vb_mishki.jpg	116353
2026-09-17T15:41:17+05:00	dsn/74/d7/001/thumb/2014-07-14-tex-02.jpg	65147
2026-09-17T15:41:17+05:00	dsn/74/dd/001/thumb/cheki.gif	14113
2026-09-17T15:41:17+05:00	dsn/75/61/001/gugl.jpg	44712
2026-09-17T15:41:18+05:00	dsn/75/61/001/thumb/gugl.jpg	3687
2026-09-17T15:41:18+05:00	dsn/76/dd/001/thumb/1240552725_1234616204_157.jpg	5739
2026-09-17T15:41:18+05:00	dsn/77/b7/001/1367915914_0.jpg	50335
2026-09-17T15:41:18+05:00	dsn/77/b7/001/thumb/1367915914_0.jpg	3740
2026-09-17T15:41:18+05:00	dsn/77/d6/001/racing_rivals_dlya_android.jpeg	49145
2026-09-17T15:41:18+05:00	dsn/77/d6/001/thumb/racing_rivals_dlya_android.jpeg	5504
2026-09-17T15:41:19+05:00	dsn/78/3e/001/thumb/highlight_code_libs.png	20644
2026-09-17T15:41:19+05:00	dsn/78/a8/001/thumb/z.jpg	4274
2026-09-17T15:41:19+05:00	dsn/78/a8/001/z.jpg	56857
2026-09-17T15:41:19+05:00	dsn/78/dd/001/thumb/redirekt.jpg	20103
2026-09-17T15:41:19+05:00	dsn/78/e2/001/thumb/sticky_footer_-_skolzyaszee_menyu1.png	73752
2026-09-17T15:41:19+05:00	dsn/79/9b/001/3.jpg	42723
2026-09-17T15:41:20+05:00	dsn/79/9b/001/thumb/3.jpg	6145
2026-09-17T15:41:20+05:00	dsn/79/9b/002/3.jpg	252941
2026-09-17T15:41:20+05:00	dsn/79/9b/002/thumb/3.jpg	6483
2026-09-17T15:41:20+05:00	dsn/79/9b/003/3.jpg	36976
2026-09-17T15:41:20+05:00	dsn/79/9b/003/thumb/3.jpg	6198
2026-09-17T15:41:20+05:00	dsn/79/20/001/csr_racing_dlya_android2.png	685609
2026-09-17T15:41:21+05:00	dsn/79/20/001/thumb/csr_racing_dlya_android2.png	44458
2026-09-17T15:41:21+05:00	dsn/79/25/001/thumb/912441_3.gif	14343
2026-09-17T15:41:21+05:00	dsn/79/34/001/thumb/oriflame_vv_si_-_-_html_5_tegi.png	69534
2026-09-17T15:41:21+05:00	dsn/79/45/001/thumb/img.gif	45361
2026-09-17T15:41:21+05:00	dsn/79/b7/001/asus-zenwatch-3-hands-on-title-image.jpg	91748
2026-09-17T15:41:21+05:00	dsn/79/b7/001/thumb/asus-zenwatch-3-hands-on-title-image.jpg	4244
2026-09-17T15:41:22+05:00	dsn/80/5b/001/thumb/screenshot_12h_18m_46s.jpg	27164
2026-09-17T15:41:22+05:00	dsn/80/6b/001/thumb/semantic-structure-2.png	34898
2026-09-17T15:41:22+05:00	dsn/80/79/001/haki_i_skripty_next_generation_cms.png	1009687
2026-09-17T15:41:22+05:00	dsn/80/79/001/thumb/haki_i_skripty_next_generation_cms.png	146180
2026-09-17T15:41:22+05:00	dsn/80/ae/001/thumb/blueberry__prostoi_i_legkii_jquery_slaider_dlya_izobrazhenii_-_divosite.png	89315
2026-09-17T15:41:23+05:00	dsn/80/e0/001/thumb/2025-03-20_17-55-15.png	232781
2026-09-17T15:41:23+05:00	dsn/80/fa/001/thumb/unnamed_4.jpg	7724
2026-09-17T15:41:23+05:00	dsn/80/fa/001/unnamed_4.jpg	31675
2026-09-17T15:41:23+05:00	dsn/81/6d/001/thumb/1346858624_keyboardlayout.jpg	5635
2026-09-17T15:41:23+05:00	dsn/81/c2/001/isk.jpg	17562
2026-09-17T15:41:23+05:00	dsn/81/c2/001/thumb/isk.jpg	3732
2026-09-17T15:41:24+05:00	dsn/82/4d/001/thumb/screenshot_10h_38m_21s.jpg	14524
2026-09-17T15:41:24+05:00	dsn/82/26/001/thumb/screenshot_86.png	33278
2026-09-17T15:41:24+05:00	dsn/82/56/001/thumb/266.jpg	21425
2026-09-17T15:41:24+05:00	dsn/82/66/001/5.png	142790
2026-09-17T15:41:24+05:00	dsn/82/66/001/thumb/5.png	15573
2026-09-17T15:41:24+05:00	dsn/82/db/001/s_1_racing_rivals.jpg	16341
2026-09-17T15:41:25+05:00	dsn/82/db/001/thumb/s_1_racing_rivals.jpg	3854
2026-09-17T15:41:25+05:00	dsn/83/71/001/thumb/_pl61jqw1ia7w2r7at13fdzwqre.gif	11938
2026-09-17T15:41:25+05:00	dsn/83/74/001/thumb/screenshot_31.png	101575
2026-09-17T15:41:25+05:00	dsn/83/a4/001/pr_866_img_5296-500x500.jpg	25631
2026-09-17T15:41:25+05:00	dsn/83/a4/001/thumb/pr_866_img_5296-500x500.jpg	2477
2026-09-17T15:41:25+05:00	dsn/84/4f/001/multikalendar_kalendar_so_smenoi_fona_i_vida_v_zavisimosti_ot_vremeni_goda_-_flash_raznoe_-_katalog_failov_-_xflash_flash_animacii.png	23387
2026-09-17T15:41:26+05:00	dsn/84/4f/001/thumb/multikalendar_kalendar_so_smenoi_fona_i_vida_v_zavisimosti_ot_vremeni_goda_-_flash_raznoe_-_katalog_failov_-_xflash_flash_animacii.png	43134
2026-09-17T15:41:26+05:00	dsn/84/4f/002/multikalendar_kalendar_so_smenoi_fona_i_vida_v_zavisimosti_ot_vremeni_goda_-_flash_raznoe_-_katalog_failov_-_xflash_flash_animacii.png	23387
2026-09-17T15:41:26+05:00	dsn/84/4f/002/thumb/multikalendar_kalendar_so_smenoi_fona_i_vida_v_zavisimosti_ot_vremeni_goda_-_flash_raznoe_-_katalog_failov_-_xflash_flash_animacii.png	43134
2026-09-17T15:41:26+05:00	dsn/84/4f/003/multikalendar_kalendar_so_smenoi_fona_i_vida_v_zavisimosti_ot_vremeni_goda_-_flash_raznoe_-_katalog_failov_-_xflash_flash_animacii.png	23387
2026-09-17T15:41:26+05:00	dsn/84/4f/003/thumb/multikalendar_kalendar_so_smenoi_fona_i_vida_v_zavisimosti_ot_vremeni_goda_-_flash_raznoe_-_katalog_failov_-_xflash_flash_animacii.png	43134
2026-09-17T15:41:26+05:00	dsn/84/99/001/thumb/pages.png	7182
2026-09-17T15:41:27+05:00	dsn/84/d0/001/3_1.png	596999
2026-09-17T15:41:27+05:00	dsn/84/d0/001/thumb/3_1.png	22996
2026-09-17T15:41:27+05:00	dsn/85/3f/001/thumb/deskop___oboi__priroda___krasivye_vidy.jpeg	32209
2026-09-17T15:41:27+05:00	dsn/85/b6/001/screenshot_11.png	223323
2026-09-17T15:41:27+05:00	dsn/85/b6/001/thumb/screenshot_11.png	38748
2026-09-17T15:41:27+05:00	dsn/85/b6/002/screenshot_11.png	506628
2026-09-17T15:41:28+05:00	dsn/85/b6/002/thumb/screenshot_11.png	47932
2026-09-17T15:41:28+05:00	dsn/85/e7/001/446940_14.png	18960
2026-09-17T15:42:02+05:00	dsn/85/e7/001/thumb/446940_14.png	4188
2026-09-17T15:42:02+05:00	dsn/86/1c/001/meizu.jpg	28609
2026-09-17T15:42:02+05:00	dsn/86/1c/001/thumb/meizu.jpg	3882
2026-09-17T15:42:02+05:00	dsn/86/87/001/china-wallpapers-megapack.jpg	125643
2026-09-17T15:42:02+05:00	dsn/86/87/001/thumb/china-wallpapers-megapack.jpg	6264
2026-09-17T15:42:02+05:00	dsn/86/94/001/2837626.png	39474
2026-09-17T15:42:03+05:00	dsn/86/a3/001/skachat_oboi_dlya_rabochego_stola_v_arhivah__shirokoformatnye_oboi_skachat_arhiv__kollekcii_luchshie_kachestvennye_oboi_skachat_arhiv.png	219352
2026-09-17T15:42:03+05:00	dsn/86/a3/001/thumb/skachat_oboi_dlya_rabochego_stola_v_arhivah__shirokoformatnye_oboi_skachat_arhiv__kollekcii_luchshie_kachestvennye_oboi_skachat_arhiv.png	26979
2026-09-17T15:42:03+05:00	dsn/86/ad/001/besplatnye_shablony_ng_cms_-_glavnaya_stranica.png	343675
2026-09-17T15:42:03+05:00	dsn/86/ad/001/thumb/besplatnye_shablony_ng_cms_-_glavnaya_stranica.png	74316
2026-09-17T15:42:03+05:00	dsn/86/e7/001/thumb/fluks.gif	25889
2026-09-17T15:42:03+05:00	dsn/86/ea/001/daad1863029cefdf1df714e114ad0e5e.jpg	37413
2026-09-17T15:42:04+05:00	dsn/86/ea/001/thumb/daad1863029cefdf1df714e114ad0e5e.jpg	5923
2026-09-17T15:42:04+05:00	dsn/87/4a/001/thumb/polevye-cvety-2.jpg	26544
2026-09-17T15:42:04+05:00	dsn/87/62/001/thumb/notification.png	126759
2026-09-17T15:42:04+05:00	dsn/88/0a/002/scroll_ves.jpg	15150
2026-09-17T15:42:04+05:00	dsn/88/0a/002/thumb/scroll_ves.jpg	4650
2026-09-17T15:42:04+05:00	dsn/88/87/001/thumb/1d16bef878.png	34303
2026-09-17T15:42:05+05:00	dsn/88/dd/001/s03389052.jpg	33488
2026-09-17T15:42:05+05:00	dsn/88/dd/001/thumb/s03389052.jpg	8594
2026-09-17T15:42:05+05:00	dsn/89/34/001/thumb/copyprotect.jpg	92818
2026-09-17T15:42:05+05:00	dsn/90/9a/001/thumb/zagruzhennoe_3.jpg	9404
2026-09-17T15:42:05+05:00	dsn/90/9a/002/thumb/zagruzhennoe_3.jpg	7876
2026-09-17T15:42:05+05:00	dsn/90/40/001/thumb/screenshot_21h_06m_49s.jpg	18093
2026-09-17T15:42:06+05:00	dsn/90/ff/001/thumb/haki_i_skripty_next_generation_cms_-_palitra_cvetov_-_palitra_cvetov_1.png	25250
2026-09-17T15:42:06+05:00	dsn/91/44/001/norton_ms-03-720.png	76601
2026-09-17T15:42:06+05:00	dsn/91/44/001/thumb/norton_ms-03-720.png	8039
2026-09-17T15:42:06+05:00	dsn/91/44/002/norton_ms-03-720.png	93244
2026-09-17T15:42:06+05:00	dsn/91/44/002/thumb/norton_ms-03-720.png	13347
2026-09-17T15:42:06+05:00	dsn/91/60/001/artificial_sun.png	383727
2026-09-17T15:42:07+05:00	dsn/91/60/001/thumb/artificial_sun.png	66331
2026-09-17T15:42:07+05:00	dsn/91/66/001/s69253539.jpg	55251
2026-09-17T15:42:07+05:00	dsn/91/66/001/thumb/s69253539.jpg	55170
2026-09-17T15:42:07+05:00	dsn/91/67/001/thumb/fe54192a8936d4682f0bb01b6dec530c.jpg	6085
2026-09-17T15:42:07+05:00	dsn/91/70/001/thumb/haki_i_skripty_next_generation_cms___raznoe__nastroika_plaginov___ustanovka_dvizhka_ngcms.png	67384
2026-09-17T15:42:08+05:00	dsn/91/f8/001/media-tape_7601.png	2875
2026-09-17T15:42:08+05:00	dsn/91/f8/001/thumb/media-tape_7601.png	2719
2026-09-17T15:42:08+05:00	dsn/92/6b/001/razdel_contextmenuhandlers.png	39334
2026-09-17T15:42:08+05:00	dsn/92/6b/001/thumb/razdel_contextmenuhandlers.png	10540
2026-09-17T15:42:08+05:00	dsn/92/e2/001/thumb/tztu2ftkytm.jpg	18953
2026-09-17T15:42:08+05:00	dsn/93/6a/001/thumb/ui_tabs.jpg	7065
2026-09-17T15:42:09+05:00	dsn/93/81/001/thumb/images_1.jpg	7177
2026-09-17T15:42:09+05:00	dsn/93/81/002/thumb/images_1.jpg	12339
2026-09-17T15:42:09+05:00	dsn/93/81/003/thumb/images_1.jpg	5691
2026-09-17T15:42:09+05:00	dsn/93/81/004/thumb/images_1.jpg	5691
2026-09-17T15:42:09+05:00	dsn/93/81/005/thumb/images_1.jpg	5691
2026-09-17T15:42:10+05:00	dsn/93/81/006/thumb/images_1.jpg	5691
2026-09-17T15:42:10+05:00	dsn/93/81/007/thumb/images_1.jpg	11594
2026-09-17T15:42:10+05:00	dsn/93/81/008/thumb/images_1.jpg	8429
2026-09-17T15:42:10+05:00	dsn/94/2f/001/thumb/reklama.gif	32007
2026-09-17T15:42:10+05:00	dsn/94/d6/001/s74769737.jpg	44937
2026-09-17T15:42:11+05:00	dsn/94/d6/001/thumb/s74769737.jpg	10735
2026-09-17T15:42:11+05:00	dsn/95/70/001/thumb/images_4.jpg	5242
2026-09-17T15:42:11+05:00	dsn/95/70/002/thumb/images_4.jpg	12089
2026-09-17T15:42:11+05:00	dsn/96/be/001/thumb/menu2.gif	10899
2026-09-17T15:42:11+05:00	dsn/97/35/001/thumb/301.png	46133
2026-09-17T15:42:11+05:00	dsn/97/52/001/screenshot_38.png	557980
2026-09-17T15:42:12+05:00	dsn/97/52/001/thumb/screenshot_38.png	16435
2026-09-17T15:42:12+05:00	dsn/97/f7/001/thumb/vivo.jpg	3279
2026-09-17T15:42:12+05:00	dsn/97/f7/001/vivo.jpg	43704
2026-09-17T15:42:12+05:00	dsn/98/2d/001/1442563423_no-mans-sky-hello-games.jpg	38788
2026-09-17T15:42:12+05:00	dsn/98/35/001/thumb/windows-logon-screen-rotator-latest-version.jpg	5500
2026-09-17T15:42:12+05:00	dsn/98/35/001/windows-logon-screen-rotator-latest-version.jpg	80255
2026-09-17T15:42:13+05:00	dsn/98/76/001/44.jpg	57769
2026-09-17T15:42:13+05:00	dsn/98/76/001/thumb/44.jpg	3888
2026-09-17T15:42:13+05:00	dsn/98/76/002/44.jpg	121925
2026-09-17T15:42:13+05:00	dsn/98/76/002/thumb/44.jpg	8743
2026-09-17T15:42:13+05:00	dsn/98/ec/001/thumb/easy-tooltip.jpg	85686
2026-09-17T15:42:13+05:00	dsn/98/fb/001/thumb/screenshot_23h_20m_48s.jpg	41457
2026-09-17T15:42:14+05:00	dsn/99/0b/001/thumb/1440312804_y2l4gvqwimu.jpg	90251
2026-09-17T15:42:14+05:00	dsn/99/81/001/thumb/google-captcha-recaptcha-logo.jpg	46106
2026-09-17T15:42:14+05:00	dsn/99/88/001/qjpcnqdjja8.jpg	17140
2026-09-17T15:42:14+05:00	dsn/99/88/001/thumb/qjpcnqdjja8.jpg	3943
2026-09-17T15:42:14+05:00	dsn/a0/3e/001/thumb/titl.gif	62698
2026-09-17T15:42:14+05:00	dsn/a0/17/001/thumb/001.jpg	8453
2026-09-17T15:42:15+05:00	dsn/a0/ee/002/thumb/screen_2013_2_5_20-58-42_0.jpg	16969
2026-09-17T15:42:15+05:00	dsn/a0/f6/001/1367915914_4.png	38444
2026-09-17T15:42:15+05:00	dsn/a0/f6/001/thumb/1367915914_4.png	12769
2026-09-17T15:42:15+05:00	dsn/a1/4e/001/skaner3.jpg	27524
2026-09-17T15:42:15+05:00	dsn/a1/4e/001/thumb/skaner3.jpg	3181
2026-09-17T15:42:15+05:00	dsn/a1/35/001/thumb/1382321427.png	99170
2026-09-17T15:42:16+05:00	dsn/a1/dd/001/8755825.png	41002
2026-09-17T15:42:16+05:00	dsn/a3/30/001/thumb/knop.gif	28553
2026-09-17T15:42:16+05:00	dsn/a3/66/001/thumb/traser1.jpg	6008
2026-09-17T15:42:16+05:00	dsn/a3/66/001/traser1.jpg	31779
2026-09-17T15:42:16+05:00	dsn/a3/c4/001/screenshot_24.png	113943
2026-09-17T15:42:16+05:00	dsn/a3/c4/001/thumb/screenshot_24.png	7935
2026-09-17T15:42:17+05:00	dsn/a3/fa/001/img4.jpg	58655
2026-09-17T15:42:17+05:00	dsn/a3/fa/001/thumb/img4.jpg	4433
2026-09-17T15:42:17+05:00	dsn/a4/01/001/loker4.png	76651
2026-09-17T15:42:17+05:00	dsn/a4/01/001/thumb/loker4.png	16612
2026-09-17T15:42:17+05:00	dsn/a4/99/001/thumb/tweakslogonss2.jpg	3962
2026-09-17T15:42:17+05:00	dsn/a4/99/001/tweakslogonss2.jpg	34967
2026-09-17T15:42:18+05:00	dsn/a4/bc/001/thumb/f22c618f03e7019b84c69831946fa09d.png	32551
2026-09-17T15:42:18+05:00	dsn/a4/bc/002/thumb/f22c618f03e7019b84c69831946fa09d.png	32551
2026-09-17T15:42:18+05:00	dsn/a5/0c/001/screenshot_98.png	118265
2026-09-17T15:42:18+05:00	dsn/a5/4e/001/thumb/databases_large.jpg	82674
2026-09-17T15:42:18+05:00	dsn/a5/21/001/thumb/1327877825_zachita2_dleteam_ru.jpg	19514
2026-09-17T15:42:18+05:00	dsn/a5/81/001/screenshot_9.png	137653
2026-09-17T15:42:19+05:00	dsn/a5/81/001/thumb/screenshot_9.png	16015
2026-09-17T15:42:19+05:00	dsn/a5/a3/001/thumb/sql.jpg	60892
2026-09-17T15:42:19+05:00	dsn/a5/bb/001/thumb/novatory___pryzhki_po_vode__2_sezon__novye_serii___multik____youtube.png	10424
2026-09-17T15:42:19+05:00	dsn/a5/cf/001/thumb/demo_for_very_beautiful_css3_transition_animated_buttons.png	28726
2026-09-17T15:42:19+05:00	dsn/a5/d3/001/4600229.png	87980
2026-09-17T15:42:19+05:00	dsn/a5/f5/001/thumb/oblaco2.gif	23290
2026-09-17T15:42:20+05:00	dsn/a6/00/001/aston2-logo.jpg	12136
2026-09-17T15:42:20+05:00	dsn/a6/00/001/thumb/aston2-logo.jpg	5936
2026-09-17T15:42:20+05:00	dsn/a6/7d/001/thumb/uvedom.gif	46384
2026-09-17T15:42:20+05:00	dsn/a6/74/001/c9fc83ec721351de99ea8e74ff4368c1.jpeg	57285
2026-09-17T15:42:20+05:00	dsn/a6/74/001/thumb/c9fc83ec721351de99ea8e74ff4368c1.jpeg	7767
2026-09-17T15:42:20+05:00	dsn/a6/86/001/s_999.jpg	21881
2026-09-17T15:42:21+05:00	dsn/a6/86/001/thumb/s_999.jpg	3734
2026-09-17T15:42:21+05:00	dsn/a6/86/002/s_999.jpg	20720
2026-09-17T15:42:21+05:00	dsn/a6/86/002/thumb/s_999.jpg	3648
2026-09-17T15:42:21+05:00	dsn/a6/86/003/s_999.jpg	20625
2026-09-17T15:42:21+05:00	dsn/a6/86/003/thumb/s_999.jpg	3861
2026-09-17T15:42:21+05:00	dsn/a6/89/001/thumb/sicurezza-wordpress-guida-definitiva-htaccess.png	88958
2026-09-17T15:42:22+05:00	dsn/a7/ba/001/4k_rain_video_wallpaper.jpg	13084
2026-09-17T15:42:22+05:00	dsn/a7/ba/001/thumb/4k_rain_video_wallpaper.jpg	3798
2026-09-17T15:42:22+05:00	dsn/a8/0b/001/thumb/tag.gif	39161
2026-09-17T15:42:22+05:00	dsn/a8/4b/001/buheirf.jpg	29724
2026-09-17T15:42:22+05:00	dsn/a8/4b/001/thumb/buheirf.jpg	5495
2026-09-17T15:42:22+05:00	dsn/a8/9a/001/thumb/oficialnyi_veb-sait_google_analytics_veb-analitika_i_otchety__google_analytics.png	28778
2026-09-17T15:42:23+05:00	dsn/a8/26/001/racing_rivals_dlya_android1.jpeg	73652
2026-09-17T15:42:23+05:00	dsn/a8/26/001/thumb/racing_rivals_dlya_android1.jpeg	6626
2026-09-17T15:42:23+05:00	dsn/a8/56/001/51fe06a86045.jpg	20387
2026-09-17T15:42:23+05:00	dsn/a8/56/001/thumb/51fe06a86045.jpg	3424
2026-09-17T15:42:23+05:00	dsn/a8/ad/001/thumb/screenshot_23h_03m_05s.jpg	8745
2026-09-17T15:42:23+05:00	dsn/a8/e2/001/5efd3d078921bb1727b8c05e1668e879.jpeg	70050
2026-09-17T15:42:24+05:00	dsn/a8/e2/001/thumb/5efd3d078921bb1727b8c05e1668e879.jpeg	9979
2026-09-17T15:42:24+05:00	dsn/a9/70/001/blog_ne_o_glavnom_-_glavnaya_stranica.png	297810
2026-09-17T15:42:24+05:00	dsn/a9/70/001/thumb/blog_ne_o_glavnom_-_glavnaya_stranica.png	74631
2026-09-17T15:42:24+05:00	dsn/a9/b6/001/thumb/screenshot_46.jpg	55251
2026-09-17T15:42:24+05:00	dsn/aa/55/001/thumb/teksturnye_fotografii_ukrainskogo_podvizhnogo_sostava_-_glavnaya_stranica1.png	122509
2026-09-17T15:42:24+05:00	dsn/aa/80/001/thumb/609605da12db.gif	2395
2026-09-17T15:42:25+05:00	dsn/aa/94/001/thumb/abc0824f2b06.jpg	45552
2026-09-17T15:42:25+05:00	dsn/aa/c9/001/s_bez_imeni1.jpg	15251
2026-09-17T15:42:25+05:00	dsn/aa/c9/001/thumb/s_bez_imeni1.jpg	3673
2026-09-17T15:42:25+05:00	dsn/ab/5d/001/c0117808f783.jpg	51288
2026-09-17T15:42:25+05:00	dsn/ab/5d/001/thumb/c0117808f783.jpg	9670
2026-09-17T15:42:26+05:00	dsn/ab/92/001/roslavl-kaliningrad_tury_v_polshu_evropu_pribaltiku__novogodnie_tury__ekskursii_po_kaliningradu_i_oblasti__shkolnye_t-1.png	623768
2026-09-17T15:42:26+05:00	dsn/ab/92/001/thumb/roslavl-kaliningrad_tury_v_polshu_evropu_pribaltiku__novogodnie_tury__ekskursii_po_kaliningradu_i_oblasti__shkolnye_t-1.png	94567
2026-09-17T15:42:26+05:00	dsn/ac/83/001/divan.jpg	375215
2026-09-17T15:42:26+05:00	dsn/ac/83/001/thumb/divan.jpg	3297
2026-09-17T15:42:26+05:00	dsn/ac/b9/001/1469039899_1-20.jpg	132499
2026-09-17T15:42:26+05:00	dsn/ad/4a/001/thumb/lightboxl.gif	16936
2026-09-17T15:42:27+05:00	dsn/ad/7f/001/thumb/0000.jpg	102745
2026-09-17T15:42:27+05:00	dsn/ad/39/001/circle_dock3.gif	16821
2026-09-17T15:42:27+05:00	dsn/ad/66/001/thumb/windows8-launcher-v1_5.jpg	3635
2026-09-17T15:42:27+05:00	dsn/ad/66/001/windows8-launcher-v1_5.jpg	38738
2026-09-17T15:42:27+05:00	dsn/ad/b3/001/thumb/miralinks.gif	26480
2026-09-17T15:42:27+05:00	dsn/ad/d0/001/counter-strike_1_6.png	528802
2026-09-17T15:42:28+05:00	dsn/ad/d0/001/thumb/counter-strike_1_6.png	81384
2026-09-17T15:42:28+05:00	dsn/ae/0e/001/thumb/input.gif	1982
2026-09-17T15:42:28+05:00	dsn/ae/41/001/thumb/screenshot_50.png	30340
2026-09-17T15:42:28+05:00	dsn/ae/56/001/10.jpg	9839
2026-09-17T15:42:28+05:00	dsn/ae/56/001/thumb/10.jpg	4483
2026-09-17T15:42:28+05:00	dsn/ae/99/001/thumb/1284990701.jpg	17514
2026-09-17T15:42:29+05:00	dsn/ae/e1/001/zagruzheno_6.jpg	9251
2026-09-17T15:42:29+05:00	dsn/af/4a/001/thumb/screenshot_15h_25m_31s.jpg	28487
2026-09-17T15:42:29+05:00	dsn/af/5d/001/thumb/screenshot_19h_56m_40s.jpg	31422
2026-09-17T15:42:29+05:00	dsn/af/6a/001/thumb/34.gif	18847
2026-09-17T15:42:29+05:00	dsn/af/9c/001/s_kartinka.jpg	15640
2026-09-17T15:42:29+05:00	dsn/af/9c/001/thumb/s_kartinka.jpg	3701
2026-09-17T15:42:30+05:00	dsn/af/49/001/thumb/screenshot_35.png	28016
2026-09-17T15:42:30+05:00	dsn/af/55/001/thumb/screen_2013_1_8_1-1-17_9.jpg	17350
2026-09-17T15:42:30+05:00	dsn/af/b9/001/capture-high-quality-video-recording-your-samsung-galaxy-s3s-screen_w654.jpg	31382
2026-09-17T15:42:30+05:00	dsn/af/b9/001/thumb/capture-high-quality-video-recording-your-samsung-galaxy-s3s-screen_w654.jpg	4116
2026-09-17T15:42:30+05:00	dsn/af/be/001/thumb/bar.gif	16486
2026-09-17T15:42:30+05:00	dsn/af/f1/001/thumb/table2-1.jpg	7005
2026-09-17T15:42:31+05:00	dsn/b0/0f/001/dab5300261ef24088a65341b1ea1e85d.jpeg	35558
2026-09-17T15:42:31+05:00	dsn/b0/0f/001/thumb/dab5300261ef24088a65341b1ea1e85d.jpeg	6136
2026-09-17T15:42:31+05:00	dsn/b0/b5/001/thumb/screenshot_23.png	45888
2026-09-17T15:42:31+05:00	dsn/b0/d2/001/thumb/trainz_railroad_simulator_in_ukraine_-_golovna_storinka.png	107502
2026-09-17T15:42:31+05:00	dsn/b0/d2/001/trainz_railroad_simulator_in_ukraine_-_golovna_storinka.png	705239
2026-09-17T15:42:31+05:00	dsn/b0/e0/001/thumb/play22.gif	20792
2026-09-17T15:42:32+05:00	dsn/b1/28/001/thumb/timeline-thumb.jpg	60280
2026-09-17T15:42:32+05:00	dsn/b1/65/001/thumb/underground_racer_hd_dlya_android1.png	26699
2026-09-17T15:42:32+05:00	dsn/b1/65/001/underground_racer_hd_dlya_android1.png	257408
2026-09-17T15:42:32+05:00	dsn/b1/df/001/thumb/screenshot_25.png	18053
2026-09-17T15:42:32+05:00	dsn/b1/f1/001/thumb/vatsap1.jpg	4876
2026-09-17T15:42:32+05:00	dsn/b1/f1/001/vatsap1.jpg	75837
2026-09-17T15:42:33+05:00	dsn/b1/f9/001/1442563324_1-2.jpg	29954
2026-09-17T15:42:33+05:00	dsn/b2/1f/001/thumb/35.jpg	17025
2026-09-17T15:42:33+05:00	dsn/b3/24/001/222.png	235790
2026-09-17T15:42:33+05:00	dsn/b3/24/001/thumb/222.png	33109
2026-09-17T15:42:33+05:00	dsn/b3/60/001/thumb/pagin.jpg	5375
2026-09-17T15:42:34+05:00	dsn/b4/83/001/thumb/01587788.png	15624
2026-09-17T15:42:34+05:00	dsn/b4/87/001/thumb/twig.png	74102
2026-09-17T15:42:34+05:00	dsn/b4/fb/001/image_19.jpg	41223
2026-09-17T15:42:34+05:00	dsn/b4/fb/001/thumb/image_19.jpg	4716
2026-09-17T15:42:34+05:00	dsn/b4/fd/001/003_x.jpg	8536
2026-09-17T15:42:34+05:00	dsn/b4/fd/001/thumb/003_x.jpg	3573
2026-09-17T15:42:35+05:00	dsn/b5/3d/001/thumb/65149581_1286780960_colors.png	63194
2026-09-17T15:42:35+05:00	dsn/b5/64/001/neon-glow-icon-pack.png	39353
2026-09-17T15:42:35+05:00	dsn/b5/64/001/thumb/neon-glow-icon-pack.png	28706
2026-09-17T15:42:35+05:00	dsn/b5/e8/001/thumb/zagruzheno.jpg	11286
2026-09-17T15:42:35+05:00	dsn/b5/e8/002/zagruzheno.jpg	13100
2026-09-17T15:42:35+05:00	dsn/b6/80/001/thumb/1362439713_sucks.png	108076
2026-09-17T15:42:36+05:00	dsn/b6/89/001/thumb/nofollow-noindex.jpg	13805
2026-09-17T15:44:01+05:00	images/priroda/natura_324.jpg	1042486
2026-09-17T15:44:01+05:00	images/fentazi/inside_the_forest___part_ii_by_blinck.jpg	1038677
2026-09-17T15:44:01+05:00	images/zveri/animals_83.jpg	1032699
2026-09-17T15:44:01+05:00	images/priroda/natura_348.jpg	1029254
2026-09-17T15:44:02+05:00	images/priroda/natura_222.jpg	1024078
2026-09-17T15:44:02+05:00	images/priroda/natura_328.jpg	1023985
2026-09-17T15:44:02+05:00	images/priroda/natura_161.jpg	1022410
2026-09-17T15:44:02+05:00	images/igry/games_83.jpg	1021832
2026-09-17T15:44:02+05:00	images/igry/games_104.jpg	1021823
2026-09-17T15:44:02+05:00	images/priroda/natura_97.jpg	1016646
2026-09-17T15:44:03+05:00	images/priroda/natura_472.jpg	1012995
2026-09-17T15:44:03+05:00	images/fony/fone_41.jpg	1011536
2026-09-17T15:44:03+05:00	og/8684c6564358649f4f34e32c9e02058c_og.png	1006394
2026-09-17T15:44:03+05:00	images/arhitektura/architecture_39.jpg	1000492
2026-09-17T15:44:03+05:00	images/zveri/animals_197.jpg	998389
2026-09-17T15:44:03+05:00	images/priroda/natura_181.jpg	996211
2026-09-17T15:44:04+05:00	images/igry/games_31.jpg	995341
2026-09-17T15:44:04+05:00	images/zveri/animals_184.jpg	993919
2026-09-17T15:44:04+05:00	images/priroda/natura_196.jpg	992578
2026-09-17T15:44:04+05:00	images/abstraktnye/abstract_10.jpg	988938
2026-09-17T15:44:04+05:00	images/priroda/natura_489.jpg	988860
2026-09-17T15:44:04+05:00	images/fony/fone_8.jpg	987817
2026-09-17T15:44:05+05:00	images/priroda/natura_2.jpg	987365
2026-09-17T15:44:05+05:00	images/priroda/natura_458.jpg	981735
2026-09-17T15:44:05+05:00	images/priroda/natura_91.jpg	977619
2026-09-17T15:44:05+05:00	images/priroda/natura_456.jpg	973122
2026-09-17T15:44:05+05:00	images/priroda/natura_64.jpg	967977
2026-09-17T15:44:05+05:00	images/priroda/natura_100.jpg	966537
2026-09-17T15:44:06+05:00	images/priroda/natura_451.jpg	965720
2026-09-17T15:44:06+05:00	images/igry/by_mr_dinomit_37.jpg	963372
2026-09-17T15:44:06+05:00	images/priroda/natura_237.jpg	956807
2026-09-17T15:44:06+05:00	images/priroda/natura_289.jpg	954278
2026-09-17T15:44:06+05:00	images/priroda/natura_247.jpg	952410
2026-09-17T15:44:07+05:00	dsn/d8/06/001/proekt_-ty_dizainer-_-_glavnaya_stranica.png	949621
2026-09-17T15:44:07+05:00	images/priroda/natura_173.jpg	947319
2026-09-17T15:44:07+05:00	images/igry/games_84.jpg	947143
2026-09-17T15:44:07+05:00	images/priroda/natura_1.jpg	943247
2026-09-17T15:44:07+05:00	images/zveri/animals_82.jpg	942444
2026-09-17T15:44:07+05:00	images/zveri/animals_81.jpg	941393
2026-09-17T15:44:08+05:00	images/priroda/natura_1954.jpg	939141
2026-09-17T15:44:08+05:00	images/priroda/natura_498.jpg	938712
2026-09-17T15:44:08+05:00	images/devushki/girls_165.jpg	938424
2026-09-17T15:44:08+05:00	images/zveri/animals_160.jpg	934995
2026-09-17T15:44:08+05:00	images/fentazi/cold__warm__and_snowy_by_blinck-d3kfict.jpg	933964
2026-09-17T15:44:08+05:00	images/priroda/natura_138.jpg	931252
2026-09-17T15:44:09+05:00	images/priroda/natura_454.jpg	925751
2026-09-17T15:44:09+05:00	images/priroda/natura_344.jpg	923034
2026-09-17T15:44:09+05:00	images/priroda/natura_306.jpg	916486
2026-09-17T15:44:09+05:00	images/devushki/girls_132.jpg	916403
2026-09-17T15:44:09+05:00	images/priroda/natura_310.jpg	914198
2026-09-17T15:44:09+05:00	images/priroda/natura_326.jpg	914198
2026-09-17T15:44:10+05:00	images/priroda/natura_216.jpg	914147
2026-09-17T15:44:10+05:00	images/priroda/natura_482.jpg	912847
2026-09-17T15:44:10+05:00	dsn/cc/fa/001/warrior_chess_dlya_android2.png	909696
2026-09-17T15:44:11+05:00	images/igry/games_151.jpg	908449
2026-09-17T15:44:11+05:00	images/priroda/natura_108.jpg	907026
2026-09-17T15:44:11+05:00	images/igry/games_140.jpg	903901
2026-09-17T15:44:11+05:00	images/arhitektura/architecture_23.jpg	902224
2026-09-17T15:44:11+05:00	images/fentazi/forgotten_lands_i_by_blinck-d3a7uom.jpg	899629
2026-09-17T15:44:11+05:00	images/zveri/animals_121.jpg	899029
2026-09-17T15:44:12+05:00	images/zveri/cat_5.jpg	899029
2026-09-17T15:44:12+05:00	images/tekstury/computerdesktopwallpaperscollection444_022.jpg	897319
2026-09-17T15:44:12+05:00	images/priroda/natura_111.jpg	895590
2026-09-17T15:44:12+05:00	images/priroda/natura_461.jpg	895507
2026-09-17T15:44:12+05:00	images/fentazi/enchanted_lake_by_blinck-d4ofok3.jpg	895327
2026-09-17T15:44:12+05:00	images/priroda/natura_9.jpg	894497
2026-09-17T15:44:13+05:00	images/fentazi/moss_and_stones_by_blinck-d4gyfcw.jpg	893402
2026-09-17T15:44:13+05:00	images/kosmos/kosmos_198.jpg	893046
2026-09-17T15:44:13+05:00	images/zveri/animals_146.jpg	891952
2026-09-17T15:44:13+05:00	images/devushki/girls_142.jpg	889093
2026-09-17T15:44:13+05:00	images/igry/games_126.jpg	885964
2026-09-17T15:44:13+05:00	images/3d/3dgrafics_109.jpg	885677
2026-09-17T15:44:14+05:00	images/fony/fone_40.jpg	885506
2026-09-17T15:44:14+05:00	og/8502dea7104664d992549c4742869e6f_og.png	884447
2026-09-17T15:44:14+05:00	images/fentazi/forest_stream_attempt_4a_by_andrekosslick-d58woyc.jpg	884014
2026-09-17T15:44:14+05:00	images/priroda/natura_218.jpg	883180
2026-09-17T15:44:14+05:00	images/fentazi/yggdrasil_ii_by_blinck-d566uc6.jpg	882717
2026-09-17T15:44:15+05:00	images/igry/by_mr_dinomit_43.jpg	882014
2026-09-17T15:44:15+05:00	images/priroda/natura_474.jpg	881698
2026-09-17T15:44:15+05:00	images/zveri/animals_185.jpg	880669
2026-09-17T15:44:15+05:00	images/igry/games_49.jpg	876347
2026-09-17T15:44:15+05:00	images/devushki/girls_249.jpg	874952
2026-09-17T15:44:15+05:00	images/devushki/girls_252.jpg	874411
2026-09-17T15:44:16+05:00	images/priroda/natura_67.jpg	872133
2026-09-17T15:44:16+05:00	images/igry/games_149.jpg	869743
2026-09-17T15:44:16+05:00	images/devushki/girls_149.jpg	865629
2026-09-17T15:44:16+05:00	images/devushki/girls_219.jpg	862007
2026-09-17T15:44:16+05:00	images/priroda/natura_159.jpg	860209
2026-09-17T15:44:17+05:00	images/devushki/girls_183.jpg	857554
2026-09-17T15:44:17+05:00	images/priroda/natura_463.jpg	856823
2026-09-17T15:44:17+05:00	images/priroda/natura_383.jpg	856562
2026-09-17T15:44:17+05:00	images/igry/games_41.jpg	853564
2026-09-17T15:44:17+05:00	images/igry/games_18.jpg	853207
2026-09-17T15:44:17+05:00	images/kosmos/kosmos_178.jpg	851854
2026-09-17T15:44:18+05:00	images/priroda/natura_131.jpg	850912
2026-09-17T15:44:18+05:00	images/fentazi/farthest_land_by_blinck-d4trfkp.jpg	847492
2026-09-17T15:44:18+05:00	images/priroda/natura_195.jpg	846366
2026-09-17T15:44:18+05:00	images/priroda/0iev59-mountains-lake-landscape-nature.jpg	845029
2026-09-17T15:44:18+05:00	images/priroda/natura_304.jpg	844814
2026-09-17T15:44:18+05:00	images/igry/games_13.jpg	843159
2026-09-17T15:44:19+05:00	images/fentazi/landscape_by_andreasrocha-d5d6ycs.jpg	841012
2026-09-17T15:44:19+05:00	images/fentazi/clarity_by_korbox.jpg	840002
2026-09-17T15:44:19+05:00	images/devushki/girls_174.jpg	838965
2026-09-17T15:44:19+05:00	images/igry/games_95.jpg	838039
2026-09-17T15:44:19+05:00	images/fentazi/enchanted_forest_ii_by_blinck-d2znf06.jpg	834751
2026-09-17T15:44:19+05:00	images/zveri/animals_193.jpg	834016
2026-09-17T15:44:20+05:00	images/zveri/animals_124.jpg	831867
2026-09-17T15:44:20+05:00	images/zveri/cat_8.jpg	831867
2026-09-17T15:44:20+05:00	images/igry/games_120.jpg	830781
2026-09-17T15:44:20+05:00	images/priroda/natura_453.jpg	829502
2026-09-17T15:44:20+05:00	images/priroda/natura_440.jpg	825062
2026-09-17T15:44:20+05:00	images/devushki/girls_129.jpg	824242
2026-09-17T15:44:20+05:00	images/priroda/natura_144.jpg	822710
2026-09-17T15:44:21+05:00	images/devushki/girls_220.jpg	821018
2026-09-17T15:44:21+05:00	images/zveri/animals_198.jpg	820600
2026-09-17T15:44:21+05:00	images/priroda/natura_192.jpg	816198
2026-09-17T15:44:21+05:00	images/fentazi/exile_by_blinck-d5bxy1e.jpg	814549
2026-09-17T15:44:21+05:00	images/priroda/natura_285.jpg	814416
2026-09-17T15:44:21+05:00	images/fentazi/gruneflind_valley_by_grungetv-d5nqifu.jpg	813693
2026-09-17T15:44:22+05:00	images/zveri/animals_13.jpg	813275
2026-09-17T15:44:22+05:00	images/igry/games_81.jpg	813082
2026-09-17T15:44:22+05:00	images/priroda/natura_213.jpg	811876
2026-09-17T15:44:22+05:00	images/zveri/animals_144.jpg	808932
2026-09-17T15:44:22+05:00	images/zveri/animals_174.jpg	804879
2026-09-17T15:44:22+05:00	images/priroda/natura_37.jpg	804739
2026-09-17T15:44:23+05:00	images/zveri/animals_66.jpg	804689
2026-09-17T15:44:23+05:00	images/igry/5.jpg	804471
2026-09-17T15:44:23+05:00	images/igry/games_7.jpg	804471
2026-09-17T15:44:23+05:00	images/igry/by_mr_dinomit_38.jpg	803540
2026-09-17T15:44:23+05:00	images/zveri/animals_117.jpg	800548
2026-09-17T15:44:23+05:00	images/zveri/cat_1.jpg	800548
2026-09-17T15:44:24+05:00	images/fentazi/dust_and_ashes_by_blinck-d3fnfa1.jpg	798877
2026-09-17T15:44:24+05:00	images/arhitektura/architecture_1.jpg	792519
2026-09-17T15:44:24+05:00	images/fentazi/commission___forest_by_blinck-d4etffo.jpg	791964
2026-09-17T15:44:24+05:00	images/zveri/animals_120.jpg	791150
2026-09-17T15:44:24+05:00	images/zveri/cat_4.jpg	791150
2026-09-17T15:44:24+05:00	images/fony/fone_32.jpg	790732
2026-09-17T15:44:25+05:00	images/arhitektura/architecture_159.jpg	787333
2026-09-17T15:44:25+05:00	images/devushki/055_wpyu_devushki.jpg	786663
2026-09-17T15:44:25+05:00	images/igry/games_56.jpg	786173
2026-09-17T15:44:25+05:00	images/priroda/natura_203.jpg	785252
2026-09-17T15:44:25+05:00	images/devushki/girls_96.jpg	784500
2026-09-17T15:44:25+05:00	images/devushki/girls_106.jpg	783273
2026-09-17T15:44:26+05:00	images/devushki/girls_97.jpg	783146
2026-09-17T15:44:26+05:00	images/devushki/girls_98.jpg	780514
2026-09-17T15:44:26+05:00	images/devushki/girls_145.jpg	780463
2026-09-17T15:44:26+05:00	images/devushki/girls_166.jpg	778984
2026-09-17T15:44:26+05:00	images/devushki/girls_162.jpg	778530
2026-09-17T15:44:26+05:00	images/fony/fone_30.jpg	778514
2026-09-17T15:44:27+05:00	images/priroda/natura_232.jpg	777021
2026-09-17T15:44:27+05:00	images/devushki/girls_99.jpg	774424
2026-09-17T15:44:27+05:00	images/devushki/girls_100.jpg	773828
2026-09-17T15:44:27+05:00	images/igry/9.jpg	771299
2026-09-17T15:44:27+05:00	images/igry/games_11.jpg	771299
2026-09-17T15:44:27+05:00	images/fentazi/game_project_03_by_puyoakira-d4fwag4.jpg	771028
2026-09-17T15:44:28+05:00	images/devushki/girls_101.jpg	770666
2026-09-17T15:44:28+05:00	images/devushki/girls_218.jpg	770346
2026-09-17T15:44:28+05:00	images/priroda/natura_103.jpg	769370
2026-09-17T15:44:28+05:00	images/priroda/natura_205.jpg	769280
2026-09-17T15:44:28+05:00	images/devushki/girls_102.jpg	767821
2026-09-17T15:44:28+05:00	images/devushki/girls_103.jpg	761964
2026-09-17T15:44:29+05:00	images/devushki/girls_104.jpg	761069
2026-09-17T15:44:29+05:00	images/igry/games_106.jpg	760623
2026-09-17T15:44:29+05:00	images/devushki/girls_105.jpg	757087
2026-09-17T15:44:29+05:00	images/devushki/girls_232.jpg	756544
2026-09-17T15:44:29+05:00	images/devushki/10.jpg	756264
2026-09-17T15:44:29+05:00	images/devushki/girls_19.jpg	756264
2026-09-17T15:44:30+05:00	images/igry/games_122.jpg	755578
2026-09-17T15:44:30+05:00	images/priroda/natura_129.jpg	754088
2026-09-17T15:44:30+05:00	dsn/e7/1b/001/solar_system_hd_deluxe_edition_dlya_android3.png	753834
2026-09-17T15:44:30+05:00	images/zveri/animals_51.jpg	753656
2026-09-17T15:44:30+05:00	images/zveri/animals_43.jpg	750642
2026-09-17T15:44:30+05:00	images/devushki/girls_20.jpg	750261
2026-09-17T15:44:31+05:00	images/igry/games_121.jpg	749973
2026-09-17T15:44:31+05:00	images/igry/games_136.jpg	748769
2026-09-17T15:44:31+05:00	images/priroda/natura_123.jpg	747694
2026-09-17T15:44:31+05:00	dsn/ef/c3/001/screenshot_45.png	746873
2026-09-17T15:44:31+05:00	images/devushki/girls_21.jpg	746285
2026-09-17T15:44:31+05:00	images/priroda/natura_94.jpg	745147
2026-09-17T15:44:32+05:00	images/devushki/094_wpyu_devushki.jpg	744757
2026-09-17T15:44:32+05:00	images/default/gif_1533099826.gif	743476
2026-09-17T15:44:32+05:00	images/devushki/girls_231.jpg	740940
2026-09-17T15:44:32+05:00	images/priroda/natura_74.jpg	740693
2026-09-17T15:44:32+05:00	images/priroda/0b0b81371140-1.jpg	740622
2026-09-17T15:44:32+05:00	images/priroda/natura_446.jpg	739658
2026-09-17T15:44:32+05:00	images/zveri/animals_80.jpg	738901
2026-09-17T15:44:33+05:00	images/devushki/056_wpyu_devushki.jpg	738059
2026-09-17T15:44:33+05:00	images/igry/games_27.jpg	737943
2026-09-17T15:44:33+05:00	images/arhitektura/architecture_34.jpg	736319
2026-09-17T15:44:33+05:00	images/devushki/girls_22.jpg	735670
2026-09-17T15:44:33+05:00	images/priroda/natura_121.jpg	735434
2026-09-17T15:44:33+05:00	images/zveri/animals_127.jpg	729251
2026-09-17T15:44:34+05:00	images/zveri/animals_125.jpg	727640
2026-09-17T15:44:34+05:00	images/zveri/cat_9.jpg	727640
2026-09-17T15:44:34+05:00	images/arhitektura/architecture_144.jpg	726940
2026-09-17T15:44:34+05:00	images/devushki/girls_23.jpg	726531
2026-09-17T15:44:34+05:00	dsn/f5/c5/001/haki_i_skripty_next_generation_cms_-_interfeis_slaidshou_i_animaciya_-_slaider_kontenta_slidejs_na_jquery.png	725895
2026-09-17T15:44:34+05:00	images/devushki/girls_24.jpg	725156
2026-09-17T15:44:35+05:00	images/igry/games_228.jpg	724565
2026-09-17T15:44:35+05:00	images/arhitektura/architecture_16.jpg	724540
2026-09-17T15:48:34+05:00	dsn/bd/0c/001/tooltip.rar	1611
2026-09-17T15:48:34+05:00	dsn/c6/9e/001/archangel.zip	124148
2026-09-17T15:48:34+05:00	dsn/fa/3a/001/fail_url.zip	915
2026-09-17T15:48:35+05:00	files/default/another-reputation-system_v1_5.zip	61121
2026-09-17T15:48:35+05:00	files/default/composer_patches.zip	1729
2026-09-17T15:48:35+05:00	files/default/downloads.zip	952
2026-09-17T15:49:50+05:00	dsn/b6/97/001/logonscreenrotatorsettings1.jpg	38499
2026-09-17T15:49:50+05:00	dsn/b6/97/001/thumb/logonscreenrotatorsettings1.jpg	4777
2026-09-17T15:49:50+05:00	dsn/b6/d9/001/thumb/notepad_logo.png	11620
2026-09-17T15:49:50+05:00	dsn/b6/e2/001/circle-dock-screenshot.jpg	69775
2026-09-17T15:49:51+05:00	dsn/b7/d2/001/thumb/font.gif	15797
2026-09-17T15:49:51+05:00	dsn/b8/6f/001/4445.jpg	44855
2026-09-17T15:49:51+05:00	dsn/b8/6f/001/thumb/4445.jpg	3712
2026-09-17T15:49:51+05:00	dsn/b8/b7/001/thumb/screenshot_34.jpg	57336
2026-09-17T15:49:51+05:00	dsn/b8/e4/001/s_glav.jpg	21315
2026-09-17T15:49:52+05:00	dsn/b8/e4/001/thumb/s_glav.jpg	3899
2026-09-17T15:49:52+05:00	dsn/b8/e5/001/thumb/screenshot_46.png	5383
2026-09-17T15:49:52+05:00	dsn/b8/fd/001/thumb/rrurs.gif	23445
2026-09-17T15:49:52+05:00	dsn/b9/8d/001/0b9c2j36uo0ud1kxrgut9goxh.jpg	529930
2026-09-17T15:49:52+05:00	dsn/b9/58/001/thumb/screenshot_11h_52m_05s.jpg	7312
2026-09-17T15:49:52+05:00	dsn/ba/60/001/thumb/copy.jpg	48779
2026-09-17T15:49:53+05:00	dsn/ba/b0/001/kortana.jpg	8344
2026-09-17T15:49:53+05:00	dsn/ba/b0/001/thumb/kortana.jpg	4328
2026-09-17T15:49:53+05:00	dsn/ba/bb/001/thumb/1379219263_screenshot_5.png	23070
2026-09-17T15:49:53+05:00	dsn/bc/9f/001/thumb/sliderpro-responsive-jquery-wordpress-slider.png	45468
2026-09-17T15:49:53+05:00	dsn/bc/65/001/thumb/screenshot_22h_14m_06s.jpg	10201
2026-09-17T15:49:54+05:00	dsn/bc/e0/001/e2a9b3d9d820.jpg	32996
2026-09-17T15:49:54+05:00	dsn/bc/e0/001/thumb/e2a9b3d9d820.jpg	4447
2026-09-17T15:49:54+05:00	dsn/bc/f0/001/package_games_1497.png	7417
2026-09-17T15:49:54+05:00	dsn/bc/f0/001/thumb/package_games_1497.png	6790
2026-09-17T15:49:54+05:00	dsn/bd/48/001/10256408.png	12240
2026-09-17T15:49:54+05:00	dsn/bd/76/001/image_22.jpg	29886
2026-09-17T15:49:55+05:00	dsn/bd/76/001/thumb/image_22.jpg	7108
2026-09-17T15:49:55+05:00	dsn/bd/d1/001/s_bs.png	64349
2026-09-17T15:49:55+05:00	dsn/bd/d1/001/thumb/s_bs.png	14496
2026-09-17T15:49:55+05:00	dsn/bd/e3/001/hayden-panettiere-wallpapers.jpg	75139
2026-09-17T15:49:55+05:00	dsn/bd/e3/001/thumb/hayden-panettiere-wallpapers.jpg	4717
2026-09-17T15:49:55+05:00	dsn/be/87/001/nature-landscape-2-500x375.jpg	65295
2026-09-17T15:49:56+05:00	dsn/be/87/001/thumb/nature-landscape-2-500x375.jpg	5544
2026-09-17T15:49:56+05:00	dsn/be/b2/001/displayfusion_5_1_1_beta_72.png	81644
2026-09-17T15:49:56+05:00	dsn/be/b2/001/thumb/displayfusion_5_1_1_beta_72.png	15323
2026-09-17T15:49:56+05:00	dsn/bf/1a/001/thumb/132789800_5722516_videobg_1.jpg	77320
2026-09-17T15:49:56+05:00	dsn/bf/33/001/thumb/2022-01-27_16-45-06.png	140073
2026-09-17T15:49:57+05:00	dsn/bf/47/001/thumb/screenshot_1.png	6937
2026-09-17T15:49:57+05:00	dsn/bf/47/002/thumb/screenshot_1.png	56487
2026-09-17T15:49:57+05:00	dsn/bf/99/001/frama.jpg	23779
2026-09-17T15:49:57+05:00	dsn/bf/99/001/thumb/frama.jpg	3108
2026-09-17T15:49:57+05:00	dsn/bf/ca/001/thumb/screenshot_88.png	59311
2026-09-17T15:49:57+05:00	dsn/bf/ca/002/thumb/screenshot_88.png	70456
2026-09-17T15:49:58+05:00	dsn/c0/0b/001/13.png	110448
2026-09-17T15:49:58+05:00	dsn/c0/0b/001/thumb/13.png	15770
2026-09-17T15:49:58+05:00	dsn/c0/39/001/thumb/post-33742-0-65260400-1388129431.jpg	100453
2026-09-17T15:49:58+05:00	dsn/c0/76/001/thumb/demka___html5___tegi_i_atributy_html5.png	4110
2026-09-17T15:49:58+05:00	dsn/c1/38/001/3022089.png	107403
2026-09-17T15:49:58+05:00	dsn/c1/59/001/thumb/animation-3.jpg	4618
2026-09-17T15:49:59+05:00	dsn/c1/ad/001/racing_rivals_dlya_android2.jpeg	68433
2026-09-17T15:49:59+05:00	dsn/c1/ad/001/thumb/racing_rivals_dlya_android2.jpeg	7025
2026-09-17T15:49:59+05:00	dsn/c1/ae/001/thumb/screenshot_47.png	58525
2026-09-17T15:49:59+05:00	dsn/c2/6d/001/thumb/demo_for_a_colorful_clock_with_css__jquery.png	30438
2026-09-17T15:49:59+05:00	dsn/c2/73/001/2_1.jpg	41333
2026-09-17T15:49:59+05:00	dsn/c2/73/001/thumb/2_1.jpg	7019
2026-09-17T15:50:00+05:00	dsn/c2/f8/001/thumb/zagruzhennoe_1.jpg	8824
2026-09-17T15:50:00+05:00	dsn/c2/f8/002/thumb/zagruzhennoe_1.jpg	11260
2026-09-17T15:50:00+05:00	dsn/c2/f8/003/thumb/zagruzhennoe_1.jpg	11176
2026-09-17T15:50:00+05:00	dsn/c2/f8/004/thumb/zagruzhennoe_1.jpg	4318
2026-09-17T15:50:00+05:00	dsn/c2/f8/005/thumb/zagruzhennoe_1.jpg	7368
2026-09-17T15:50:01+05:00	dsn/c2/f8/006/thumb/zagruzhennoe_1.jpg	26133
2026-09-17T15:50:01+05:00	dsn/c3/3f/001/madzhong_pasyans_dlya_android2.png	213196
2026-09-17T15:50:01+05:00	dsn/c3/3f/001/thumb/madzhong_pasyans_dlya_android2.png	40883
2026-09-17T15:50:01+05:00	dsn/c3/6f/001/thumb/apache-htaccess.jpg	80595
2026-09-17T15:50:01+05:00	dsn/c3/7a/001/thumb/2025-03-11_14-03-40.png	165190
2026-09-17T15:50:02+05:00	dsn/c3/7c/001/thumb/2025-03-03_12-57-49.png	24542
2026-09-17T15:50:02+05:00	dsn/c3/47/001/6ktw2gy40k1a7ry35g98p3qr7.jpg	300547
2026-09-17T15:50:02+05:00	dsn/c3/95/001/thumb/demka_-_glavnaya_stranica1.png	52867
2026-09-17T15:50:02+05:00	dsn/c3/d1/001/thumb/button3.jpg	13054
2026-09-17T15:50:02+05:00	dsn/c4/06/001/3d_speed_car_parking_dlya_android2.jpeg	36172
2026-09-17T15:50:02+05:00	dsn/c4/06/001/thumb/3d_speed_car_parking_dlya_android2.jpeg	6812
2026-09-17T15:50:03+05:00	dsn/c4/6e/001/screenshot_7.png	146178
2026-09-17T15:50:03+05:00	dsn/c4/6e/001/thumb/screenshot_7.png	11962
2026-09-17T15:50:03+05:00	dsn/c4/7f/001/s51195704.jpg	35899
2026-09-17T15:50:03+05:00	dsn/c4/7f/001/thumb/s51195704.jpg	9251
2026-09-17T15:50:03+05:00	dsn/c4/8b/001/blokirovszik.jpg	57483
2026-09-17T15:50:04+05:00	dsn/c4/8b/001/thumb/blokirovszik.jpg	4454
2026-09-17T15:50:04+05:00	dsn/c4/16/001/thumb/screen_2013_2_12_16-19-43_3.jpg	1835
2026-09-17T15:50:04+05:00	dsn/c4/37/001/thumb/1312025718_moomenu.png	33190
2026-09-17T15:50:04+05:00	dsn/c4/af/001/thumb/airena_wallapack_133_21.jpg	3650
2026-09-17T15:50:04+05:00	dsn/c5/12/001/norton_ms-01-720.png	99379
2026-09-17T15:50:05+05:00	dsn/c5/12/001/thumb/norton_ms-01-720.png	7164
2026-09-17T15:50:05+05:00	dsn/c5/dd/001/thumb/slideoutreloaded1.png	37021
2026-09-17T15:50:05+05:00	dsn/c5/f3/001/thumb/zagruzhennoe_10.jpg	9324
2026-09-17T15:50:05+05:00	dsn/c6/47/001/thumb/chto-takoe-rss-1280x720.png	185566
2026-09-17T15:50:05+05:00	dsn/c6/cb/001/s_gunnerweatherwallpaper-m.jpg	19184
2026-09-17T15:50:05+05:00	dsn/c6/cb/001/thumb/s_gunnerweatherwallpaper-m.jpg	3904
2026-09-17T15:50:06+05:00	dsn/c7/4a/001/thumb/traser3.jpg	6154
2026-09-17T15:50:06+05:00	dsn/c7/4a/001/traser3.jpg	31194
2026-09-17T15:50:06+05:00	dsn/c7/73/001/screenshot_49.png	304166
2026-09-17T15:50:06+05:00	dsn/c7/73/001/thumb/screenshot_49.png	12961
2026-09-17T15:50:06+05:00	dsn/c7/76/001/thumb/screenshot_23h_23m_59s.jpg	103473
2026-09-17T15:50:06+05:00	dsn/c7/99/001/loker.png	20721
2026-09-17T15:50:07+05:00	dsn/c7/99/001/thumb/loker.png	8590
2026-09-17T15:50:07+05:00	dsn/c7/cf/001/c52f6f03551cd0633c49847392b735df.jpg	53635
2026-09-17T15:50:07+05:00	dsn/c7/cf/001/thumb/c52f6f03551cd0633c49847392b735df.jpg	6559
2026-09-17T15:50:07+05:00	dsn/c7/e9/001/thumb/browser-caching-defined-270955.png	26223
2026-09-17T15:50:07+05:00	dsn/c8/0c/001/thumb/zagruzhennoe_9.jpg	16732
2026-09-17T15:50:08+05:00	dsn/c8/25/001/1432726748_adblock-plus.jpg	16120
2026-09-17T15:50:08+05:00	dsn/c8/52/001/alcatel-onetouch-fierce-xl-windows_story.jpg	30559
2026-09-17T15:50:08+05:00	dsn/c8/52/001/thumb/alcatel-onetouch-fierce-xl-windows_story.jpg	2917
2026-09-17T15:50:08+05:00	dsn/c8/75/001/thumb/format.gif	22989
2026-09-17T15:50:08+05:00	dsn/c8/f8/001/thumb/i-_1__07b2c531.avif	9374
2026-09-17T15:50:08+05:00	dsn/c9/09/002/mobila.jpg	44104
2026-09-17T15:50:09+05:00	dsn/c9/09/002/thumb/mobila.jpg	2793
2026-09-17T15:50:09+05:00	dsn/c9/8d/001/thumb/search.gif	9490
2026-09-17T15:50:09+05:00	dsn/c9/ce/001/thumb/avto_slajder.jpg	12854
2026-09-17T15:50:09+05:00	dsn/ca/2c/001/10715586.png	37603
2026-09-17T15:50:09+05:00	dsn/ca/ef/001/snimok52345.png	25324
2026-09-17T15:50:10+05:00	dsn/ca/ef/001/thumb/snimok52345.png	95573
2026-09-17T15:50:10+05:00	dsn/cb/61/001/39a447887d64b0852a55772e8f8b34db.jpg	32991
2026-09-17T15:50:10+05:00	dsn/cb/61/001/thumb/39a447887d64b0852a55772e8f8b34db.jpg	5789
2026-09-17T15:50:10+05:00	dsn/cb/78/001/thumb/formate.gif	15200
2026-09-17T15:50:10+05:00	dsn/cb/ed/001/skaner.jpg	11450
2026-09-17T15:50:10+05:00	dsn/cb/ed/001/thumb/skaner.jpg	2680
2026-09-17T15:50:11+05:00	dsn/cc/5c/001/thumb/win1201.jpg	5592
2026-09-17T15:50:11+05:00	dsn/cc/5c/001/win1201.jpg	20106
2026-09-17T15:50:11+05:00	dsn/cc/fa/001/thumb/warrior_chess_dlya_android2.png	50370
2026-09-17T15:50:11+05:00	dsn/cd/17/001/demons-and-monsters.jpg	78951
2026-09-17T15:50:11+05:00	dsn/cd/17/001/thumb/demons-and-monsters.jpg	6417
2026-09-17T15:50:11+05:00	dsn/cd/17/001/thumb/link.gif	16581
2026-09-17T15:50:12+05:00	dsn/cd/21/001/thumb/tpl_image.png	124212
2026-09-17T15:50:12+05:00	dsn/cd/21/002/thumb/tpl_image.png	112724
2026-09-17T15:50:12+05:00	dsn/cd/21/003/thumb/tpl_image.png	144464
2026-09-17T15:50:12+05:00	dsn/cd/21/004/thumb/tpl_image.png	132400
2026-09-17T15:50:12+05:00	dsn/cd/21/005/thumb/tpl_image.png	63941
2026-09-17T15:50:12+05:00	dsn/cd/21/006/thumb/tpl_image.png	145843
2026-09-17T15:50:13+05:00	dsn/cd/21/007/thumb/tpl_image.png	112922
2026-09-17T15:50:13+05:00	dsn/cd/21/008/thumb/tpl_image.png	145086
2026-09-17T15:50:13+05:00	dsn/cd/21/009/thumb/tpl_image.png	45427
2026-09-17T15:50:13+05:00	dsn/cd/21/010/thumb/tpl_image.png	113000
2026-09-17T15:50:13+05:00	dsn/cd/21/011/thumb/tpl_image.png	63154
2026-09-17T15:50:14+05:00	dsn/cd/21/012/thumb/tpl_image.png	151597
2026-09-17T15:50:14+05:00	dsn/cd/21/013/thumb/tpl_image.png	155911
2026-09-17T15:50:14+05:00	dsn/cd/21/014/thumb/tpl_image.png	169160
2026-09-17T15:50:14+05:00	dsn/cd/40/001/1424020099_nabor-tem-dlya-win7.jpg	212504
2026-09-17T15:50:14+05:00	dsn/cd/40/001/thumb/1424020099_nabor-tem-dlya-win7.jpg	5676
2026-09-17T15:50:14+05:00	dsn/ce/73/001/thumb/verstka_shablonov_spomoszyu_tega_div.png	108597
2026-09-17T15:50:15+05:00	dsn/ce/78/001/thumb/2025-03-23_10-38-02.png	241415
2026-09-17T15:50:15+05:00	dsn/ce/87/001/thumb/horizontal_drop_down_menus.png	24296
2026-09-17T15:50:15+05:00	dsn/ce/bd/001/1396288205_launcher8-androidlauncher-windows8.jpg	60702
2026-09-17T15:50:15+05:00	dsn/ce/bd/001/thumb/1396288205_launcher8-androidlauncher-windows8.jpg	7315
2026-09-17T15:50:15+05:00	dsn/ce/fc/001/thumb/shk_kz_277643494_2014309858748577_7427019266238830402_n.png	353246
2026-09-17T15:50:16+05:00	dsn/cf/30/001/thumb/ckeditor_demo_-_ckeditor_com.png	54681
2026-09-17T15:50:16+05:00	dsn/cf/54/001/thumb/uyxpq9zk83i.jpg	3765
2026-09-17T15:50:16+05:00	dsn/cf/54/001/uyxpq9zk83i.jpg	37218
2026-09-17T15:50:16+05:00	dsn/cf/d9/001/logon-screen-rotator-settings.jpg	38948
2026-09-17T15:50:16+05:00	dsn/cf/d9/001/thumb/logon-screen-rotator-settings.jpg	3869
2026-09-17T15:50:16+05:00	dsn/cf/dd/001/thumb/screenshot_54.png	22963
2026-09-17T15:50:17+05:00	dsn/d0/09/001/4.jpg	34938
2026-09-17T15:50:17+05:00	dsn/d0/09/001/thumb/4.jpg	6246
2026-09-17T15:50:17+05:00	dsn/d0/89/001/thumb/xnews.gif	15412
2026-09-17T15:50:17+05:00	dsn/d0/89/001/xnews.gif	240602
2026-09-17T15:50:17+05:00	dsn/d0/97/001/thumb/2026-06-01_11-15-35_93de4044.png	266185
2026-09-17T15:50:17+05:00	dsn/d1/00/001/thumb/2d51edb1f1419dbf04f8fb0e2dbf6725.png	19649
2026-09-17T15:50:18+05:00	dsn/d1/80/001/altdesk.jpg	29410
2026-09-17T15:50:18+05:00	dsn/d1/80/001/thumb/altdesk.jpg	5225
2026-09-17T15:50:18+05:00	dsn/d1/99/001/1_1.png	599031
2026-09-17T15:50:18+05:00	dsn/d1/99/001/thumb/1_1.png	25802
2026-09-17T15:50:18+05:00	dsn/d1/de/001/m13kjhw6peyaxlutidlfu4c3j.jpg	346430
2026-09-17T15:50:19+05:00	dsn/d2/51/001/thumb/2025-04-10_11-43-55.png	18492
2026-09-17T15:50:19+05:00	dsn/d2/cb/001/thumb/20140508212407.png	20920
2026-09-17T15:50:19+05:00	dsn/d2/da/001/thumb/jquery.jpg	53104
2026-09-17T15:50:19+05:00	dsn/d3/43/001/thumb/telefon.png	2013
2026-09-17T15:50:19+05:00	dsn/d3/96/001/thumb/full.gif	57678
2026-09-17T15:50:19+05:00	dsn/d3/fe/001/thumb/radioknopka.png	39721
2026-09-17T15:50:20+05:00	dsn/d4/1d/001/thumb/table1.jpg	9659
2026-09-17T15:50:20+05:00	dsn/d4/3a/001/screenshot_15.png	184734
2026-09-17T15:50:20+05:00	dsn/d4/3a/001/thumb/screenshot_15.png	26881
2026-09-17T15:50:20+05:00	dsn/d4/3a/002/screenshot_15.png	184636
2026-09-17T15:50:20+05:00	dsn/d4/3a/002/thumb/screenshot_15.png	41432
2026-09-17T15:50:20+05:00	dsn/d4/3a/003/screenshot_15.png	269150
2026-09-17T15:50:21+05:00	dsn/d4/3a/003/thumb/screenshot_15.png	14580
2026-09-17T15:50:21+05:00	dsn/d4/9c/001/skaip.jpg	44353
2026-09-17T15:50:21+05:00	dsn/d4/9c/001/thumb/skaip.jpg	2792
2026-09-17T15:50:21+05:00	dsn/d4/18/001/thumb/slider.gif	88514
2026-09-17T15:50:21+05:00	dsn/d4/18/002/thumb/slider.gif	80304
2026-09-17T15:50:22+05:00	dsn/d4/32/001/thumb/zagruzhennoe_7.png	60480
2026-09-17T15:50:22+05:00	dsn/d4/50/001/s_minecraft-pocket-edition.jpg	20813
2026-09-17T15:50:22+05:00	dsn/d4/50/001/thumb/s_minecraft-pocket-edition.jpg	4748
2026-09-17T15:50:22+05:00	dsn/d4/81/001/loker1.png	76501
2026-09-17T15:50:22+05:00	dsn/d4/81/001/thumb/loker1.png	16899
2026-09-17T15:50:22+05:00	dsn/d4/ab/001/thumb/00029102.jpg	73733
2026-09-17T15:50:23+05:00	dsn/d5/e7/001/instagramm.jpeg	79161
2026-09-17T15:50:23+05:00	dsn/d5/e7/001/thumb/instagramm.jpeg	5337
2026-09-17T15:50:23+05:00	dsn/d5/fc/001/thumb/watsap.jpeg	4316
2026-09-17T15:50:23+05:00	dsn/d5/fc/001/watsap.jpeg	50499
2026-09-17T15:50:23+05:00	dsn/d6/f7/001/thumb/screenshot_37.jpg	46265
2026-09-17T15:50:23+05:00	dsn/d7/0e/001/hjvqxtgwa6k.jpg	31947
2026-09-17T15:50:24+05:00	dsn/d7/0e/001/thumb/hjvqxtgwa6k.jpg	4643
2026-09-17T15:50:24+05:00	dsn/d7/0e/002/hjvqxtgwa6k.jpg	31947
2026-09-17T15:50:24+05:00	dsn/d7/0e/002/thumb/hjvqxtgwa6k.jpg	3104
2026-09-17T15:50:24+05:00	dsn/d7/3c/001/1457891502136648550.jpg	28654
2026-09-17T15:50:24+05:00	dsn/d7/3c/001/thumb/1457891502136648550.jpg	3497
2026-09-17T15:50:24+05:00	dsn/d7/3e/001/thumb/twig-php-template-framework-1.png	33875
2026-09-17T15:50:25+05:00	dsn/d7/6f/001/roslavl-kaliningrad_tury_v_polshu_evropu_pribaltiku__novogodnie_tury__ekskursii_po_kaliningradu_i_oblasti__shkolnye_t-.png	626185
2026-09-17T15:50:25+05:00	dsn/d7/6f/001/thumb/roslavl-kaliningrad_tury_v_polshu_evropu_pribaltiku__novogodnie_tury__ekskursii_po_kaliningradu_i_oblasti__shkolnye_t-.png	96407
2026-09-17T15:50:25+05:00	dsn/d7/6f/002/roslavl-kaliningrad_tury_v_polshu_evropu_pribaltiku__novogodnie_tury__ekskursii_po_kaliningradu_i_oblasti__shkolnye_t-.png	626185
2026-09-17T15:50:25+05:00	dsn/d7/6f/002/thumb/roslavl-kaliningrad_tury_v_polshu_evropu_pribaltiku__novogodnie_tury__ekskursii_po_kaliningradu_i_oblasti__shkolnye_t-.png	96407
2026-09-17T15:50:25+05:00	dsn/d7/6f/003/roslavl-kaliningrad_tury_v_polshu_evropu_pribaltiku__novogodnie_tury__ekskursii_po_kaliningradu_i_oblasti__shkolnye_t-.png	205201
2026-09-17T20:26:09+05:00	dsn/d7/6f/003/thumb/roslavl-kaliningrad_tury_v_polshu_evropu_pribaltiku__novogodnie_tury__ekskursii_po_kaliningradu_i_oblasti__shkolnye_t-.png	106880
2026-09-17T20:26:09+05:00	dsn/d7/6f/004/roslavl-kaliningrad_tury_v_polshu_evropu_pribaltiku__novogodnie_tury__ekskursii_po_kaliningradu_i_oblasti__shkolnye_t-.png	205201
2026-09-17T20:26:09+05:00	dsn/d7/6f/004/thumb/roslavl-kaliningrad_tury_v_polshu_evropu_pribaltiku__novogodnie_tury__ekskursii_po_kaliningradu_i_oblasti__shkolnye_t-.png	106880
2026-09-17T20:26:09+05:00	dsn/d7/6f/005/roslavl-kaliningrad_tury_v_polshu_evropu_pribaltiku__novogodnie_tury__ekskursii_po_kaliningradu_i_oblasti__shkolnye_t-.png	203019
2026-09-17T20:26:10+05:00	dsn/d7/6f/005/thumb/roslavl-kaliningrad_tury_v_polshu_evropu_pribaltiku__novogodnie_tury__ekskursii_po_kaliningradu_i_oblasti__shkolnye_t-.png	108275
2026-09-17T20:26:10+05:00	dsn/d7/6f/006/roslavl-kaliningrad_tury_v_polshu_evropu_pribaltiku__novogodnie_tury__ekskursii_po_kaliningradu_i_oblasti__shkolnye_t-.png	203019
2026-09-17T20:26:10+05:00	dsn/d7/6f/006/thumb/roslavl-kaliningrad_tury_v_polshu_evropu_pribaltiku__novogodnie_tury__ekskursii_po_kaliningradu_i_oblasti__shkolnye_t-.png	108275
2026-09-17T20:26:10+05:00	dsn/d7/6f/007/roslavl-kaliningrad_tury_v_polshu_evropu_pribaltiku__novogodnie_tury__ekskursii_po_kaliningradu_i_oblasti__shkolnye_t-.png	203019
2026-09-17T20:26:10+05:00	dsn/d7/6f/007/thumb/roslavl-kaliningrad_tury_v_polshu_evropu_pribaltiku__novogodnie_tury__ekskursii_po_kaliningradu_i_oblasti__shkolnye_t-.png	108275
2026-09-17T20:26:10+05:00	dsn/d7/6f/008/roslavl-kaliningrad_tury_v_polshu_evropu_pribaltiku__novogodnie_tury__ekskursii_po_kaliningradu_i_oblasti__shkolnye_t-.png	203019
2026-09-17T20:26:11+05:00	dsn/d7/6f/008/thumb/roslavl-kaliningrad_tury_v_polshu_evropu_pribaltiku__novogodnie_tury__ekskursii_po_kaliningradu_i_oblasti__shkolnye_t-.png	108275
2026-09-17T20:26:11+05:00	dsn/d7/6f/009/roslavl-kaliningrad_tury_v_polshu_evropu_pribaltiku__novogodnie_tury__ekskursii_po_kaliningradu_i_oblasti__shkolnye_t-.png	203019
2026-09-17T20:26:11+05:00	dsn/d7/6f/009/thumb/roslavl-kaliningrad_tury_v_polshu_evropu_pribaltiku__novogodnie_tury__ekskursii_po_kaliningradu_i_oblasti__shkolnye_t-.png	108275
2026-09-17T20:26:11+05:00	dsn/d7/17/001/thumb/skrol.gif	30406
2026-09-17T20:26:11+05:00	dsn/d7/39/001/thumb/reiting.jpg	14966
2026-09-17T20:26:11+05:00	dsn/d7/82/001/3_2.png	110623
2026-09-17T20:26:12+05:00	dsn/d7/82/001/thumb/3_2.png	7363
2026-09-17T20:26:12+05:00	dsn/d7/dd/001/thumb/zagruzhennoe_2.jpg	9126
2026-09-17T20:26:12+05:00	dsn/d7/dd/002/thumb/zagruzhennoe_2.jpg	11944
2026-09-17T20:26:12+05:00	dsn/d7/dd/003/thumb/zagruzhennoe_2.jpg	11989
2026-09-17T20:26:12+05:00	dsn/d8/06/001/thumb/proekt_-ty_dizainer-_-_glavnaya_stranica.png	120505
2026-09-17T20:26:12+05:00	dsn/d8/18/001/thumb/slaid.gif	24167
2026-09-17T20:26:13+05:00	dsn/d8/b0/001/thumb/404_3.jpg	34370
2026-09-17T20:26:13+05:00	dsn/d9/33/001/thumb/css3-btn-27-290107.jpg	14245
2026-09-17T20:26:13+05:00	dsn/d9/94/001/thumb/gtip.gif	37876
2026-09-17T20:26:13+05:00	dsn/d9/e8/001/7061153.png	59859
2026-09-17T20:26:13+05:00	dsn/d9/f9/001/s_unnamed_2.jpg	16714
2026-09-17T20:26:13+05:00	dsn/d9/f9/001/thumb/s_unnamed_2.jpg	3232
2026-09-17T20:26:14+05:00	dsn/da/6d/001/thumb/profil.gif	18642
2026-09-17T20:26:14+05:00	dsn/da/7e/001/thumb/759907206.jpg	11424
2026-09-17T20:26:14+05:00	dsn/da/a7/001/33.jpg	97668
2026-09-17T20:26:14+05:00	dsn/da/a7/001/thumb/33.jpg	4854
2026-09-17T20:26:14+05:00	dsn/da/a7/002/33.jpg	73840
2026-09-17T20:26:14+05:00	dsn/da/a7/002/thumb/33.jpg	7444
2026-09-17T20:26:15+05:00	dsn/da/a7/003/33.jpg	87237
2026-09-17T20:26:15+05:00	dsn/da/a7/003/thumb/33.jpg	8229
2026-09-17T20:26:15+05:00	dsn/da/ab/001/thumb/2025-04-22_18-12-27.png	31320
2026-09-17T20:26:15+05:00	dsn/da/cf/001/thumb/unnamed.png	55152
2026-09-17T20:26:15+05:00	dsn/da/cf/002/unnamed.png	312454
2026-09-17T20:26:15+05:00	dsn/da/cf/003/thumb/unnamed.png	57152
2026-09-17T20:26:16+05:00	dsn/da/cf/003/unnamed.png	180636
2026-09-17T20:26:16+05:00	dsn/db/09/001/thumb/viz.gif	27147
2026-09-17T20:26:16+05:00	dsn/db/73/001/thumb/play.gif	38905
2026-09-17T20:26:16+05:00	dsn/db/c8/001/rml81j1hppq.jpg	10456
2026-09-17T20:26:16+05:00	dsn/db/c8/001/thumb/rml81j1hppq.jpg	2675
2026-09-17T20:26:16+05:00	dsn/dc/5d/001/1_3.png	120894
2026-09-17T20:26:17+05:00	dsn/dc/5d/001/thumb/1_3.png	17143
2026-09-17T20:26:17+05:00	dsn/dc/a8/001/pr_866_img_4986-500x500.jpg	26379
2026-09-17T20:26:17+05:00	dsn/dc/a8/001/thumb/pr_866_img_4986-500x500.jpg	3103
2026-09-17T20:26:17+05:00	dsn/dc/ef/001/11_3.jpg	117661
2026-09-17T20:26:17+05:00	dsn/dc/ef/001/thumb/11_3.jpg	5595
2026-09-17T20:26:17+05:00	dsn/dd/1e/001/thumb/akira.gif	8667
2026-09-17T20:26:18+05:00	dsn/dd/ba/001/screenshot_34.png	88481
2026-09-17T20:26:18+05:00	dsn/dd/ba/001/thumb/screenshot_34.png	18749
2026-09-17T20:26:18+05:00	dsn/dd/ce/001/thumb/1364313086_hak-dle-portamento_1.jpg	8785
2026-09-17T20:26:18+05:00	dsn/de/01/001/3d-graphics_buttons_0147311_.jpg	57164
2026-09-17T20:26:18+05:00	dsn/de/01/001/thumb/3d-graphics_buttons_0147311_.jpg	2942
2026-09-17T20:26:18+05:00	dsn/de/12/001/thumb/2025-03-14_20-08-10.png	36039
2026-09-17T20:26:19+05:00	dsn/de/23/001/thumb/zagruzhennoe_1.png	8322
2026-09-17T20:26:19+05:00	dsn/de/63/001/loginza-2.png	37888
2026-09-17T20:26:19+05:00	dsn/de/63/001/thumb/loginza-2.png	58141
2026-09-17T20:26:19+05:00	dsn/de/ff/001/thumb/video-e1541755961469.jpg	108792
2026-09-17T20:26:19+05:00	dsn/df/15/001/snimok46.png	29359
2026-09-17T20:26:19+05:00	dsn/df/15/001/thumb/snimok46.png	66925
2026-09-17T20:26:20+05:00	dsn/df/32/001/thumb/stili.png	33892
2026-09-17T20:26:20+05:00	dsn/df/84/001/thumb/fancy.gif	12594
2026-09-17T20:26:20+05:00	dsn/df/95/001/thumb/0103f95d524f538d91319397f74bda15.jpg	5160
2026-09-17T20:26:20+05:00	dsn/e0/14/001/thumb/screenshot_152.png	118013
2026-09-17T20:26:20+05:00	dsn/e0/14/002/thumb/screenshot_152.png	118013
2026-09-17T20:26:20+05:00	dsn/e0/38/001/22_3.jpg	134991
2026-09-17T20:26:21+05:00	dsn/e0/38/001/thumb/22_3.jpg	5891
2026-09-17T20:26:21+05:00	dsn/e0/a9/001/thumb/screenshot_19h_33m_18s.jpg	7871
2026-09-17T20:26:21+05:00	dsn/e1/c3/001/thumb/navigaziya-blogger.jpg	34896
2026-09-17T20:26:21+05:00	dsn/e2/1e/001/thumb/2025-03-27_20-20-59.png	28247
2026-09-17T20:26:21+05:00	dsn/e2/40/001/thumb/adobestock_79161609-scaled.png	233005
2026-09-17T20:26:22+05:00	dsn/e2/a8/001/adept_manager_5954.png	24665
2026-09-17T20:26:22+05:00	dsn/e2/a8/001/thumb/adept_manager_5954.png	24425
2026-09-17T20:26:22+05:00	dsn/e2/be/001/skaner2.jpg	28585
2026-09-17T20:26:22+05:00	dsn/e2/be/001/thumb/skaner2.jpg	3360
2026-09-17T20:26:22+05:00	dsn/e2/cf/001/thumb/snimok_ekrana_12.png	87709
2026-09-17T20:26:22+05:00	dsn/e3/77/001/thumb/screenshot_19h_54m_44s.jpg	7006
2026-09-17T20:26:23+05:00	dsn/e4/92/001/thumb/2025-04-10_12-52-31.png	30691
2026-09-17T20:26:23+05:00	dsn/e4/e5/001/thumb/tag1.gif	31811
2026-09-17T20:26:23+05:00	dsn/e5/3b/001/thumb/color1.jpg	33050
2026-09-17T20:26:23+05:00	dsn/e5/33/001/thumb/opera_snimok_2021-07-18_184355_naraione_org.png	86446
2026-09-17T20:26:23+05:00	dsn/e5/67/001/thumb/happy_new_year_2016.jpg	111036
2026-09-17T20:26:23+05:00	dsn/e5/d5/001/thumb/kartinki-pro-novyj-2018-god-1-7.jpg	116188
2026-09-17T20:26:24+05:00	dsn/e5/e5/001/thumb/carusel.gif	49082
2026-09-17T20:26:24+05:00	dsn/e7/0f/001/s_photo-editor.jpg	26332
2026-09-17T20:26:24+05:00	dsn/e7/0f/001/thumb/s_photo-editor.jpg	4903
2026-09-17T20:26:24+05:00	dsn/e7/05/001/thumb/s78643.jpg	4440
2026-09-17T20:26:24+05:00	dsn/e7/1b/001/thumb/solar_system_hd_deluxe_edition_dlya_android3.png	39249
2026-09-17T20:26:24+05:00	dsn/e7/8b/001/3d_speed_car_parking_dlya_android1.jpeg	29481
2026-09-17T20:26:25+05:00	dsn/e7/8b/001/thumb/3d_speed_car_parking_dlya_android1.jpeg	6128
2026-09-17T20:26:25+05:00	dsn/e7/17/001/002_x.jpg	9402
2026-09-17T20:26:25+05:00	dsn/e7/17/001/thumb/002_x.jpg	3643
2026-09-17T20:26:25+05:00	dsn/e7/d2/001/thumb/br.gif	14219
2026-09-17T20:26:25+05:00	dsn/e7/e4/001/header.jpg	35045
2026-09-17T20:26:25+05:00	dsn/e7/e4/001/thumb/header.jpg	3593
2026-09-17T20:26:26+05:00	dsn/e8/9b/001/ghbhjlf.jpg	38057
2026-09-17T20:26:26+05:00	dsn/e8/9b/001/thumb/ghbhjlf.jpg	6121
2026-09-17T20:26:26+05:00	dsn/e8/ba/001/thumb/den-web-mastera.jpg	169130
2026-09-17T20:26:26+05:00	dsn/e8/ca/001/thumb/39.gif	28752
2026-09-17T20:26:26+05:00	dsn/e9/69/001/thumb/menu.gif	7986
2026-09-17T20:26:27+05:00	dsn/e9/69/002/thumb/menu.gif	26025
2026-09-17T20:26:27+05:00	dsn/e9/69/003/thumb/menu.gif	5873
2026-09-17T20:26:27+05:00	dsn/e9/c6/001/denver_-_lokalnyi_server__skachat_denver_ustanovit_wamp_server_dlya_localhost_php_5_3_13_mysql_5_1_postgresql_8_4_etc___denwer.png	3821
2026-09-17T20:26:27+05:00	dsn/e9/c6/001/thumb/denver_-_lokalnyi_server__skachat_denver_ustanovit_wamp_server_dlya_localhost_php_5_3_13_mysql_5_1_postgresql_8_4_etc___denwer.png	3985
2026-09-17T20:26:27+05:00	dsn/e9/ef/001/graphite_logonui__ekran_privetstviya_dlya_windows_xp.png	34391
2026-09-17T20:26:27+05:00	dsn/e9/ef/001/thumb/graphite_logonui__ekran_privetstviya_dlya_windows_xp.png	1568
2026-09-17T20:26:28+05:00	dsn/ea/0d/001/thumb/ajax_zagruzka_novostei_-_poisk_v_google.png	18450
2026-09-17T20:26:28+05:00	dsn/ea/0d/002/thumb/ajax_zagruzka_novostei_-_poisk_v_google.png	18450
2026-09-17T20:26:28+05:00	dsn/ea/17/001/thumb/nofollow-noindex-450x304.jpg	63738
2026-09-17T20:26:28+05:00	dsn/ea/a8/001/thumb/big-video-js.jpg	38344
2026-09-17T20:26:28+05:00	dsn/ea/d2/001/thumb/win10.jpg	2250
2026-09-17T20:26:28+05:00	dsn/ea/d2/001/win10.jpg	14525
2026-09-17T20:26:29+05:00	dsn/eb/07/001/thumb/date.jpg	55725
2026-09-17T20:26:29+05:00	dsn/eb/9d/001/thumb/aja7t.png	31085
2026-09-17T20:26:29+05:00	dsn/eb/49/001/hardwood_backgammon_dlya_android.png	169268
2026-09-17T20:26:29+05:00	dsn/eb/49/001/thumb/hardwood_backgammon_dlya_android.png	35984
2026-09-17T20:26:29+05:00	dsn/eb/eb/001/thumb/data.jpg	49248
2026-09-17T20:26:29+05:00	dsn/ec/2b/001/thumb/krasochnye_chasy_s_pomoszyu_css_i_jquery_-_ngcmshak_ru.png	22657
2026-09-17T20:26:30+05:00	dsn/ec/b5/001/thumb/1314691528.jpg	9676
2026-09-17T20:26:30+05:00	dsn/ed/1b/001/kfm_home-alt_6802.png	4490
2026-09-17T20:26:30+05:00	dsn/ed/1b/001/thumb/kfm_home-alt_6802.png	4382
2026-09-17T20:26:30+05:00	dsn/ed/6d/001/thumb/play1.gif	9354
2026-09-17T20:26:30+05:00	dsn/ed/23/001/thumb/buttons_4.png	10242
2026-09-17T20:26:30+05:00	dsn/ed/87/001/thumb/screenshot_09h_19m_25s.jpg	3409
2026-09-17T20:26:30+05:00	dsn/ed/a5/001/thumb/screenshot_69.png	90784
2026-09-17T20:26:31+05:00	dsn/ed/ca/001/thumb/zagruzhennoe_4.jpg	5281
2026-09-17T20:26:31+05:00	dsn/ed/ca/002/thumb/zagruzhennoe_4.jpg	5527
2026-09-17T20:26:31+05:00	dsn/ed/ca/003/thumb/zagruzhennoe_4.jpg	6818
2026-09-17T20:26:31+05:00	dsn/ee/4a/001/thumb/99357730.jpg	12570
2026-09-17T20:26:31+05:00	dsn/ee/42/001/thumb/shk_kz_277690973_394510719345789_5996757325618214293_n.png	305128
2026-09-17T20:26:31+05:00	dsn/ee/49/001/s_hardwood_backgammon.jpg	23470
2026-09-17T20:26:32+05:00	dsn/ee/49/001/thumb/s_hardwood_backgammon.jpg	4513
2026-09-17T20:26:32+05:00	dsn/ee/76/001/airport_5300.png	6877
2026-09-17T20:26:32+05:00	dsn/ee/76/001/thumb/airport_5300.png	6834
2026-09-17T20:26:32+05:00	dsn/ee/85/001/s_unnamed1.jpg	20139
2026-09-17T20:26:32+05:00	dsn/ee/85/001/thumb/s_unnamed1.jpg	3683
2026-09-17T20:26:32+05:00	dsn/ee/85/002/s_unnamed1.jpg	25216
2026-09-17T20:26:33+05:00	dsn/ee/85/002/thumb/s_unnamed1.jpg	4576
2026-09-17T20:26:33+05:00	dsn/ee/85/003/s_unnamed1.jpg	20320
2026-09-17T20:26:33+05:00	dsn/ee/85/003/thumb/s_unnamed1.jpg	3363
2026-09-17T20:26:33+05:00	dsn/ee/c5/001/thumb/scrs8_1.jpg	41697
2026-09-17T20:26:33+05:00	dsn/ef/0f/001/thumb/twig-logo.png	7371
2026-09-17T20:26:33+05:00	dsn/ef/87/001/thumb/opera_snimok_2021-10-27_195240_yandex_kz.png	155684
2026-09-17T20:26:34+05:00	dsn/ef/c3/001/thumb/screenshot_45.png	42940
2026-09-17T20:26:34+05:00	dsn/f0/57/001/fs1.jpg	141187
2026-09-17T20:26:34+05:00	dsn/f0/57/001/thumb/fs1.jpg	7539
2026-09-17T20:26:34+05:00	dsn/f0/f6/001/thumb/vybor_fonovogo_izobrazheniya_polzovatelyami.png	18404
2026-09-17T20:26:34+05:00	dsn/f1/9e/001/thumb/2bcea5a6a070e8fd7980a9e2a340ed85.png	37078
2026-09-17T20:26:34+05:00	dsn/f1/e9/001/objectdock-plus.jpg	15382
2026-09-17T20:26:35+05:00	dsn/f1/e9/001/thumb/objectdock-plus.jpg	5788
2026-09-17T20:26:35+05:00	dsn/f2/a5/001/thumb/demo_for_simple_jquery__html5_and_css3_menu_plugin.png	40728
2026-09-17T20:26:35+05:00	dsn/f3/c5/001/thumb/zoomed.png	23304
2026-09-17T20:26:35+05:00	dsn/f3/cc/001/thumb/1.jpg	7147
2026-09-17T20:26:35+05:00	dsn/f3/cc/002/thumb/1.jpg	9245
2026-09-17T20:26:35+05:00	dsn/f4/4f/001/cabrioletred_6908.png	4674
2026-09-17T20:26:36+05:00	dsn/f4/4f/001/thumb/cabrioletred_6908.png	4607
2026-09-17T20:26:36+05:00	dsn/f4/14/001/thumb/wpt5.jpg	12480
2026-09-17T20:26:36+05:00	dsn/f4/42/001/thumb/win101.jpg	10738
2026-09-17T20:26:36+05:00	dsn/f4/42/001/win101.jpg	56779
2026-09-17T20:26:36+05:00	dsn/f4/ae/001/thumb/screenshot_127.png	37916
2026-09-17T20:26:36+05:00	dsn/f4/eb/001/thumb/screen_2013_1_17_17-18-53_9.jpg	11834
2026-09-17T20:26:37+05:00	dsn/f5/2f/001/camera_5041.png	3249
2026-09-17T20:26:37+05:00	dsn/f5/2f/001/thumb/camera_5041.png	3206
2026-09-17T20:26:37+05:00	dsn/f5/5b/001/f10eea89b64c9d281b1b16d2d2a88adb.jpg	13433
2026-09-17T20:26:37+05:00	dsn/f5/5b/001/thumb/f10eea89b64c9d281b1b16d2d2a88adb.jpg	2872
2026-09-17T20:26:37+05:00	dsn/f5/c5/001/thumb/haki_i_skripty_next_generation_cms_-_interfeis_slaidshou_i_animaciya_-_slaider_kontenta_slidejs_na_jquery.png	80906
2026-09-17T20:26:37+05:00	dsn/f5/c5/002/haki_i_skripty_next_generation_cms_-_interfeis_slaidshou_i_animaciya_-_slaider_kontenta_slidejs_na_jquery.png	141808
2026-09-17T20:26:38+05:00	dsn/f5/c5/002/thumb/haki_i_skripty_next_generation_cms_-_interfeis_slaidshou_i_animaciya_-_slaider_kontenta_slidejs_na_jquery.png	56701
2026-09-17T20:26:38+05:00	dsn/f5/d4/001/thumb/adobestock_285871144-scaled.png	249236
2026-09-17T20:26:38+05:00	dsn/f5/d6/001/4k_rain_video_wallpaper3.jpg	6118
2026-09-17T20:26:38+05:00	dsn/f5/d6/001/thumb/4k_rain_video_wallpaper3.jpg	4563
2026-09-17T20:26:38+05:00	dsn/f5/db/001/thumb/css3_animated_vignette_buttons.jpeg	23262
2026-09-17T20:26:38+05:00	dsn/f6/8b/001/thumb/loading.gif	981
2026-09-17T20:26:39+05:00	dsn/f6/85/001/thumb/2025-04-23_14-20-17.png	45604
2026-09-17T20:26:39+05:00	dsn/f6/da/001/thumb/demo_for_jquery_and_ccs3_animates_load_button.png	23412
2026-09-17T20:26:39+05:00	dsn/f7/4a/001/thumb/selection1.jpg	54732
2026-09-17T20:26:39+05:00	dsn/f7/a2/001/img7.jpg	56667
2026-09-17T20:26:39+05:00	dsn/f7/a2/001/thumb/img7.jpg	3580
2026-09-17T20:26:39+05:00	dsn/f7/e1/001/frama2.jpg	22336
2026-09-17T20:26:39+05:00	dsn/f7/e1/001/thumb/frama2.jpg	2392
2026-09-17T20:26:40+05:00	dsn/f8/12/001/roslavl-kaliningrad.png	623768
2026-09-17T20:26:40+05:00	dsn/f8/12/001/thumb/roslavl-kaliningrad.png	94567
2026-09-17T20:26:40+05:00	dsn/f8/74/001/thumb/beg.jpg	43703
2026-09-17T20:26:40+05:00	dsn/f8/ea/001/zagruzheno_1.jpg	7177
2026-09-17T20:26:40+05:00	dsn/f8/ea/002/zagruzheno_1.jpg	9388
2026-09-17T20:26:40+05:00	dsn/f9/6e/001/thumb/zagruzheno_4.jpg	5505
2026-09-17T20:26:41+05:00	dsn/f9/6e/001/zagruzheno_4.jpg	9170
2026-09-17T20:26:41+05:00	dsn/f9/40/001/thumb/1286717290.jpg	13875
2026-09-17T20:26:41+05:00	dsn/f9/51/001/1333705409_img_.jpg	7645
2026-09-17T20:26:41+05:00	dsn/f9/51/001/thumb/1333705409_img_.jpg	6908
2026-09-17T20:26:41+05:00	dsn/f9/83/001/thumb/zagruzhennoe_7.jpg	8149
2026-09-17T20:26:41+05:00	dsn/f9/83/003/thumb/zagruzhennoe_7.jpg	8686
2026-09-17T20:26:42+05:00	dsn/f9/ee/001/2837625.png	21235
2026-09-17T20:26:42+05:00	dsn/fa/11/001/thumb/easycapture1.png	81169
2026-09-17T20:26:42+05:00	dsn/fa/85/001/thumb/comment.gif	24063
2026-09-17T20:26:42+05:00	dsn/fa/bb/001/thumb/screenshot_83.png	33059
2026-09-17T20:27:45+05:00	dsn/fb/5c/001/2.png	107065
2026-09-17T20:27:45+05:00	dsn/fb/5c/001/thumb/2.png	14421
2026-09-17T20:27:46+05:00	dsn/fb/5c/002/2.png	320627
2026-09-17T20:27:46+05:00	dsn/fb/5c/002/thumb/2.png	10153
2026-09-17T20:27:46+05:00	dsn/fb/5c/003/2.png	403738
2026-09-17T20:27:46+05:00	dsn/fb/5c/003/thumb/2.png	8291
2026-09-17T20:27:46+05:00	dsn/fb/66/001/thumb/screenshot_8.jpg	81042
2026-09-17T20:27:46+05:00	dsn/fb/b8/001/screen.jpg	25912
2026-09-17T20:27:47+05:00	dsn/fb/b8/001/thumb/screen.jpg	6430
2026-09-17T20:27:47+05:00	dsn/fc/e8/001/thumb/lightbox_2.png	58369
2026-09-17T20:27:47+05:00	dsn/fd/2f/001/thumb/zagruzhennoe_5.jpg	7380
2026-09-17T20:27:47+05:00	dsn/fd/62/001/thumb/zoom.gif	16555
2026-09-17T20:27:47+05:00	dsn/fe/72/001/thumb/1587646418_38-p-besshovnie-foni-dlya-saitov-112.jpg	13306
2026-09-17T20:27:47+05:00	dsn/fe/a1/001/abstract-techno-wallpapers.jpg	105625
2026-09-17T20:27:48+05:00	dsn/fe/a1/001/thumb/abstract-techno-wallpapers.jpg	6427
2026-09-17T20:27:48+05:00	dsn/fe/a1/001/thumb/ngbutton-tile.png	216893
2026-09-17T20:27:48+05:00	dsn/fe/a8/001/thumb/4th-coffee.png	46792
2026-09-17T20:27:48+05:00	dsn/fe/be/001/krome2.jpg	92599
2026-09-17T20:27:48+05:00	dsn/fe/be/001/thumb/krome2.jpg	3631
2026-09-17T20:27:48+05:00	dsn/fe/db/001/thumb/getimage_9.jpg	30524
2026-09-17T20:27:49+05:00	dsn/ff/5d/001/thumb/1374510426_passeye.png	24813
2026-09-17T20:27:49+05:00	dsn/ff/97/001/5056905.png	50945
2026-09-17T20:27:49+05:00	dsn/ff/a0/001/thumb/screen_2013_5_2_21-29-2_4.jpg	14957
2026-09-17T20:27:49+05:00	dsn/ff/bd/001/s21144371.jpg	19865
2026-09-17T20:27:49+05:00	dsn/ff/bd/001/thumb/s21144371.jpg	22425
2026-09-17T20:27:49+05:00	dsn/ff/cf/001/oldnewexplorer.jpg	6796
2026-09-17T20:27:50+05:00	dsn/ff/cf/001/thumb/oldnewexplorer.jpg	3388
2026-09-17T20:27:50+05:00	files/default/.htaccess	0
2026-09-17T20:27:50+05:00	images/2/thumb/2efaed196b6aeaed30f1f8c53a4417b4_96a2f6ec.jpg	2581
2026-09-17T20:27:50+05:00	images/2/thumb/2025-03-03_12-55-44.png	61934
2026-09-17T20:27:50+05:00	images/2/thumb/2025-03-03_12-56-26.png	42745
2026-09-17T20:27:50+05:00	images/2/thumb/2025-03-03_12-57-18.png	22179
2026-09-17T20:27:51+05:00	images/2/thumb/2025-03-03_12-57-49.png	23508
2026-09-17T20:27:51+05:00	images/2/thumb/2026-06-01_11-15-35_066c1b74.png	40090
2026-09-17T20:27:51+05:00	images/2/thumb/2026-06-01_11-15-35_e947b1be.png	40090
2026-09-17T20:27:51+05:00	images/2/thumb/2026-07-02_20-59-41_e7f0fc07.png	41312
2026-09-17T20:27:51+05:00	images/2/thumb/i-_1__048035ba.avif	3050
2026-09-17T20:27:51+05:00	images/2/thumb/i_1_34e3caf0.webp	2558
2026-09-17T20:27:52+05:00	images/2/thumb/i_1_a5d02cc4.webp	2582
2026-09-17T20:27:52+05:00	images/2/thumb/i_1_abe7ce9a.webp	2582
2026-09-17T20:27:52+05:00	images/2/thumb/i_1_d75d63d6.webp	2558
2026-09-17T20:27:52+05:00	images/2/thumb/lang__ar.png	404
2026-09-17T20:27:52+05:00	images/2/thumb/lang__de.png	323
2026-09-17T20:27:52+05:00	images/2/thumb/lang__en.png	1257
2026-09-17T20:27:53+05:00	images/2/thumb/lang__es.png	549
2026-09-17T20:27:53+05:00	images/2/thumb/lang__fr.png	308
2026-09-17T20:27:53+05:00	images/2/thumb/lang__it.png	549
2026-09-17T20:27:53+05:00	images/2/thumb/lang__nl.png	347
2026-09-17T20:27:53+05:00	images/2/thumb/lang__pt.png	727
2026-09-17T20:27:53+05:00	images/2/thumb/lang__ru.png	921
2026-09-17T20:27:53+05:00	images/2/thumb/lang__sv.png	462
2026-09-17T20:27:54+05:00	images/2/thumb/lang__zh.png	507
2026-09-17T20:27:54+05:00	images/2/thumb/lpwhvnirme9dyjqrxyai9dnsxqq.jpeg	2875
2026-09-17T20:27:54+05:00	images/2/thumb/okean_gorizont_zakat_135214_3840x2160_c54e0159.jpg	3677
2026-09-17T20:27:54+05:00	images/2/thumb/snimok_ekrana_12_2b969b6c.png	12072
2026-09-17T20:27:54+05:00	images/2/thumb/snimok_ekrana_14_7f722abe.png	14809
2026-09-17T20:27:54+05:00	images/2/thumb/snimok_ekrana_15_85bb6b8f.png	15746
2026-09-17T20:27:55+05:00	images/2/thumb/snimok_ekrana_16_a417276e.png	13180
2026-09-17T20:27:55+05:00	images/2/thumb/snimok_ekrana_17_ea511a3f.png	10424
2026-09-17T20:27:55+05:00	images/2/thumb/snimok_ekrana_18_bd87967a.png	14303
2026-09-17T20:27:55+05:00	images/2/thumb/snimok_ekrana_23_eede1fa4.png	10560
2026-09-17T20:27:55+05:00	images/2/thumb/snimok_ekrana_24_782ff0df.png	16670
2026-09-17T20:27:55+05:00	images/2/thumb/_pl61jqw1ia7w2r7at13fdzwqre.gif	10708
2026-09-17T20:27:56+05:00	images/3d/-0kjnizddoq.jpg	66939
2026-09-17T20:27:56+05:00	images/3d/068.jpg	71418
2026-09-17T20:27:56+05:00	images/3d/072.jpg	56914
2026-09-17T20:27:56+05:00	images/3d/0920841878819fc8dd7baf30727b0348.jpg	145786
2026-09-17T20:27:56+05:00	images/3d/2psh7epjp87z40bo79e7hvrd1ln8t9qq_5.jpg	86348
2026-09-17T20:27:56+05:00	images/3d/3d-graphics_3d_ball_015510_.jpg	424667
2026-09-17T20:27:57+05:00	images/3d/3d-graphics_3d_ball_016734_.jpg	128909
2026-09-17T20:27:57+05:00	images/3d/3d-graphics_antiquity_music_022956_.jpg	352800
2026-09-17T20:27:57+05:00	images/3d/3d-graphics_aquarius_016458_.jpg	297461
2026-09-17T20:27:57+05:00	images/3d/3d-graphics_astral_015555_.jpg	212251
2026-09-17T20:27:57+05:00	images/3d/3d-graphics_a_glass_of_beer_014351_.jpg	74986
2026-09-17T20:27:57+05:00	images/3d/3d-graphics_break_015494_.jpg	114612
2026-09-17T20:27:58+05:00	images/3d/3d-graphics_buttons_014731_.jpg	95215
2026-09-17T20:27:58+05:00	images/3d/3d-graphics_butt_015550_.jpg	136415
2026-09-17T20:27:58+05:00	images/3d/3d-graphics_cold_wind_018803_.jpg	107053
2026-09-17T20:27:58+05:00	images/3d/3d-graphics_colorful_parrot_014361_.jpg	388451
2026-09-17T20:27:58+05:00	images/3d/3d-graphics_colors_015556_.jpg	245606
2026-09-17T20:27:59+05:00	images/3d/3d-graphics_color_illusion_015335_.jpg	190810
2026-09-17T20:27:59+05:00	images/3d/3d-graphics_color_spectrum_015619_.jpg	99883
2026-09-17T20:27:59+05:00	images/3d/3d-graphics_crazy_pickup_015989_.jpg	513657
2026-09-17T20:27:59+05:00	images/3d/3d-graphics_earth_020634_.jpg	120078
2026-09-17T20:27:59+05:00	images/3d/3d-graphics_element_015236_.jpg	141782
2026-09-17T20:27:59+05:00	images/3d/3d-graphics_future_city_022405_.jpg	258573
2026-09-17T20:28:00+05:00	images/3d/3d-graphics_gray_mist_014345_.jpg	78296
2026-09-17T20:28:00+05:00	images/3d/3d-graphics_gray_yarn_015465_.jpg	266294
2026-09-17T20:28:00+05:00	images/3d/3d-graphics_green_bubbles_014718_.jpg	149999
2026-09-17T20:28:00+05:00	images/3d/3d-graphics_green_metal_016072_.jpg	148336
2026-09-17T20:28:00+05:00	images/3d/3d-graphics_heavenly_spheres_016509_.jpg	365979
2026-09-17T20:28:00+05:00	images/3d/3d-graphics_kuvalda_015526_.jpg	104404
2026-09-17T20:28:01+05:00	images/3d/3d-graphics_leo_014362_.jpg	365410
2026-09-17T20:28:01+05:00	images/3d/3d-graphics_microwaves_014287_.jpg	493852
2026-09-17T20:28:01+05:00	images/3d/3d-graphics_monitor_021602_.jpg	53806
2026-09-17T20:28:01+05:00	images/3d/3d-graphics_multi-colored_feathers_015906_.jpg	358433
2026-09-17T20:28:01+05:00	images/3d/3d-graphics_pearl_015537_.jpg	213035
2026-09-17T20:28:01+05:00	images/3d/3d-graphics_penalties_022562_.jpg	303981
2026-09-17T20:28:02+05:00	images/3d/3d-graphics_rainbow_015782_.jpg	145412
2026-09-17T20:28:02+05:00	images/3d/3d-graphics_rainbow_drops_015491_.jpg	354685
2026-09-17T20:28:02+05:00	images/3d/3d-graphics_skateboarding_014250_.jpg	274538
2026-09-17T20:28:02+05:00	images/3d/3d-graphics_space_tunnel_006828_.jpg	206293
2026-09-17T20:28:02+05:00	images/3d/3d-graphics_striped_color_013466_.jpg	235125
2026-09-17T20:28:02+05:00	images/3d/3d-graphics_symphony_of_the_light_020513_.jpg	160598
2026-09-17T20:28:03+05:00	images/3d/3d-graphics_technology_011263_.jpg	192541
2026-09-17T20:28:03+05:00	images/3d/3d-graphics_the_butterfly_on_a_palm_021500_.jpg	182625
2026-09-17T20:28:03+05:00	images/3d/3d-graphics_the_hell_005319_.jpg	108147
2026-09-17T20:28:03+05:00	images/3d/3d-graphics_the_universe_in_the_creator_hands_016116_.jpg	165957
2026-09-17T20:28:03+05:00	images/3d/3d-graphics_torpedo_006831_.jpg	206876
2026-09-17T20:28:03+05:00	images/3d/3d-graphics_toxicity_015430_.jpg	184165
2026-09-17T20:28:04+05:00	images/3d/3d-graphics_villain_015543_.jpg	341507
2026-09-17T20:28:04+05:00	images/3d/3d-graphics_water_elemental_016050_.jpg	314982
2026-09-17T20:28:04+05:00	images/3d/3d-graphics_white_matter_016061_.jpg	181959
2026-09-17T20:28:04+05:00	images/3d/3d-graphics_yin_yan_015599_.jpg	79196
2026-09-17T20:28:04+05:00	images/3d/3d-graphics__003535_.jpg	51316
2026-09-17T20:28:04+05:00	images/3d/3d-graphics__003536_.jpg	172307
2026-09-17T20:28:05+05:00	images/3d/3d-graphics__004532_.jpg	72779
2026-09-17T20:28:05+05:00	images/3d/3dgrafics_1.jpg	182625
2026-09-17T20:28:05+05:00	images/3d/3dgrafics_2.jpg	60630
2026-09-17T20:28:05+05:00	images/3d/3dgrafics_3.jpg	86348
2026-09-17T20:28:05+05:00	images/3d/3dgrafics_4.jpg	113273
2026-09-17T20:28:05+05:00	images/3d/3dgrafics_5.jpg	51316
2026-09-17T20:28:06+05:00	images/3d/3dgrafics_6.jpg	172307
2026-09-17T20:28:06+05:00	images/3d/3dgrafics_7.jpg	72779
2026-09-17T20:28:06+05:00	images/3d/3dgrafics_8.jpg	424667
2026-09-17T20:28:06+05:00	images/3d/3dgrafics_9.jpg	128909
2026-09-17T20:28:06+05:00	images/3d/3dgrafics_10.jpg	74986
2026-09-17T20:28:06+05:00	images/3d/3dgrafics_11.jpg	417930
2026-09-17T20:28:07+05:00	images/3d/3dgrafics_12.jpg	297461
2026-09-17T20:28:07+05:00	images/3d/3dgrafics_13.jpg	212251
2026-09-17T20:28:07+05:00	images/3d/3dgrafics_14.jpg	114612
2026-09-17T20:28:07+05:00	images/3d/3dgrafics_15.jpg	136415
2026-09-17T20:28:07+05:00	images/3d/3dgrafics_16.jpg	95215
2026-09-17T20:28:07+05:00	images/3d/3dgrafics_17.jpg	107053
2026-09-17T20:28:08+05:00	images/3d/3dgrafics_18.jpg	190810
2026-09-17T20:28:08+05:00	images/3d/3dgrafics_19.jpg	99883
2026-09-17T20:28:08+05:00	images/3d/3dgrafics_20.jpg	388451
2026-09-17T20:28:08+05:00	images/3d/3dgrafics_21.jpg	245606
2026-09-17T20:28:08+05:00	images/3d/3dgrafics_22.jpg	190080
2026-09-17T20:28:08+05:00	images/3d/3dgrafics_23.jpg	120078
2026-09-17T20:28:09+05:00	images/3d/3dgrafics_24.jpg	141782
2026-09-17T20:28:09+05:00	images/3d/3dgrafics_25.jpg	258573
2026-09-17T20:28:09+05:00	images/3d/3dgrafics_73.jpg	651334
2026-09-17T20:28:09+05:00	images/3d/3dgrafics_74.jpg	70540
2026-09-17T20:28:09+05:00	images/3d/3dgrafics_75.jpg	69199
2026-09-17T20:28:09+05:00	images/3d/3dgrafics_76.jpg	84381
2026-09-17T20:28:10+05:00	images/3d/3dgrafics_77.jpg	26741
2026-09-17T20:28:10+05:00	images/3d/3dgrafics_78.jpg	35200
2026-09-17T20:28:10+05:00	images/3d/3dgrafics_79.jpg	89459
2026-09-17T20:28:10+05:00	images/3d/3dgrafics_80.jpg	53987
2026-09-17T20:28:10+05:00	images/3d/3dgrafics_81.jpg	31625
2026-09-17T20:28:10+05:00	images/3d/3dgrafics_82.jpg	59849
2026-09-17T20:28:11+05:00	images/3d/3dgrafics_83.jpg	95672
2026-09-17T20:28:11+05:00	images/3d/3dgrafics_84.jpg	43133
2026-09-17T20:28:11+05:00	images/3d/3dgrafics_85.jpg	120124
2026-09-17T20:28:11+05:00	images/3d/3dgrafics_86.jpg	258318
2026-09-17T20:28:11+05:00	images/3d/3dgrafics_87.jpg	145786
2026-09-17T20:28:11+05:00	images/3d/3dgrafics_88.jpg	611111
2026-09-17T20:28:12+05:00	images/3d/3dgrafics_89.jpg	662849
2026-09-17T20:28:12+05:00	images/3d/3dgrafics_90.jpg	597739
2026-09-17T20:28:12+05:00	images/3d/3dgrafics_91.jpg	722487
2026-09-17T20:28:12+05:00	images/3d/3dgrafics_92.jpg	649355
2026-09-17T20:28:12+05:00	images/3d/3dgrafics_93.jpg	413142
2026-09-17T20:28:12+05:00	images/3d/3dgrafics_94.jpg	70781
2026-09-17T20:28:13+05:00	images/3d/3dgrafics_95.jpg	236846
2026-09-17T20:28:13+05:00	images/3d/3dgrafics_96.jpg	124775
2026-09-17T20:28:13+05:00	images/3d/3dgrafics_97.jpg	198118
2026-09-17T20:28:13+05:00	images/3d/3dgrafics_98.jpg	239318
2026-09-17T20:28:13+05:00	images/3d/3dgrafics_99.jpg	160494
2026-09-17T20:28:13+05:00	images/3d/3dgrafics_100.jpg	237670
2026-09-17T20:28:14+05:00	images/3d/3dgrafics_101.jpg	129745
2026-09-17T20:28:14+05:00	images/3d/3dgrafics_102.jpg	286739
2026-09-17T20:28:14+05:00	images/3d/3dgrafics_103.jpg	134639
2026-09-17T20:28:14+05:00	images/3d/3dgrafics_104.jpg	213898
2026-09-17T20:28:14+05:00	images/3d/3dgrafics_105.jpg	147430
2026-09-17T20:28:14+05:00	images/3d/3dgrafics_106.jpg	671919
2026-09-17T20:28:15+05:00	images/3d/3dgrafics_110.jpg	137515
2026-09-17T20:28:15+05:00	images/3d/3dgrafics_111.jpg	9463
2026-09-17T20:28:15+05:00	images/3d/3dgrafics_112.jpg	175727
2026-09-17T20:28:15+05:00	images/3d/3dgrafics_113.jpg	151888
2026-09-17T20:28:15+05:00	images/3d/3dgrafics_114.jpg	161952
2026-09-17T20:28:16+05:00	images/3d/3dgrafics_115.jpg	138494
2026-09-17T20:28:16+05:00	images/3d/3dgrafics_116.jpg	101729
2026-09-17T20:28:16+05:00	images/3d/3dgrafics_117.jpg	354009
2026-09-17T20:28:16+05:00	images/3d/3dgrafics_118.jpg	138547
2026-09-17T20:28:16+05:00	images/3d/3d_1274.jpg	113273
2026-09-17T20:28:16+05:00	images/3d/4h6505jiz4ia0xvo08s0tkgkrdg2ugu2_2.jpg	30811
2026-09-17T20:28:17+05:00	images/3d/5bvncs9dv202cpr041gc8hp1_2.jpg	56104
2026-09-17T20:28:17+05:00	images/3d/5f0tefrnltecc039vxzxamgzc5rxqwfl_2.jpg	42781
2026-09-17T20:28:17+05:00	images/3d/5r01xumi5xm6_2.jpg	45001
2026-09-17T20:28:17+05:00	images/3d/5vqff5pjbg6d_2.jpg	90974
2026-09-17T20:28:17+05:00	images/3d/6lrvm75dmpa.jpg	261503
2026-09-17T20:28:17+05:00	images/3d/43.jpg	168508
2026-09-17T20:28:18+05:00	images/3d/47.jpg	120664
2026-09-17T20:28:18+05:00	images/3d/2026-04-17_10-44-18_6aef89bb.png	351046
2026-09-17T20:28:18+05:00	images/3d/2481_ice_cudes.jpeg	78651
2026-09-17T20:28:18+05:00	images/3d/9926.jpg	37186
2026-09-17T20:28:18+05:00	images/3d/87621723_large_krasivie_3d_oboi_dlya_rabochego_stola1.jpg	277515
2026-09-17T20:28:18+05:00	images/3d/1201210565.jpg	89459
2026-09-17T20:28:19+05:00	images/3d/1204667881.jpg	53987
2026-09-17T20:29:22+05:00	images/3d/1209482799.jpg	31625
2026-09-17T20:29:23+05:00	images/3d/1210083301.jpg	59849
2026-09-17T20:29:23+05:00	images/3d/1216397180.jpg	95672
2026-09-17T20:29:23+05:00	images/3d/1218127878.jpg	43133
2026-09-17T20:29:23+05:00	images/3d/1220475408.jpg	120124
2026-09-17T20:29:23+05:00	images/3d/1284810431_6520-1680x1050.jpg	258318
2026-09-17T20:29:23+05:00	images/3d/art_vetton_ru_1055.jpg	70781
2026-09-17T20:29:24+05:00	images/3d/art_vetton_ru_1056.jpg	236846
2026-09-17T20:29:24+05:00	images/3d/art_vetton_ru_1059.jpg	124775
2026-09-17T20:29:24+05:00	images/3d/art_vetton_ru_1060.jpg	198118
2026-09-17T20:29:24+05:00	images/3d/art_vetton_ru_1061.jpg	239318
2026-09-17T20:29:24+05:00	images/3d/art_vetton_ru_1062.jpg	160494
2026-09-17T20:29:24+05:00	images/3d/art_vetton_ru_1063.jpg	237670
2026-09-17T20:29:25+05:00	images/3d/art_vetton_ru_1065.jpg	129745
2026-09-17T20:29:25+05:00	images/3d/art_vetton_ru_1066.jpg	286739
2026-09-17T20:29:25+05:00	images/3d/art_vetton_ru_1068.jpg	134639
2026-09-17T20:29:25+05:00	images/3d/b35726432520-18.jpg	213898
2026-09-17T20:29:25+05:00	images/3d/cities_vetton_ru_419.jpg	147430
2026-09-17T20:29:25+05:00	images/3d/ewjo4h89il0.jpg	173416
2026-09-17T20:29:26+05:00	images/3d/fqlvqgdob8a.jpg	321597
2026-09-17T20:29:26+05:00	images/3d/kosmos_28.jpg	190302
2026-09-17T20:29:26+05:00	images/3d/kosmos_29.jpg	224044
2026-09-17T20:29:26+05:00	images/3d/kosmos_30.jpg	223044
2026-09-17T20:29:26+05:00	images/3d/kosmos_31.jpg	177720
2026-09-17T20:29:26+05:00	images/3d/kosmos_32.jpg	303510
2026-09-17T20:29:27+05:00	images/3d/kosmos_33.jpg	199743
2026-09-17T20:29:27+05:00	images/3d/kosmos_34.jpg	231684
2026-09-17T20:29:27+05:00	images/3d/kosmos_35.jpg	50092
2026-09-17T20:29:27+05:00	images/3d/kosmos_36.jpg	173945
2026-09-17T20:29:27+05:00	images/3d/kosmos_37.jpg	278946
2026-09-17T20:29:27+05:00	images/3d/kosmos_38.jpg	218355
2026-09-17T20:29:28+05:00	images/3d/kosmos_39.jpg	368168
2026-09-17T20:29:28+05:00	images/3d/kosmos_40.jpg	333540
2026-09-17T20:29:28+05:00	images/3d/kosmos_41.jpg	484765
2026-09-17T20:29:28+05:00	images/3d/kosmos_42.jpg	597563
2026-09-17T20:29:28+05:00	images/3d/kosmos_43.jpg	443801
2026-09-17T20:29:28+05:00	images/3d/misc_vetton_ru_1126.jpg	151888
2026-09-17T20:29:29+05:00	images/3d/misc_vetton_ru_1128.jpg	161952
2026-09-17T20:29:29+05:00	images/3d/misc_vetton_ru_1130.jpg	138494
2026-09-17T20:29:29+05:00	images/3d/njs0qenmlei.jpg	133376
2026-09-17T20:29:29+05:00	images/3d/ohnxim8i0wa.jpg	227031
2026-09-17T20:29:29+05:00	images/3d/po-aqolw3ve.jpg	209759
2026-09-17T20:29:29+05:00	images/3d/pta-kndycu0.jpg	96325
2026-09-17T20:29:30+05:00	images/3d/qx9fnez3xbi.jpg	233730
2026-09-17T20:29:30+05:00	images/3d/thumb/-0kjnizddoq.jpg	3590
2026-09-17T20:29:30+05:00	images/3d/thumb/068.jpg	6359
2026-09-17T20:29:30+05:00	images/3d/thumb/072.jpg	5138
2026-09-17T20:29:30+05:00	images/3d/thumb/0920841878819fc8dd7baf30727b0348.jpg	8355
2026-09-17T20:29:30+05:00	images/3d/thumb/2psh7epjp87z40bo79e7hvrd1ln8t9qq_5.jpg	8264
2026-09-17T20:29:31+05:00	images/3d/thumb/3d-graphics_3d_ball_015510_.jpg	7153
2026-09-17T20:29:31+05:00	images/3d/thumb/3d-graphics_3d_ball_016734_.jpg	6479
2026-09-17T20:29:31+05:00	images/3d/thumb/3d-graphics_antiquity_music_022956_.jpg	8914
2026-09-17T20:29:31+05:00	images/3d/thumb/3d-graphics_aquarius_016458_.jpg	7297
2026-09-17T20:29:31+05:00	images/3d/thumb/3d-graphics_astral_015555_.jpg	3143
2026-09-17T20:29:31+05:00	images/3d/thumb/3d-graphics_a_glass_of_beer_014351_.jpg	5091
2026-09-17T20:29:32+05:00	images/3d/thumb/3d-graphics_break_015494_.jpg	4661
2026-09-17T20:29:32+05:00	images/3d/thumb/3d-graphics_buttons_014731_.jpg	3688
2026-09-17T20:29:32+05:00	images/3d/thumb/3d-graphics_butt_015550_.jpg	4135
2026-09-17T20:29:32+05:00	images/3d/thumb/3d-graphics_cold_wind_018803_.jpg	2861
2026-09-17T20:29:32+05:00	images/3d/thumb/3d-graphics_colorful_parrot_014361_.jpg	8117
2026-09-17T20:29:32+05:00	images/3d/thumb/3d-graphics_colors_015556_.jpg	3146
2026-09-17T20:29:33+05:00	images/3d/thumb/3d-graphics_color_illusion_015335_.jpg	6469
2026-09-17T20:29:33+05:00	images/3d/thumb/3d-graphics_color_spectrum_015619_.jpg	3816
2026-09-17T20:29:33+05:00	images/3d/thumb/3d-graphics_crazy_pickup_015989_.jpg	10064
2026-09-17T20:29:33+05:00	images/3d/thumb/3d-graphics_earth_020634_.jpg	4293
2026-09-17T20:29:33+05:00	images/3d/thumb/3d-graphics_element_015236_.jpg	5744
2026-09-17T20:29:33+05:00	images/3d/thumb/3d-graphics_future_city_022405_.jpg	6495
2026-09-17T20:29:34+05:00	images/3d/thumb/3d-graphics_gray_mist_014345_.jpg	3249
2026-09-17T20:29:34+05:00	images/3d/thumb/3d-graphics_gray_yarn_015465_.jpg	4490
2026-09-17T20:29:34+05:00	images/3d/thumb/3d-graphics_green_bubbles_014718_.jpg	4392
2026-09-17T20:29:34+05:00	images/3d/thumb/3d-graphics_green_metal_016072_.jpg	5229
2026-09-17T20:29:34+05:00	images/3d/thumb/3d-graphics_heavenly_spheres_016509_.jpg	8462
2026-09-17T20:29:34+05:00	images/3d/thumb/3d-graphics_kuvalda_015526_.jpg	2969
2026-09-17T20:29:35+05:00	images/3d/thumb/3d-graphics_leo_014362_.jpg	7693
2026-09-17T20:29:35+05:00	images/3d/thumb/3d-graphics_microwaves_014287_.jpg	5444
2026-09-17T20:29:35+05:00	images/3d/thumb/3d-graphics_monitor_021602_.jpg	2586
2026-09-17T20:29:35+05:00	images/3d/thumb/3d-graphics_multi-colored_feathers_015906_.jpg	9246
2026-09-17T20:29:35+05:00	images/3d/thumb/3d-graphics_pearl_015537_.jpg	4761
2026-09-17T20:29:35+05:00	images/3d/thumb/3d-graphics_penalties_022562_.jpg	7294
2026-09-17T20:29:36+05:00	images/3d/thumb/3d-graphics_rainbow_015782_.jpg	4769
2026-09-17T20:29:36+05:00	images/3d/thumb/3d-graphics_rainbow_drops_015491_.jpg	12620
2026-09-17T20:29:36+05:00	images/3d/thumb/3d-graphics_skateboarding_014250_.jpg	5878
2026-09-17T20:29:36+05:00	images/3d/thumb/3d-graphics_space_tunnel_006828_.jpg	5823
2026-09-17T20:29:36+05:00	images/3d/thumb/3d-graphics_striped_color_013466_.jpg	7903
2026-09-17T20:29:36+05:00	images/3d/thumb/3d-graphics_symphony_of_the_light_020513_.jpg	5722
2026-09-17T20:29:37+05:00	images/3d/thumb/3d-graphics_technology_011263_.jpg	6561
2026-09-17T20:29:37+05:00	images/3d/thumb/3d-graphics_the_butterfly_on_a_palm_021500_.jpg	7717
2026-09-17T20:29:37+05:00	images/3d/thumb/3d-graphics_the_hell_005319_.jpg	6088
2026-09-17T20:29:37+05:00	images/3d/thumb/3d-graphics_the_universe_in_the_creator_hands_016116_.jpg	4826
2026-09-17T20:29:37+05:00	images/3d/thumb/3d-graphics_torpedo_006831_.jpg	6263
2026-09-17T20:29:37+05:00	images/3d/thumb/3d-graphics_toxicity_015430_.jpg	6956
2026-09-17T20:29:38+05:00	images/3d/thumb/3d-graphics_villain_015543_.jpg	4732
2026-09-17T20:29:38+05:00	images/3d/thumb/3d-graphics_water_elemental_016050_.jpg	7491
2026-09-17T20:29:38+05:00	images/3d/thumb/3d-graphics_white_matter_016061_.jpg	5764
2026-09-17T20:29:38+05:00	images/3d/thumb/3d-graphics_yin_yan_015599_.jpg	2707
2026-09-17T20:29:38+05:00	images/3d/thumb/3d-graphics__003535_.jpg	5274
2026-09-17T20:29:38+05:00	images/3d/thumb/3d-graphics__003536_.jpg	4019
2026-09-17T20:29:39+05:00	images/3d/thumb/3d-graphics__004532_.jpg	7206
2026-09-17T20:29:39+05:00	images/3d/thumb/3dgrafics_1.jpg	7717
2026-09-17T20:29:39+05:00	images/3d/thumb/3dgrafics_2.jpg	1920
2026-09-17T20:29:39+05:00	images/3d/thumb/3dgrafics_3.jpg	8264
2026-09-17T20:29:39+05:00	images/3d/thumb/3dgrafics_4.jpg	7732
2026-09-17T20:29:39+05:00	images/3d/thumb/3dgrafics_5.jpg	5274
2026-09-17T20:29:40+05:00	images/3d/thumb/3dgrafics_6.jpg	4019
2026-09-17T20:29:40+05:00	images/3d/thumb/3dgrafics_7.jpg	7206
2026-09-17T20:29:40+05:00	images/3d/thumb/3dgrafics_8.jpg	7153
2026-09-17T20:29:40+05:00	images/3d/thumb/3dgrafics_9.jpg	6479
2026-09-17T20:29:40+05:00	images/3d/thumb/3dgrafics_10.jpg	5091
2026-09-17T20:29:40+05:00	images/3d/thumb/3dgrafics_11.jpg	8914
2026-09-17T20:29:41+05:00	images/3d/thumb/3dgrafics_12.jpg	7297
2026-09-17T20:29:41+05:00	images/3d/thumb/3dgrafics_13.jpg	3143
2026-09-17T20:29:41+05:00	images/3d/thumb/3dgrafics_14.jpg	4661
2026-09-17T20:29:41+05:00	images/3d/thumb/3dgrafics_15.jpg	4135
2026-09-17T20:29:41+05:00	images/3d/thumb/3dgrafics_16.jpg	3688
2026-09-17T20:29:41+05:00	images/3d/thumb/3dgrafics_17.jpg	2861
2026-09-17T20:29:42+05:00	images/3d/thumb/3dgrafics_18.jpg	6469
2026-09-17T20:29:42+05:00	images/3d/thumb/3dgrafics_19.jpg	3816
2026-09-17T20:29:42+05:00	images/3d/thumb/3dgrafics_20.jpg	8117
2026-09-17T20:29:42+05:00	images/3d/thumb/3dgrafics_21.jpg	3146
2026-09-17T20:29:42+05:00	images/3d/thumb/3dgrafics_22.jpg	10064
2026-09-17T20:29:42+05:00	images/3d/thumb/3dgrafics_23.jpg	4293
2026-09-17T20:29:43+05:00	images/3d/thumb/3dgrafics_24.jpg	5744
2026-09-17T20:29:43+05:00	images/3d/thumb/3dgrafics_25.jpg	6495
2026-09-17T20:29:43+05:00	images/3d/thumb/3dgrafics_73.jpg	5140
2026-09-17T20:29:43+05:00	images/3d/thumb/3dgrafics_74.jpg	6243
2026-09-17T20:29:43+05:00	images/3d/thumb/3dgrafics_75.jpg	8613
2026-09-17T20:29:43+05:00	images/3d/thumb/3dgrafics_76.jpg	6501
2026-09-17T20:29:44+05:00	images/3d/thumb/3dgrafics_77.jpg	3331
2026-09-17T20:29:44+05:00	images/3d/thumb/3dgrafics_78.jpg	3986
2026-09-17T20:29:44+05:00	images/3d/thumb/3dgrafics_79.jpg	8065
2026-09-17T20:29:44+05:00	images/3d/thumb/3dgrafics_80.jpg	5136
2026-09-17T20:29:44+05:00	images/3d/thumb/3dgrafics_81.jpg	3723
2026-09-17T20:29:44+05:00	images/3d/thumb/3dgrafics_82.jpg	5754
2026-09-17T20:29:45+05:00	images/3d/thumb/3dgrafics_83.jpg	8078
2026-09-17T20:29:45+05:00	images/3d/thumb/3dgrafics_84.jpg	5633
2026-09-17T20:29:45+05:00	images/3d/thumb/3dgrafics_85.jpg	9305
2026-09-17T20:29:45+05:00	images/3d/thumb/3dgrafics_86.jpg	5702
2026-09-17T20:29:45+05:00	images/3d/thumb/3dgrafics_87.jpg	8355
2026-09-17T20:29:45+05:00	images/3d/thumb/3dgrafics_88.jpg	5749
2026-09-17T20:29:46+05:00	images/3d/thumb/3dgrafics_89.jpg	3437
2026-09-17T20:29:46+05:00	images/3d/thumb/3dgrafics_90.jpg	6469
2026-09-17T20:29:46+05:00	images/3d/thumb/3dgrafics_91.jpg	5967
2026-09-17T20:29:46+05:00	images/3d/thumb/3dgrafics_92.jpg	9901
2026-09-17T20:29:46+05:00	images/3d/thumb/3dgrafics_93.jpg	7554
2026-09-17T20:29:46+05:00	images/3d/thumb/3dgrafics_94.jpg	4363
2026-09-17T20:29:46+05:00	images/3d/thumb/3dgrafics_95.jpg	4326
2026-09-17T20:29:47+05:00	images/3d/thumb/3dgrafics_96.jpg	5694
2026-09-17T20:29:47+05:00	images/3d/thumb/3dgrafics_97.jpg	5975
2026-09-17T20:29:47+05:00	images/3d/thumb/3dgrafics_98.jpg	5696
2026-09-17T20:29:47+05:00	images/3d/thumb/3dgrafics_99.jpg	8361
2026-09-17T20:29:47+05:00	images/3d/thumb/3dgrafics_100.jpg	3129
2026-09-17T20:29:47+05:00	images/3d/thumb/3dgrafics_101.jpg	4768
2026-09-17T20:29:48+05:00	images/3d/thumb/3dgrafics_102.jpg	6935
2026-09-17T20:29:48+05:00	images/3d/thumb/3dgrafics_103.jpg	4663
2026-09-17T20:29:48+05:00	images/3d/thumb/3dgrafics_104.jpg	4423
2026-09-17T20:29:48+05:00	images/3d/thumb/3dgrafics_105.jpg	5309
2026-09-17T20:29:48+05:00	images/3d/thumb/3dgrafics_106.jpg	4115
2026-09-17T20:29:48+05:00	images/3d/thumb/3dgrafics_107.jpg	9445
2026-09-17T20:29:49+05:00	images/3d/thumb/3dgrafics_108.jpg	8150
2026-09-17T20:29:49+05:00	images/3d/thumb/3dgrafics_109.jpg	8814
2026-09-17T20:29:49+05:00	images/3d/thumb/3dgrafics_110.jpg	6915
2026-09-17T20:29:49+05:00	images/3d/thumb/3dgrafics_111.jpg	4973
2026-09-17T20:29:49+05:00	images/3d/thumb/3dgrafics_112.jpg	6068
2026-09-17T20:29:49+05:00	images/3d/thumb/3dgrafics_113.jpg	5339
2026-09-17T20:29:50+05:00	images/3d/thumb/3dgrafics_114.jpg	5728
2026-09-17T20:29:50+05:00	images/3d/thumb/3dgrafics_115.jpg	6568
2026-09-17T20:29:50+05:00	images/3d/thumb/3dgrafics_116.jpg	3032
2026-09-17T20:29:50+05:00	images/3d/thumb/3dgrafics_117.jpg	5513
2026-09-17T20:29:50+05:00	images/3d/thumb/3dgrafics_118.jpg	3362
2026-09-17T20:29:50+05:00	images/3d/thumb/3d_1274.jpg	7732
2026-09-17T20:29:51+05:00	images/3d/thumb/4h6505jiz4ia0xvo08s0tkgkrdg2ugu2_2.jpg	3642
2026-09-17T20:29:51+05:00	images/3d/thumb/5bvncs9dv202cpr041gc8hp1_2.jpg	6563
2026-09-17T20:29:51+05:00	images/3d/thumb/5f0tefrnltecc039vxzxamgzc5rxqwfl_2.jpg	4415
2026-09-17T20:29:51+05:00	images/3d/thumb/5r01xumi5xm6_2.jpg	4988
2026-09-17T20:29:51+05:00	images/3d/thumb/5vqff5pjbg6d_2.jpg	7980
2026-09-17T20:29:51+05:00	images/3d/thumb/6lrvm75dmpa.jpg	5043
2026-09-17T20:29:52+05:00	images/3d/thumb/43.jpg	7884
2026-09-17T20:29:52+05:00	images/3d/thumb/47.jpg	5001
2026-09-17T20:29:52+05:00	images/3d/thumb/2026-04-17_10-44-18_6aef89bb.png	15888
2026-09-17T20:29:52+05:00	images/3d/thumb/2481_ice_cudes.jpeg	7182
2026-09-17T20:29:52+05:00	images/3d/thumb/9926.jpg	7537
2026-09-17T20:29:52+05:00	images/3d/thumb/145113-mersedes_benc_e_klass-mercedes_benz_cla_class-avtomobil_srednego_razmera-superkar-mercedes_benz-1080x1920.jpg	6586
2026-09-17T20:29:53+05:00	images/3d/thumb/87621723_large_krasivie_3d_oboi_dlya_rabochego_stola1.jpg	5287
2026-09-17T20:29:53+05:00	images/3d/thumb/1201210565.jpg	8065
2026-09-17T20:29:53+05:00	images/3d/thumb/1204667881.jpg	5136
2026-09-17T20:29:53+05:00	images/3d/thumb/1209482799.jpg	3723
2026-09-17T20:29:53+05:00	images/3d/thumb/1210083301.jpg	5754
2026-09-17T20:29:53+05:00	images/3d/thumb/1216397180.jpg	8078
2026-09-17T20:29:53+05:00	images/3d/thumb/1218127878.jpg	5633
2026-09-17T20:29:54+05:00	images/3d/thumb/1220475408.jpg	9305
2026-09-17T20:29:54+05:00	images/3d/thumb/1284810431_6520-1680x1050.jpg	5702
2026-09-17T20:29:54+05:00	images/3d/thumb/art_vetton_ru_1055.jpg	4363
2026-09-17T20:29:54+05:00	images/3d/thumb/art_vetton_ru_1056.jpg	4326
2026-09-17T20:29:54+05:00	images/3d/thumb/art_vetton_ru_1059.jpg	5694
2026-09-17T20:29:54+05:00	images/3d/thumb/art_vetton_ru_1060.jpg	5975
2026-09-17T20:29:55+05:00	images/3d/thumb/art_vetton_ru_1061.jpg	5696
2026-09-17T20:29:55+05:00	images/3d/thumb/art_vetton_ru_1062.jpg	8361
2026-09-17T20:29:55+05:00	images/3d/thumb/art_vetton_ru_1063.jpg	3129
2026-09-17T20:29:55+05:00	images/3d/thumb/art_vetton_ru_1065.jpg	4768
2026-09-17T20:29:55+05:00	images/3d/thumb/art_vetton_ru_1066.jpg	6935
2026-09-29T20:36:10+05:00	images/3d/thumb/art_vetton_ru_1068.jpg	4663
2026-09-29T20:36:10+05:00	images/3d/thumb/avtomobil_vid_szadi_sumerki_317892_3840x2400_77334511.jpg	2973
2026-09-29T20:36:10+05:00	images/3d/thumb/avtomobil_vid_szadi_sumerki_317892_3840x2400_a9569d3c.jpg	2973
2026-09-29T20:36:10+05:00	images/3d/thumb/b35726432520-18.jpg	4423
2026-09-29T20:36:10+05:00	images/3d/thumb/cities_vetton_ru_419.jpg	5309
2026-09-29T20:36:10+05:00	images/3d/thumb/ewjo4h89il0.jpg	4929
2026-09-29T20:36:11+05:00	images/3d/thumb/fqlvqgdob8a.jpg	8015
2026-09-29T20:36:11+05:00	images/3d/thumb/kosmos_28.jpg	6629
2026-09-29T20:36:11+05:00	images/3d/thumb/kosmos_29.jpg	5460
2026-09-29T20:36:11+05:00	images/3d/thumb/kosmos_30.jpg	5287
2026-09-29T20:36:11+05:00	images/3d/thumb/kosmos_31.jpg	5382
2026-09-29T20:36:11+05:00	images/3d/thumb/kosmos_32.jpg	5714
2026-09-29T20:36:12+05:00	images/3d/thumb/kosmos_33.jpg	5887
2026-09-29T20:36:12+05:00	images/3d/thumb/kosmos_34.jpg	5574
2026-09-29T20:36:12+05:00	images/3d/thumb/kosmos_35.jpg	7035
2026-09-29T20:36:12+05:00	images/3d/thumb/kosmos_36.jpg	4909
2026-09-29T20:36:12+05:00	images/3d/thumb/kosmos_37.jpg	6850
2026-09-29T20:36:12+05:00	images/3d/thumb/kosmos_38.jpg	4958
2026-09-29T20:36:13+05:00	images/3d/thumb/kosmos_39.jpg	3777
2026-09-29T20:36:13+05:00	images/3d/thumb/kosmos_40.jpg	4794
2026-09-29T20:36:13+05:00	images/3d/thumb/kosmos_41.jpg	8686
2026-09-29T20:36:13+05:00	images/3d/thumb/kosmos_42.jpg	6756
2026-09-29T20:36:13+05:00	images/3d/thumb/kosmos_43.jpg	4248
2026-09-29T20:36:13+05:00	images/3d/thumb/kosmos_44.jpg	5517
2026-09-29T20:36:14+05:00	images/3d/thumb/kosmos_45.jpg	5431
2026-09-29T20:36:14+05:00	images/3d/thumb/misc_vetton_ru_1126.jpg	5339
2026-09-29T20:36:14+05:00	images/3d/thumb/misc_vetton_ru_1128.jpg	5728
2026-09-29T20:36:14+05:00	images/3d/thumb/misc_vetton_ru_1130.jpg	6568
2026-09-29T20:36:14+05:00	images/3d/thumb/njs0qenmlei.jpg	4434
2026-09-29T20:36:14+05:00	images/3d/thumb/ohnxim8i0wa.jpg	5595
2026-09-29T20:36:15+05:00	images/3d/thumb/po-aqolw3ve.jpg	7122
2026-09-29T20:36:15+05:00	images/3d/thumb/pta-kndycu0.jpg	2918
2026-09-29T20:36:15+05:00	images/3d/thumb/qx9fnez3xbi.jpg	7852
2026-09-29T20:36:15+05:00	images/3d/thumb/shema_protsessor_chip_163424_3840x2160_4e2fd86b.jpg	3783
2026-09-29T20:36:15+05:00	images/3d/thumb/shema_protsessor_chip_163424_3840x2160_c2dce296.jpg	3783
2026-09-29T20:36:15+05:00	images/3d/thumb/zajb-k40joq.jpg	3170
2026-09-29T20:36:16+05:00	images/3d/thumb/_img_3362_42b2d_1312415885.jpg	7717
2026-09-29T20:36:16+05:00	images/3d/zajb-k40joq.jpg	37383
2026-09-29T20:36:16+05:00	images/3d/_img_3362_42b2d_1312415885.jpg	182625
2026-09-29T20:36:16+05:00	images/abstraktnye/29100-zelenyj-kosmos-fialka-lazer-purpur-x750.jpg	162076
2026-09-29T20:36:16+05:00	images/abstraktnye/142768-svet-nebo-elektrik-arhitektura-purpurnyj_cvet-x750.jpg	190794
2026-09-29T20:36:16+05:00	images/abstraktnye/143662-zhivopis-sovremennoe_iskusstvo-vikisklad-artist-simme.jpg	124913
2026-09-29T20:36:17+05:00	images/abstraktnye/155009-svet-krasochnost-sinij-purpur-lazurnyj-x750.jpg	149289
2026-09-29T20:36:17+05:00	images/abstraktnye/156314-fraktalnoe_iskusstvo-art-lazurnyj-purpur-sinij-x750.jpg	254381
2026-09-29T20:36:17+05:00	images/abstraktnye/164038-illustracia-svet-ashamaluevmuzyka-osveshhenie-purpur-.jpg	111989
2026-09-29T20:36:17+05:00	images/abstraktnye/165808-svet-purpur-fioletovyj-art-purpurnyj_cvet-x750.jpg	150004
2026-09-29T20:36:17+05:00	images/abstraktnye/abstract_6.jpg	579776
2026-09-29T20:36:17+05:00	images/abstraktnye/rewalls_com-8193.jpg	595574
2026-09-29T20:36:18+05:00	images/abstraktnye/rewalls_com-15832.jpg	354009
2026-09-29T20:36:18+05:00	images/abstraktnye/rewalls_com-33782.jpg	454968
2026-09-29T20:36:18+05:00	images/abstraktnye/thumb/29100-zelenyj-kosmos-fialka-lazer-purpur-x750.jpg	6551
2026-09-29T20:36:18+05:00	images/abstraktnye/thumb/142768-svet-nebo-elektrik-arhitektura-purpurnyj_cvet-x750.jpg	4784
2026-09-29T20:36:18+05:00	images/abstraktnye/thumb/143662-zhivopis-sovremennoe_iskusstvo-vikisklad-artist-simme.jpg	5010
2026-09-29T20:36:19+05:00	images/abstraktnye/thumb/155009-svet-krasochnost-sinij-purpur-lazurnyj-x750.jpg	7800
2026-09-29T20:36:19+05:00	images/abstraktnye/thumb/156314-fraktalnoe_iskusstvo-art-lazurnyj-purpur-sinij-x750.jpg	6679
2026-09-29T20:36:19+05:00	images/abstraktnye/thumb/164038-illustracia-svet-ashamaluevmuzyka-osveshhenie-purpur-.jpg	4564
2026-09-29T20:36:19+05:00	images/abstraktnye/thumb/165808-svet-purpur-fioletovyj-art-purpurnyj_cvet-x750.jpg	2331
2026-09-29T20:36:19+05:00	images/abstraktnye/thumb/abstract_1.jpg	7527
2026-09-29T20:36:19+05:00	images/abstraktnye/thumb/abstract_2.jpg	6396
2026-09-29T20:36:19+05:00	images/abstraktnye/thumb/abstract_3.jpg	8263
2026-09-29T20:36:20+05:00	images/abstraktnye/thumb/abstract_4.jpg	6846
2026-09-29T20:36:20+05:00	images/abstraktnye/thumb/abstract_5.jpg	7067
2026-09-29T20:36:20+05:00	images/abstraktnye/thumb/abstract_6.jpg	5889
2026-09-29T20:36:20+05:00	images/abstraktnye/thumb/abstract_7.jpg	6163
2026-09-29T20:36:20+05:00	images/abstraktnye/thumb/abstract_8.jpg	7843
2026-09-29T20:36:20+05:00	images/abstraktnye/thumb/abstract_9.jpg	7496
2026-09-29T20:36:21+05:00	images/abstraktnye/thumb/abstract_10.jpg	4464
2026-09-29T20:36:21+05:00	images/abstraktnye/thumb/abstract_11.jpg	7085
2026-09-29T20:36:21+05:00	images/abstraktnye/thumb/rewalls_com-8193.jpg	5321
2026-09-29T20:36:21+05:00	images/abstraktnye/thumb/rewalls_com-15832.jpg	5513
2026-09-29T20:36:21+05:00	images/abstraktnye/thumb/rewalls_com-33782.jpg	6235
2026-09-29T20:36:21+05:00	images/arhitektura/architecture_2.jpg	194945
2026-09-29T20:36:22+05:00	images/arhitektura/architecture_3.jpg	99274
2026-09-29T20:36:22+05:00	images/arhitektura/architecture_4.jpg	431349
2026-09-29T20:36:22+05:00	images/arhitektura/architecture_5.jpg	524030
2026-09-29T20:36:22+05:00	images/arhitektura/architecture_6.jpg	446744
2026-09-29T20:36:22+05:00	images/arhitektura/architecture_7.jpg	510994
2026-09-29T20:36:22+05:00	images/arhitektura/architecture_8.jpg	481157
2026-09-29T20:36:23+05:00	images/arhitektura/architecture_9.jpg	672570
2026-09-29T20:36:23+05:00	images/arhitektura/architecture_10.jpg	277390
2026-09-29T20:36:23+05:00	images/arhitektura/architecture_11.jpg	362033
2026-09-29T20:36:23+05:00	images/arhitektura/architecture_12.jpg	653326
2026-09-29T20:36:23+05:00	images/arhitektura/architecture_13.jpg	629644
2026-09-29T20:36:23+05:00	images/arhitektura/architecture_14.jpg	486063
2026-09-29T20:36:24+05:00	images/arhitektura/architecture_15.jpg	498666
2026-09-29T20:36:24+05:00	images/arhitektura/architecture_17.jpg	462073
2026-09-29T20:36:24+05:00	images/arhitektura/architecture_18.jpg	439772
2026-09-29T20:36:24+05:00	images/arhitektura/architecture_19.jpg	338432
2026-09-29T20:36:24+05:00	images/arhitektura/architecture_20.jpg	591228
2026-09-29T20:36:24+05:00	images/arhitektura/architecture_21.jpg	577212
2026-09-29T20:36:25+05:00	images/arhitektura/architecture_22.jpg	438612
2026-09-29T20:36:25+05:00	images/arhitektura/architecture_24.jpg	628900
2026-09-29T20:36:25+05:00	images/arhitektura/architecture_25.jpg	620139
2026-09-29T20:36:25+05:00	images/arhitektura/architecture_27.jpg	594719
2026-09-29T20:36:25+05:00	images/arhitektura/architecture_28.jpg	420493
2026-09-29T20:36:25+05:00	images/arhitektura/architecture_29.jpg	398666
2026-09-29T20:36:26+05:00	images/arhitektura/architecture_30.jpg	583798
2026-09-29T20:36:26+05:00	images/arhitektura/architecture_31.jpg	474232
2026-09-29T20:36:26+05:00	images/arhitektura/architecture_32.jpg	644560
2026-09-29T20:36:26+05:00	images/arhitektura/architecture_33.jpg	380887
2026-09-29T20:36:26+05:00	images/arhitektura/architecture_35.jpg	550340
2026-09-29T20:36:26+05:00	images/arhitektura/architecture_36.jpg	392006
2026-09-29T20:36:27+05:00	images/arhitektura/architecture_37.jpg	249804
2026-09-29T20:36:27+05:00	images/arhitektura/architecture_38.jpg	556134
2026-09-29T20:36:27+05:00	images/arhitektura/architecture_40.jpg	521371
2026-09-29T20:36:27+05:00	images/arhitektura/architecture_131.jpg	659245
2026-09-29T20:36:27+05:00	images/arhitektura/architecture_132.jpg	470337
2026-09-29T20:36:27+05:00	images/arhitektura/architecture_133.jpg	492726
2026-09-29T20:36:28+05:00	images/arhitektura/architecture_134.jpg	380709
2026-09-29T20:36:28+05:00	images/arhitektura/architecture_135.jpg	222410
2026-09-29T20:36:28+05:00	images/arhitektura/architecture_136.jpg	455769
2026-09-29T20:36:28+05:00	images/arhitektura/architecture_137.jpg	266421
2026-09-29T20:36:28+05:00	images/arhitektura/architecture_138.jpg	418394
2026-09-29T20:36:28+05:00	images/arhitektura/architecture_139.jpg	447180
2026-09-29T20:36:29+05:00	images/arhitektura/architecture_140.jpg	311470
2026-09-29T20:36:29+05:00	images/arhitektura/architecture_141.jpg	333023
2026-09-29T20:36:29+05:00	images/arhitektura/architecture_142.jpg	657452
2026-09-29T20:36:29+05:00	images/arhitektura/architecture_143.jpg	626123
2026-09-29T20:36:29+05:00	images/arhitektura/architecture_145.jpg	475669
2026-09-29T20:36:29+05:00	images/arhitektura/architecture_146.jpg	409427
2026-09-29T20:36:29+05:00	images/arhitektura/architecture_147.jpg	351080
2026-09-29T20:36:30+05:00	images/arhitektura/architecture_148.jpg	449780
2026-09-29T20:36:30+05:00	images/arhitektura/architecture_149.jpg	411276
2026-09-29T20:36:30+05:00	images/arhitektura/architecture_150.jpg	369547
2026-09-29T20:36:30+05:00	images/arhitektura/architecture_151.jpg	713077
2026-09-29T20:36:30+05:00	images/arhitektura/architecture_152.jpg	430533
2026-09-29T20:36:31+05:00	images/arhitektura/architecture_153.jpg	402294
2026-09-29T20:36:31+05:00	images/arhitektura/architecture_154.jpg	369003
2026-09-29T20:36:31+05:00	images/arhitektura/architecture_155.jpg	458603
2026-09-29T20:36:31+05:00	images/arhitektura/architecture_156.jpg	365783
2026-09-29T20:36:31+05:00	images/arhitektura/architecture_157.jpg	368337
2026-09-29T20:36:31+05:00	images/arhitektura/architecture_158.jpg	397231
2026-09-29T20:36:31+05:00	images/arhitektura/img18.jpg	691271
2026-09-29T20:36:32+05:00	images/arhitektura/thumb/architecture_1.jpg	6061
2026-09-29T20:36:32+05:00	images/arhitektura/thumb/architecture_2.jpg	3416
2026-09-29T20:36:32+05:00	images/arhitektura/thumb/architecture_3.jpg	2209
2026-09-29T20:36:32+05:00	images/arhitektura/thumb/architecture_4.jpg	5029
2026-09-29T20:36:32+05:00	images/arhitektura/thumb/architecture_5.jpg	6340
2026-09-29T20:36:32+05:00	images/arhitektura/thumb/architecture_6.jpg	5027
2026-09-29T20:36:33+05:00	images/arhitektura/thumb/architecture_7.jpg	5943
2026-09-29T20:36:33+05:00	images/arhitektura/thumb/architecture_8.jpg	5267
2026-09-29T20:36:33+05:00	images/arhitektura/thumb/architecture_9.jpg	5207
2026-09-29T20:36:33+05:00	images/arhitektura/thumb/architecture_10.jpg	4799
2026-09-29T20:36:33+05:00	images/arhitektura/thumb/architecture_11.jpg	5334
2026-09-29T20:36:33+05:00	images/arhitektura/thumb/architecture_12.jpg	6849
2026-09-29T20:36:34+05:00	images/arhitektura/thumb/architecture_13.jpg	8772
2026-09-29T20:36:34+05:00	images/arhitektura/thumb/architecture_14.jpg	7129
2026-09-29T20:36:34+05:00	images/arhitektura/thumb/architecture_15.jpg	6186
2026-09-29T20:36:34+05:00	images/arhitektura/thumb/architecture_16.jpg	7933
2026-09-29T20:36:34+05:00	images/arhitektura/thumb/architecture_17.jpg	7721
2026-09-29T20:36:34+05:00	images/arhitektura/thumb/architecture_18.jpg	5902
2026-09-29T20:36:35+05:00	images/arhitektura/thumb/architecture_19.jpg	5905
2026-09-29T20:36:35+05:00	images/arhitektura/thumb/architecture_20.jpg	6557
2026-09-29T20:36:35+05:00	images/arhitektura/thumb/architecture_21.jpg	5168
2026-09-29T20:36:35+05:00	images/arhitektura/thumb/architecture_22.jpg	5030
2026-09-29T20:36:35+05:00	images/arhitektura/thumb/architecture_23.jpg	6307
2026-09-29T20:36:35+05:00	images/arhitektura/thumb/architecture_24.jpg	8224
2026-09-29T20:36:36+05:00	images/arhitektura/thumb/architecture_25.jpg	9513
2026-09-29T20:36:36+05:00	images/arhitektura/thumb/architecture_26.jpg	5682
2026-09-29T20:36:36+05:00	images/arhitektura/thumb/architecture_27.jpg	7208
2026-09-29T20:36:36+05:00	images/arhitektura/thumb/architecture_28.jpg	6084
2026-09-29T20:36:36+05:00	images/arhitektura/thumb/architecture_29.jpg	5430
2026-09-29T20:36:36+05:00	images/arhitektura/thumb/architecture_30.jpg	4050
2026-09-29T20:36:37+05:00	images/arhitektura/thumb/architecture_31.jpg	5158
2026-09-29T20:36:37+05:00	images/arhitektura/thumb/architecture_32.jpg	6514
2026-09-29T20:36:37+05:00	images/arhitektura/thumb/architecture_33.jpg	6522
2026-09-29T20:36:37+05:00	images/arhitektura/thumb/architecture_34.jpg	7085
2026-09-29T20:36:37+05:00	images/arhitektura/thumb/architecture_35.jpg	5639
2026-09-29T20:36:37+05:00	images/arhitektura/thumb/architecture_36.jpg	6267
2026-09-29T20:36:38+05:00	images/arhitektura/thumb/architecture_37.jpg	4604
2026-09-29T20:36:38+05:00	images/arhitektura/thumb/architecture_38.jpg	5631
2026-09-29T20:36:38+05:00	images/arhitektura/thumb/architecture_39.jpg	7889
2026-09-29T20:36:38+05:00	images/arhitektura/thumb/architecture_40.jpg	6030
2026-09-29T20:36:38+05:00	images/arhitektura/thumb/architecture_131.jpg	7458
2026-09-29T20:36:38+05:00	images/arhitektura/thumb/architecture_132.jpg	6458
2026-09-29T20:36:39+05:00	images/arhitektura/thumb/architecture_133.jpg	7240
2026-09-29T20:36:39+05:00	images/arhitektura/thumb/architecture_134.jpg	7378
2026-09-29T20:36:39+05:00	images/arhitektura/thumb/architecture_135.jpg	5374
2026-09-29T20:36:39+05:00	images/arhitektura/thumb/architecture_136.jpg	7136
2026-09-29T20:36:39+05:00	images/arhitektura/thumb/architecture_137.jpg	4768
2026-09-29T20:36:39+05:00	images/arhitektura/thumb/architecture_138.jpg	6794
2026-09-29T20:36:40+05:00	images/arhitektura/thumb/architecture_139.jpg	6805
2026-09-29T20:36:40+05:00	images/arhitektura/thumb/architecture_140.jpg	6346
2026-09-29T20:36:40+05:00	images/arhitektura/thumb/architecture_141.jpg	4838
2026-09-29T20:36:40+05:00	images/arhitektura/thumb/architecture_142.jpg	8057
2026-09-29T20:36:40+05:00	images/arhitektura/thumb/architecture_143.jpg	7517
2026-09-29T20:36:40+05:00	images/arhitektura/thumb/architecture_144.jpg	7975
2026-09-29T20:36:41+05:00	images/arhitektura/thumb/architecture_145.jpg	6943
2026-09-29T20:36:41+05:00	images/arhitektura/thumb/architecture_146.jpg	6895
2026-09-29T20:36:41+05:00	images/arhitektura/thumb/architecture_147.jpg	6052
2026-09-29T20:36:41+05:00	images/arhitektura/thumb/architecture_148.jpg	7438
2026-09-29T20:36:41+05:00	images/arhitektura/thumb/architecture_149.jpg	7941
2026-09-29T20:36:41+05:00	images/arhitektura/thumb/architecture_150.jpg	7507
2026-09-29T20:36:41+05:00	images/arhitektura/thumb/architecture_151.jpg	10042
2026-09-29T20:36:42+05:00	images/arhitektura/thumb/architecture_152.jpg	6125
2026-09-29T20:36:42+05:00	images/arhitektura/thumb/architecture_153.jpg	7001
2026-09-29T20:36:42+05:00	images/arhitektura/thumb/architecture_154.jpg	4813
2026-09-29T20:36:42+05:00	images/arhitektura/thumb/architecture_155.jpg	7020
2026-09-29T20:36:42+05:00	images/arhitektura/thumb/architecture_156.jpg	6537
2026-09-29T20:36:43+05:00	images/arhitektura/thumb/architecture_157.jpg	6149
2026-09-29T22:01:56+05:00	images/arhitektura/thumb/architecture_158.jpg	5274
2026-09-29T22:01:57+05:00	images/arhitektura/thumb/architecture_159.jpg	7126
2026-09-29T22:01:57+05:00	images/arhitektura/thumb/img13.jpg	4139
2026-09-29T22:01:57+05:00	images/arhitektura/thumb/img14.jpg	5241
2026-09-29T22:01:57+05:00	images/arhitektura/thumb/img15.jpg	3307
2026-09-29T22:01:58+05:00	images/arhitektura/thumb/img16.jpg	4502
2026-09-29T22:01:58+05:00	images/arhitektura/thumb/img17.jpg	7324
2026-09-29T22:01:58+05:00	images/arhitektura/thumb/img18.jpg	5216
2026-09-29T22:01:58+05:00	images/default/.htaccess	0
2026-09-29T22:01:58+05:00	images/default/.thumbs/files/favicon-collage.jpg	7183
2026-09-29T22:01:59+05:00	images/default/.thumbs/images/1.jpg	4991
2026-09-29T22:01:59+05:00	images/default/.thumbs/images/1be4c83ad60acf6f687a634c52_s.jpg	2352
2026-09-29T22:01:59+05:00	images/default/.thumbs/images/1nnfmvjt-ss(1).jpg	3749
2026-09-29T22:01:59+05:00	images/default/.thumbs/images/1nnfmvjt-ss.jpg	3749
2026-09-29T22:01:59+05:00	images/default/.thumbs/images/2a9b753fb2e4443797f6677bf7b.jpg	3353
2026-09-29T22:02:00+05:00	images/default/.thumbs/images/2efaed196b6aeaed30f1f8c53a4417b4.jpg	18269
2026-09-29T22:02:00+05:00	images/default/.thumbs/images/3e4a5f5d0e71181ac46f3b3800854d5a(1).gif	6274
2026-09-29T22:02:00+05:00	images/default/.thumbs/images/3e4a5f5d0e71181ac46f3b3800854d5a.gif	6274
2026-09-29T22:02:00+05:00	images/default/.thumbs/images/3zmx34e(1).jpg	31148
2026-09-29T22:02:00+05:00	images/default/.thumbs/images/3zmx34e.jpg	31148
2026-09-29T22:02:00+05:00	images/default/.thumbs/images/7 9мая.jpg	21939
2026-09-29T22:02:01+05:00	images/default/.thumbs/images/7 мая.jpg	3507
2026-09-29T22:02:01+05:00	images/default/.thumbs/images/2017-01-27_15-03-48.png	23350
2026-09-29T22:02:01+05:00	images/default/.thumbs/images/2017-01-27_15-05-00.png	22949
2026-09-29T22:02:01+05:00	images/default/.thumbs/images/2017-01-27_15-05-53.png	22949
2026-09-29T22:02:01+05:00	images/default/.thumbs/images/2017-01-27_15-06-59.png	22949
2026-09-29T22:02:01+05:00	images/default/.thumbs/images/2017-01-27_15-07-34(1).png	22949
2026-09-29T22:02:02+05:00	images/default/.thumbs/images/2017-01-27_15-07-34.png	22949
2026-09-29T22:02:02+05:00	images/default/.thumbs/images/2017-01-27_15-08-02.png	22949
2026-09-29T22:02:02+05:00	images/default/.thumbs/images/2017-01-27_15-08-34.png	22949
2026-09-29T22:02:02+05:00	images/default/.thumbs/images/2017-01-27_15-09-04.png	22949
2026-09-29T22:02:02+05:00	images/default/.thumbs/images/2017-01-27_15-09-27.png	22949
2026-09-29T22:02:02+05:00	images/default/.thumbs/images/2020012912192216772_2019121310133193650_2019062411241080242_.jpg	4420
2026-09-29T22:02:03+05:00	images/default/.thumbs/images/adminka.gif	3671
2026-09-29T22:02:03+05:00	images/default/.thumbs/images/android-icon-144x144(1).png	15806
2026-09-29T22:02:03+05:00	images/default/.thumbs/images/android-icon-144x144.png	15806
2026-09-29T22:02:03+05:00	images/default/.thumbs/images/android-icon-192x192.png	15487
2026-09-29T22:02:03+05:00	images/default/.thumbs/images/apple-icon-114x114.png	15643
2026-09-29T22:02:04+05:00	images/default/.thumbs/images/apple-icon-120x120.png	15752
2026-09-29T22:02:04+05:00	images/default/.thumbs/images/apple-icon-144x144.png	15806
2026-09-29T22:02:04+05:00	images/default/.thumbs/images/apple-icon-152x152.png	15782
2026-09-29T22:02:04+05:00	images/default/.thumbs/images/apple-icon-180x180.png	15915
2026-09-29T22:02:04+05:00	images/default/.thumbs/images/apple-icon-precomposed.png	15787
2026-09-29T22:02:04+05:00	images/default/.thumbs/images/apple-icon.png	15787
2026-09-29T22:02:05+05:00	images/default/.thumbs/images/favicon-collage(1).jpg	7183
2026-09-29T22:02:05+05:00	images/default/.thumbs/images/favicon-collage.jpg	7183
2026-09-29T22:02:05+05:00	images/default/.thumbs/images/i (2).jpg	2803
2026-09-29T22:02:05+05:00	images/default/.thumbs/images/kkz7cygk.jpg	2827
2026-09-29T22:02:05+05:00	images/default/.thumbs/images/ms-icon-144x144.png	15806
2026-09-29T22:02:05+05:00	images/default/.thumbs/images/ms-icon-150x150.png	15836
2026-09-29T22:02:06+05:00	images/default/.thumbs/images/ms-icon-310x310.png	15882
2026-09-29T22:02:06+05:00	images/default/.thumbs/images/opera Снимок_2020-04-26_131737_www.instagram.com(1).png	10327
2026-09-29T22:02:06+05:00	images/default/.thumbs/images/opera Снимок_2020-04-26_131737_www.instagram.com(2).png	10327
2026-09-29T22:02:06+05:00	images/default/.thumbs/images/opera Снимок_2020-04-26_131737_www.instagram.com(3).png	10327
2026-09-29T22:02:06+05:00	images/default/.thumbs/images/opera Снимок_2020-04-26_131737_www.instagram.com.png	10327
2026-09-29T22:02:07+05:00	images/default/.thumbs/images/загружено (1).jpg	2766
2026-09-29T22:02:07+05:00	images/default/.thumbs/images/загружено.jpg	2735
2026-09-29T22:02:07+05:00	images/default/046cb427381c.jpg	65770
2026-09-29T22:02:07+05:00	images/default/0719_opera_snimok_2020-04-26_131737_www_instagram_com.png	171832
2026-09-29T22:02:07+05:00	images/default/1nnfmvjt-ss.jpg	100986
2026-09-29T22:02:07+05:00	images/default/2efaed196b6aeaed30f1f8c53a4417b4.jpg	60500
2026-09-29T22:02:08+05:00	images/default/3zmx34e.jpg	171280
2026-09-29T22:02:08+05:00	images/default/4e00bc6c3a608.png	175301
2026-09-29T22:02:08+05:00	images/default/4eb3a0f9d12a8656cfafe1563f47f2e7.jpg	132047
2026-09-29T22:02:08+05:00	images/default/5efd3d078921bb1727b8c05e1668e879.jpeg	70050
2026-09-29T22:02:08+05:00	images/default/5wy5gqbh.jpg	254697
2026-09-29T22:02:08+05:00	images/default/7ed5-4c4ef915.jpg	102510
2026-09-29T22:02:09+05:00	images/default/7_9maya.jpg	31742
2026-09-29T22:02:09+05:00	images/default/9_maya.jpg	13675
2026-09-29T22:02:09+05:00	images/default/23_ferralya.jpg	21782
2026-09-29T22:02:09+05:00	images/default/92e7f03fd711.jpg	88836
2026-09-29T22:02:09+05:00	images/default/96f3coarrem.jpg	78879
2026-09-29T22:02:10+05:00	images/default/99px_ru_avatar_10495_ava_v_remonte.jpg	5032
2026-09-29T22:02:10+05:00	images/default/404_2.jpg	27027
2026-09-29T22:02:10+05:00	images/default/1242_mail.png	5555
2026-09-29T22:02:10+05:00	images/default/1386_fb.png	2289
2026-09-29T22:02:10+05:00	images/default/1608.png	12258
2026-09-29T22:02:10+05:00	images/default/2014.jpg	98135
2026-09-29T22:02:11+05:00	images/default/2923_g.png	4770
2026-09-29T22:02:11+05:00	images/default/3459_vk.png	2534
2026-09-29T22:02:11+05:00	images/default/3705_ya.png	2689
2026-09-29T22:02:11+05:00	images/default/5620_steam.png	22818
2026-09-29T22:02:11+05:00	images/default/6644_twitter.png	4735
2026-09-29T22:02:11+05:00	images/default/9461_odnoklasniki.png	5085
2026-09-29T22:02:12+05:00	images/default/31738.gif	10676
2026-09-29T22:02:12+05:00	images/default/34167c633a79cba7d0b388e5fd861d03.jpg	75329
2026-09-29T22:02:12+05:00	images/default/46329240.jpeg	73019
2026-09-29T22:02:12+05:00	images/default/50601257.jpg	23148
2026-09-29T22:02:12+05:00	images/default/56627356.jpeg	46448
2026-09-29T22:02:12+05:00	images/default/90854490_1119561618396146_1679283591516260614_n.jpg	31972
2026-09-29T22:02:13+05:00	images/default/97293525_1914427828687442_4353311394384771714_n.jpg	51768
2026-09-29T22:02:13+05:00	images/default/101065193_843743892787219_6178039463862674227_n.jpg	32156
2026-09-29T22:02:13+05:00	images/default/103301774_582160425771076_8048348597939448880_n.jpg	30045
2026-09-29T22:02:13+05:00	images/default/1432726743_adaway-block-recklamy.jpg	15767
2026-09-29T22:02:13+05:00	images/default/1432726748_adblock-plus.jpg	16120
2026-09-29T22:02:13+05:00	images/default/1432726795_adfree_1.jpg	18778
2026-09-29T22:02:14+05:00	images/default/200211165101091e.jpeg	28204
2026-09-29T22:02:14+05:00	images/default/altdesk.jpg	29410
2026-09-29T22:02:14+05:00	images/default/android-icon-96x96.png	10744
2026-09-29T22:02:14+05:00	images/default/android-icon-144x144.png	17604
2026-09-29T22:02:14+05:00	images/default/android-icon-192x192.png	29972
2026-09-29T22:02:15+05:00	images/default/apple-icon-57x57.png	5851
2026-09-29T22:02:15+05:00	images/default/apple-icon-76x76.png	8109
2026-09-29T22:02:15+05:00	images/default/apple-icon.png	22995
2026-09-29T22:02:15+05:00	images/default/aston2-logo.jpg	12136
2026-09-29T22:02:15+05:00	images/default/browser-features.jpg	51186
2026-09-29T22:02:15+05:00	images/default/c0117808f783.jpg	51288
2026-09-29T22:02:16+05:00	images/default/download-logo.png	18161
2026-09-29T22:02:16+05:00	images/default/e2a9b3d9d820.jpg	32996
2026-09-29T22:02:16+05:00	images/default/favicon-96x96.png	10744
2026-09-29T22:02:16+05:00	images/default/favicon.png	2680
2026-09-29T22:02:16+05:00	images/default/fb.png	2289
2026-09-29T22:02:16+05:00	images/default/files/favicon-collage.jpg	287988
2026-09-29T22:02:17+05:00	images/default/files_2.png	31367
2026-09-29T22:02:17+05:00	images/default/files_3.png	1769
2026-09-29T22:02:17+05:00	images/default/g.png	4770
2026-09-29T22:02:17+05:00	images/default/hcjiiyyjg2i.jpg	26576
2026-09-29T22:02:17+05:00	images/default/hew6gq6z-2i.jpg	45479
2026-09-29T22:02:17+05:00	images/default/hftb1hlieg0.jpg	41015
2026-09-29T22:02:18+05:00	images/default/images/1.jpg	44402
2026-09-29T22:02:18+05:00	images/default/images/1be4c83ad60acf6f687a634c52_s.jpg	89525
2026-09-29T22:02:18+05:00	images/default/images/1nnfmvjt-ss(1).jpg	100986
2026-09-29T22:02:18+05:00	images/default/images/1nnfmvjt-ss.jpg	100986
2026-09-29T22:02:18+05:00	images/default/images/2a9b753fb2e4443797f6677bf7b.jpg	51671
2026-09-29T22:02:19+05:00	images/default/images/2efaed196b6aeaed30f1f8c53a4417b4.jpg	60500
2026-09-29T22:02:19+05:00	images/default/images/3zmx34e(1).jpg	171280
2026-09-29T22:02:19+05:00	images/default/images/3zmx34e.jpg	171280
2026-09-29T22:02:19+05:00	images/default/images/7 9мая.jpg	31742
2026-09-29T22:02:19+05:00	images/default/images/7 мая.jpg	11889
2026-09-29T22:02:19+05:00	images/default/images/2017-01-27_15-07-34.png	60174
2026-09-29T22:02:20+05:00	images/default/images/2020012912192216772_2019121310133193650_2019062411241080242_.jpg	242879
2026-09-29T22:02:20+05:00	images/default/images/adminka.gif	224678
2026-09-29T22:02:20+05:00	images/default/images/android-icon-36x36.png	3517
2026-09-29T22:02:20+05:00	images/default/images/android-icon-48x48.png	5215
2026-09-29T22:02:20+05:00	images/default/images/android-icon-72x72.png	9603
2026-09-29T22:02:20+05:00	images/default/images/android-icon-96x96.png	14910
2026-09-29T22:02:21+05:00	images/default/images/android-icon-144x144(1).png	27394
2026-09-29T22:02:21+05:00	images/default/images/android-icon-144x144.png	27394
2026-09-29T22:02:21+05:00	images/default/images/android-icon-192x192.png	41075
2026-09-29T22:02:21+05:00	images/default/images/apple-icon-57x57.png	6761
2026-09-29T22:02:21+05:00	images/default/images/apple-icon-60x60.png	7295
2026-09-29T22:02:21+05:00	images/default/images/apple-icon-72x72.png	9603
2026-09-29T22:02:22+05:00	images/default/images/apple-icon-76x76.png	10344
2026-09-29T22:02:22+05:00	images/default/images/apple-icon-114x114.png	19234
2026-09-29T22:02:22+05:00	images/default/images/apple-icon-120x120.png	20883
2026-09-29T22:02:22+05:00	images/default/images/apple-icon-144x144.png	27394
2026-09-29T22:02:22+05:00	images/default/images/apple-icon-152x152.png	29565
2026-09-29T22:02:23+05:00	images/default/images/apple-icon-180x180.png	38024
2026-09-29T22:02:23+05:00	images/default/images/apple-icon-precomposed.png	41564
2026-09-29T22:02:23+05:00	images/default/images/apple-icon.png	41564
2026-09-29T22:02:23+05:00	images/default/images/favicon-16x16.png	1509
2026-09-29T22:02:23+05:00	images/default/images/favicon-32x32.png	2971
2026-09-29T22:02:23+05:00	images/default/images/favicon-96x96.png	14910
2026-09-29T22:02:24+05:00	images/default/images/favicon-collage(1).jpg	287988
2026-09-29T22:02:24+05:00	images/default/images/favicon-collage.jpg	287988
2026-09-29T22:02:24+05:00	images/default/images/i (2).jpg	61933
2026-09-29T22:02:24+05:00	images/default/images/kkz7cygk.jpg	135280
2026-09-29T22:02:24+05:00	images/default/images/ms-icon-70x70.png	9182
2026-09-29T22:02:25+05:00	images/default/images/ms-icon-144x144.png	27394
2026-09-29T22:02:25+05:00	images/default/images/ms-icon-150x150.png	28934
2026-09-29T22:02:25+05:00	images/default/images/ms-icon-310x310.png	81524
2026-09-29T22:02:25+05:00	images/default/images/opera Снимок_2020-04-26_131737_www.instagram.com(1).png	171832
2026-09-29T22:02:25+05:00	images/default/images/opera Снимок_2020-04-26_131737_www.instagram.com(2).png	171832
2026-09-29T22:02:25+05:00	images/default/images/opera Снимок_2020-04-26_131737_www.instagram.com(3).png	171832
2026-09-29T22:02:26+05:00	images/default/images/opera Снимок_2020-04-26_131737_www.instagram.com.png	171832
2026-09-29T22:02:26+05:00	images/default/images/загружено (1).jpg	64442
2026-09-29T22:02:26+05:00	images/default/images/загружено.jpg	48084
2026-09-29T22:02:26+05:00	images/default/images_1.png	81525
2026-09-29T22:02:26+05:00	images/default/images_2.png	24283
2026-09-29T22:02:26+05:00	images/default/images_3.png	2204
2026-09-29T22:02:27+05:00	images/default/images_4.png	63480
2026-09-29T22:02:27+05:00	images/default/install_1.png	85889
2026-09-29T22:02:27+05:00	images/default/install_2.png	80275
2026-09-29T22:02:27+05:00	images/default/install_3.png	72395
2026-09-29T22:02:27+05:00	images/default/install_4.png	67841
2026-09-29T22:02:28+05:00	images/default/install_5.png	263770
2026-09-29T22:02:28+05:00	images/default/install_6.png	68373
2026-09-29T22:02:28+05:00	images/default/install_7.png	82598
2026-09-29T22:02:28+05:00	images/default/ipban_1.png	31932
2026-09-29T22:02:28+05:00	images/default/itutjqphaxe.jpg	54507
2026-09-29T22:02:28+05:00	images/default/jj30cvbmd6m.jpg	37334
2026-09-29T22:02:29+05:00	images/default/jmwm5uehh-e.jpg	6048
2026-09-29T22:02:29+05:00	images/default/kak-vybrat-videonablyudeniya.jpg	100855
2026-09-29T22:02:29+05:00	images/default/kak-vybrat-videonablyudeniya3-1024x614.jpg	29830
2026-09-29T22:02:29+05:00	images/default/mail.png	5555
2026-09-29T22:02:29+05:00	images/default/menu-bb1.gif	1952
2026-09-29T22:02:29+05:00	images/default/ms-icon-70x70.png	7416
2026-09-29T22:02:30+05:00	images/default/ms-icon-144x144.png	17604
2026-09-29T22:02:30+05:00	images/default/ms-icon-150x150.png	18533
2026-09-29T22:02:30+05:00	images/default/ms-icon-310x310.png	50547
2026-09-29T22:02:30+05:00	images/default/news_.png	2712
2026-09-29T22:02:30+05:00	images/default/news_1.png	41747
2026-09-29T22:02:30+05:00	images/default/news_2.png	31559
2026-09-29T22:02:31+05:00	images/default/news_3.png	45028
2026-09-29T22:02:31+05:00	images/default/news_4.png	12079
2026-09-29T22:02:31+05:00	images/default/news_5.png	8203
2026-09-29T22:02:31+05:00	images/default/news_6.png	10363
2026-09-29T22:02:31+05:00	images/default/news_7.png	77910
2026-09-29T22:02:31+05:00	images/default/news_8.png	34778
2026-09-29T22:02:32+05:00	images/default/news_9.png	13352
2026-09-29T22:03:22+05:00	images/default/news_10.png	4638
2026-09-29T22:03:22+05:00	images/default/objectdock-plus.jpg	15382
2026-09-29T22:03:22+05:00	images/default/odnoklasniki.png	5085
2026-09-29T22:03:23+05:00	images/default/ognennye-cvetki.jpg	420440
2026-09-29T22:03:23+05:00	images/default/ogon.jpg	418662
2026-09-29T22:03:23+05:00	images/default/opera_snimok_2020-03-12_105509_moneyman_ru.png	187496
2026-09-29T22:03:23+05:00	images/default/opera_snimok_2020-04-26_131737_www_instagram_com.png	171832
2026-09-29T22:03:23+05:00	images/default/p2bjebzejq4.jpg	44257
2026-09-29T22:03:23+05:00	images/default/plugins_1.png	38820
2026-09-29T22:03:24+05:00	images/default/polevye-cvety-2.jpg	462382
2026-09-29T22:03:24+05:00	images/default/qir9alrsjy8.jpg	53943
2026-09-29T22:03:24+05:00	images/default/s21097666.jpg	31180
2026-09-29T22:03:24+05:00	images/default/s21144371.jpg	19865
2026-09-29T22:03:24+05:00	images/default/s51195704.jpg	35899
2026-09-29T22:03:24+05:00	images/default/s69253539.jpg	47118
2026-09-29T22:03:25+05:00	images/default/s74769737.jpg	44937
2026-09-29T22:03:25+05:00	images/default/s75812405.jpg	32266
2026-09-29T22:03:25+05:00	images/default/screen-2012.7.2-12-41-33.6.jpg	10894
2026-09-29T22:03:25+05:00	images/default/screen-2012.7.2-13-2-1.0.jpg	11795
2026-09-29T22:03:25+05:00	images/default/screen.jpg	25912
2026-09-29T22:03:26+05:00	images/default/screenshot.10.png	273996
2026-09-29T22:03:26+05:00	images/default/screenshot.11.png	212382
2026-09-29T22:03:26+05:00	images/default/screenshot.21.png	309732
2026-09-29T22:03:26+05:00	images/default/screenshot.22.png	358010
2026-09-29T22:03:26+05:00	images/default/screenshot.32.png	12156
2026-09-29T22:03:26+05:00	images/default/screenshot.33.png	23563
2026-09-29T22:03:27+05:00	images/default/screenshot.40.png	207145
2026-09-29T22:03:27+05:00	images/default/screenshot.41.png	82954
2026-09-29T22:03:27+05:00	images/default/screenshot.51.png	270505
2026-09-29T22:03:27+05:00	images/default/screenshot.52.png	258626
2026-09-29T22:03:27+05:00	images/default/screenshot_1.png	44835
2026-09-29T22:03:27+05:00	images/default/screenshot_2.png	253412
2026-09-29T22:03:28+05:00	images/default/screenshot_6.png	218031
2026-09-29T22:03:28+05:00	images/default/screenshot_7.png	303988
2026-09-29T22:03:28+05:00	images/default/screenshot_8.png	209865
2026-09-29T22:03:28+05:00	images/default/screenshot_13.png	135693
2026-09-29T22:03:28+05:00	images/default/screenshot_18.png	26012
2026-09-29T22:03:28+05:00	images/default/screenshot_19.png	13692
2026-09-29T22:03:29+05:00	images/default/screenshot_23.png	723
2026-09-29T22:03:29+05:00	images/default/screenshot_24.png	35549
2026-09-29T22:03:29+05:00	images/default/screenshot_32.png	16413
2026-09-29T22:03:29+05:00	images/default/screenshot_33.png	16365
2026-09-29T22:03:29+05:00	images/default/screenshot_34.png	359609
2026-09-29T22:03:29+05:00	images/default/screenshot_35.png	257253
2026-09-29T22:03:30+05:00	images/default/screenshot_37.png	53683
2026-09-29T22:03:30+05:00	images/default/screenshot_38.png	277351
2026-09-29T22:03:30+05:00	images/default/screenshot_45.png	362337
2026-09-29T22:03:30+05:00	images/default/screenshot_48.png	227437
2026-09-29T22:03:30+05:00	images/default/screenshot_49.png	300500
2026-09-29T22:03:30+05:00	images/default/screenshot_50.png	181245
2026-09-29T22:03:31+05:00	images/default/screenshot_55.png	188024
2026-09-29T22:03:31+05:00	images/default/screenshot_142.png	229122
2026-09-29T22:03:31+05:00	images/default/screenshot_143.png	236072
2026-09-29T22:03:31+05:00	images/default/screenshot_144.png	107550
2026-09-29T22:03:31+05:00	images/default/screenshot_145.png	288214
2026-09-29T22:03:31+05:00	images/default/screenshot_146.png	238158
2026-09-29T22:03:32+05:00	images/default/screenshot_147.png	224771
2026-09-29T22:03:32+05:00	images/default/screenshot_148.png	215235
2026-09-29T22:03:32+05:00	images/default/screenshot_151.png	212186
2026-09-29T22:03:32+05:00	images/default/screenshot_152.png	35570
2026-09-29T22:03:32+05:00	images/default/screenshot_155.png	38095
2026-09-29T22:03:32+05:00	images/default/steam.png	22818
2026-09-29T22:03:33+05:00	images/default/thumb/0_4cbd6_af6edb8e_orig.gif	2823
2026-09-29T22:03:33+05:00	images/default/thumb/0_4dfe0_854d71d4_orig.gif	3864
2026-09-29T22:03:33+05:00	images/default/thumb/0_48b51_eb1cfaf8_orig.png	14534
2026-09-29T22:03:33+05:00	images/default/thumb/0_494d3_dc2d1f61_orig.gif	829
2026-09-29T22:03:33+05:00	images/default/thumb/0140_1356451364_qtip-dark.jpg	30534
2026-09-29T22:03:34+05:00	images/default/thumb/046cb427381c.jpg	3582
2026-09-29T22:03:34+05:00	images/default/thumb/0661_screenshot_175.png	30422
2026-09-29T22:03:34+05:00	images/default/thumb/0719_opera_snimok_2020-04-26_131737_www_instagram_com.png	21189
2026-09-29T22:03:34+05:00	images/default/thumb/1_3.png	6457
2026-09-29T22:03:34+05:00	images/default/thumb/4e00bc6c3a608.png	110420
2026-09-29T22:03:34+05:00	images/default/thumb/4eb3a0f9d12a8656cfafe1563f47f2e7.jpg	3465
2026-09-29T22:03:35+05:00	images/default/thumb/5efd3d078921bb1727b8c05e1668e879.jpeg	52476
2026-09-29T22:03:35+05:00	images/default/thumb/5wy5gqbh.jpg	4921
2026-09-29T22:03:35+05:00	images/default/thumb/7ed5-4c4ef915.jpg	25245
2026-09-29T22:03:35+05:00	images/default/thumb/7_9maya.jpg	5036
2026-09-29T22:03:35+05:00	images/default/thumb/9_maya.jpg	5278
2026-09-29T22:03:35+05:00	images/default/thumb/23_ferralya.jpg	5855
2026-09-29T22:03:36+05:00	images/default/thumb/36.gif	40604
2026-09-29T22:03:36+05:00	images/default/thumb/45.png	107405
2026-09-29T22:03:36+05:00	images/default/thumb/92e7f03fd711.jpg	29743
2026-09-29T22:03:36+05:00	images/default/thumb/96f3coarrem.jpg	6163
2026-09-29T22:03:36+05:00	images/default/thumb/99px_ru_avatar_10495_ava_v_remonte.jpg	1974
2026-09-29T22:03:37+05:00	images/default/thumb/404_2.jpg	2570
2026-09-29T22:03:37+05:00	images/default/thumb/648d586f-4304-45af-8b63-0f3b3e20752b_576f284f.png	16385
2026-09-29T22:03:37+05:00	images/default/thumb/1028_1356451365_qtip-bootstrap.jpg	29495
2026-09-29T22:03:37+05:00	images/default/thumb/1087_1356451387_qtip-tipsy.jpg	43258
2026-09-29T22:03:37+05:00	images/default/thumb/1242_mail.png	5459
2026-09-29T22:03:37+05:00	images/default/thumb/1386_fb.png	3807
2026-09-29T22:03:38+05:00	images/default/thumb/1608.png	72457
2026-09-29T22:03:38+05:00	images/default/thumb/1901_1356451377_qtip-tipped.jpg	34121
2026-09-29T22:03:38+05:00	images/default/thumb/2014.jpg	5062
2026-09-29T22:03:38+05:00	images/default/thumb/2017-01-03_15-46-21.png	21809
2026-09-29T22:03:38+05:00	images/default/thumb/2017-01-03_15-47-49.png	18521
2026-09-29T22:03:38+05:00	images/default/thumb/2017-01-03_15-48-48.png	17339
2026-09-29T22:03:39+05:00	images/default/thumb/2017-01-03_15-49-41.png	16478
2026-09-29T22:03:39+05:00	images/default/thumb/2017-01-03_15-50-33.png	18386
2026-09-29T22:03:39+05:00	images/default/thumb/2026-04-24_14-30-51_4020c016.png	42532
2026-09-29T22:03:39+05:00	images/default/thumb/2026-05-22_21-35-42_533a12e5.png	10100
2026-09-29T22:03:39+05:00	images/default/thumb/2026-05-22_21-35-42_b85bb0ee.png	10100
2026-09-29T22:03:39+05:00	images/default/thumb/2026-05-26_22-04-15_1191b151.png	5662
2026-09-29T22:03:40+05:00	images/default/thumb/2026-05-26_22-04-15_27064480.png	5662
2026-09-29T22:03:40+05:00	images/default/thumb/2026-06-01_11-15-48_5518beaf.png	40054
2026-09-29T22:03:40+05:00	images/default/thumb/2923_g.png	4667
2026-09-29T22:03:40+05:00	images/default/thumb/3174_opera_snimok_2021-10-04_160534_ngcmshak_ru.png	95255
2026-09-29T22:03:40+05:00	images/default/thumb/3307_1356451388_qtip-jtools.jpg	33966
2026-09-29T22:03:41+05:00	images/default/thumb/3459_vk.png	4250
2026-09-29T22:03:41+05:00	images/default/thumb/3705_ya.png	3423
2026-09-29T22:03:41+05:00	images/default/thumb/3907_screenshot_174.png	55088
2026-09-29T22:03:41+05:00	images/default/thumb/3960_screenshot_33.png	26755
2026-09-29T22:03:41+05:00	images/default/thumb/3972_1356451414_qtip-light.jpg	29796
2026-09-29T22:03:41+05:00	images/default/thumb/4108_1356451401_qtip-cluetip.jpg	31727
2026-09-29T22:03:42+05:00	images/default/thumb/4593_1356451443_qtip-green.jpg	29453
2026-09-29T22:03:42+05:00	images/default/thumb/4730_opera_snimok_2021-10-04_160929_ngcmshak_ru.png	96599
2026-09-29T22:03:42+05:00	images/default/thumb/5620_steam.png	6399
2026-09-29T22:03:42+05:00	images/default/thumb/5705_add_img.jpg	8244
2026-09-29T22:03:42+05:00	images/default/thumb/6457_opera_snimok_2021-10-04_160929_ngcmshak_ru.png	96599
2026-09-29T22:03:42+05:00	images/default/thumb/6644_twitter.png	4624
2026-09-29T22:03:43+05:00	images/default/thumb/7091_screenshot_172.png	68787
2026-09-29T22:03:43+05:00	images/default/thumb/7135_1356451390_qtip-youtube.jpg	40593
2026-09-29T22:03:43+05:00	images/default/thumb/8001_1356451374_qtip-red.jpg	27542
2026-09-29T22:03:43+05:00	images/default/thumb/8069_1356451393_qtip-default.jpg	31524
2026-09-29T22:03:43+05:00	images/default/thumb/8464_screenshot_34.png	163698
2026-09-29T22:03:43+05:00	images/default/thumb/8661_1356451359_qtip-blue.jpg	28348
2026-09-29T22:03:44+05:00	images/default/thumb/8688_screenshot_35.png	119701
2026-09-29T22:03:44+05:00	images/default/thumb/9129_screenshot_173.png	63754
2026-09-29T22:03:44+05:00	images/default/thumb/9461_odnoklasniki.png	5020
2026-09-29T22:03:44+05:00	images/default/thumb/9961_screenshot_32.png	26819
2026-09-29T22:03:44+05:00	images/default/thumb/31738.gif	5509
2026-09-29T22:03:44+05:00	images/default/thumb/34167c633a79cba7d0b388e5fd861d03.jpg	29079
2026-09-29T22:03:45+05:00	images/default/thumb/46329240.jpeg	26833
2026-09-29T22:03:45+05:00	images/default/thumb/50601257.jpg	5246
2026-09-29T22:03:45+05:00	images/default/thumb/56627356.jpeg	25442
2026-09-29T22:03:45+05:00	images/default/thumb/90854490_1119561618396146_1679283591516260614_n.jpg	3397
2026-09-29T22:03:45+05:00	images/default/thumb/97293525_1914427828687442_4353311394384771714_n.jpg	6141
2026-09-29T22:03:45+05:00	images/default/thumb/101065193_843743892787219_6178039463862674227_n.jpg	4241
2026-09-29T22:03:46+05:00	images/default/thumb/103301774_582160425771076_8048348597939448880_n.jpg	5048
2026-09-29T22:03:46+05:00	images/default/thumb/1432726743_adaway-block-recklamy.jpg	3544
2026-09-29T22:03:46+05:00	images/default/thumb/1432726748_adblock-plus.jpg	3454
2026-09-29T22:03:46+05:00	images/default/thumb/1432726795_adfree_1.jpg	2462
2026-09-29T22:03:46+05:00	images/default/thumb/adminka.gif	5486
2026-09-29T22:03:46+05:00	images/default/thumb/altdesk.jpg	26090
2026-09-29T22:03:47+05:00	images/default/thumb/android-icon-96x96.png	9038
2026-09-29T22:03:47+05:00	images/default/thumb/android-icon-144x144.png	15080
2026-09-29T22:03:47+05:00	images/default/thumb/android-icon-192x192.png	16190
2026-09-29T22:03:47+05:00	images/default/thumb/apple-icon-57x57.png	4668
2026-09-29T22:03:47+05:00	images/default/thumb/apple-icon-76x76.png	6643
2026-09-29T22:03:48+05:00	images/default/thumb/apple-icon.png	16190
2026-09-29T22:03:48+05:00	images/default/thumb/aston2-logo.jpg	12128
2026-09-29T22:03:48+05:00	images/default/thumb/bottom.png	21905
2026-09-29T22:03:48+05:00	images/default/thumb/browser-features.jpg	17958
2026-09-29T22:03:48+05:00	images/default/thumb/c0117808f783.jpg	37218
2026-09-29T22:03:48+05:00	images/default/thumb/c7dfc09ed29e083e255c05a0c1ca9278.jpg	10725
2026-09-29T22:03:49+05:00	images/default/thumb/circle_.gif	3959
2026-09-29T22:03:49+05:00	images/default/thumb/cke.gif	38712
2026-09-29T22:03:49+05:00	images/default/thumb/download-logo.png	17694
2026-09-29T22:03:49+05:00	images/default/thumb/e2a9b3d9d820.jpg	21859
2026-09-29T22:03:49+05:00	images/default/thumb/elliptical-marquee.jpg	1008
2026-09-29T22:03:50+05:00	images/default/thumb/favicon-96x96.png	9038
2026-09-29T22:03:50+05:00	images/default/thumb/fb.png	3807
2026-09-29T22:03:50+05:00	images/default/thumb/fisuts-m1dzbdogcru7-7ceuaus.gif	44750
2026-09-29T22:03:50+05:00	images/default/thumb/footer.jpg	4760
2026-09-29T22:03:50+05:00	images/default/thumb/g.png	4667
2026-09-29T22:03:50+05:00	images/default/thumb/gif_1533099826.gif	2784
2026-09-29T22:03:51+05:00	images/default/thumb/gzip_response.jpg	21565
2026-09-29T22:03:51+05:00	images/default/thumb/hcjiiyyjg2i.jpg	2410
2026-09-29T22:03:51+05:00	images/default/thumb/hew6gq6z-2i.jpg	33143
2026-09-29T22:03:51+05:00	images/default/thumb/hftb1hlieg0.jpg	4479
2026-09-29T22:03:51+05:00	images/default/thumb/img-20200122-wa0008.jpg	119906
2026-09-29T22:03:52+05:00	images/default/thumb/img-20200123-wa0000.jpg	123363
2026-09-29T22:03:52+05:00	images/default/thumb/itutjqphaxe.jpg	22089
2026-09-29T22:03:52+05:00	images/default/thumb/iw5wseffc8k.jpg	20339
2026-09-29T22:03:52+05:00	images/default/thumb/jj30cvbmd6m.jpg	17743
2026-09-29T22:03:52+05:00	images/default/thumb/jmwm5uehh-e.jpg	2656
2026-09-29T22:03:52+05:00	images/default/thumb/kak-vybrat-videonablyudeniya.jpg	6503
2026-09-29T22:03:53+05:00	images/default/thumb/kak-zarabotat-v-miralinks-1_thumb.jpg	24058
2026-09-29T22:03:53+05:00	images/default/thumb/kak-zarabotat-v-miralinks-2_thumb.jpg	29305
2026-09-29T22:03:53+05:00	images/default/thumb/kak-zarabotat-v-miralinks-3_thumb.jpg	42854
2026-09-29T22:03:53+05:00	images/default/thumb/kak-zarabotat-v-miralinks_thumb.jpg	8964
2026-09-29T22:03:53+05:00	images/default/thumb/kategorii.png	28450
2026-09-29T22:03:53+05:00	images/default/thumb/kcfinder.gif	8264
2026-09-29T22:03:54+05:00	images/default/thumb/kcfinder2.gif	14348
2026-09-29T22:03:54+05:00	images/default/thumb/kcfinder3.gif	10516
2026-09-29T22:03:54+05:00	images/default/thumb/kcfinder4.gif	12110
2026-09-29T22:03:54+05:00	images/default/thumb/loading.gif	981
2026-09-29T22:03:54+05:00	images/default/thumb/mail.png	5459
2026-09-29T22:03:55+05:00	images/default/thumb/menu-bb1.gif	1222
2026-09-29T22:03:55+05:00	images/default/thumb/miralinks-kak-zarabotat_thumb.jpg	13020
2026-09-29T22:03:55+05:00	images/default/thumb/mistakes.gif	1659
2026-09-29T22:03:55+05:00	images/default/thumb/mistakes.png	4631
2026-09-29T22:03:55+05:00	images/default/thumb/mistakes_1.gif	1918
2026-09-29T22:03:55+05:00	images/default/thumb/ms-icon-70x70.png	6101
2026-09-29T22:03:56+05:00	images/default/thumb/ms-icon-144x144.png	15080
2026-09-29T22:03:56+05:00	images/default/thumb/ms-icon-150x150.png	15976
2026-09-29T22:03:56+05:00	images/default/thumb/ms-icon-310x310.png	16983
2026-09-29T22:03:56+05:00	images/default/thumb/objectdock-plus.jpg	18313
2026-09-29T22:03:56+05:00	images/default/thumb/obratnyi-poisk-v-miralinks-3_thumb.jpg	31603
2026-09-29T22:03:56+05:00	images/default/thumb/odnoklasniki.png	5020
2026-09-29T22:03:57+05:00	images/default/thumb/opera_snimok_2019-06-19_155451_getcomposer_org.png	129089
