{"date":"2026-09-17T14:59:29+05:00","action":"scan","status":"started","details":[]}
{"date":"2026-09-17T14:59:32+05:00","action":"scan","status":"completed","details":{"files":11275,"source_errors":[]}}
{"date":"2026-09-17T15:02:01+05:00","action":"scan","status":"started","details":[]}
{"date":"2026-09-17T15:02:05+05:00","action":"scan","status":"completed","details":{"files":11275,"source_errors":[]}}
{"date":"2026-09-17T15:07:58+05:00","action":"scan","status":"started","details":[]}
{"date":"2026-09-17T15:08:01+05:00","action":"scan","status":"completed","details":{"files":11273,"source_errors":[]}}
{"date":"2026-09-17T15:12:27+05:00","action":"delete","status":"completed","details":{"path":"avatars/1.31738.gif","size":5455}}
{"date":"2026-09-17T15:12:28+05:00","action":"delete","status":"completed","details":{"path":"avatars/1_1_by-gatea_1.jpg","size":14916}}
{"date":"2026-09-17T15:12:28+05:00","action":"delete","status":"completed","details":{"path":"avatars/1_4cde2c9b5b768f63c45e4c37a8a7cbc8__980x.jpg","size":77625}}
{"date":"2026-09-17T15:12:28+05:00","action":"delete","status":"completed","details":{"path":"avatars/1_admin.png","size":4020}}
{"date":"2026-09-17T15:12:28+05:00","action":"delete","status":"completed","details":{"path":"avatars/1_aoh14ggdkqv9r0rnmbhz1tkuzt3rgf9khu3nwnk4qjba","size":41374}}
{"date":"2026-09-17T15:12:28+05:00","action":"delete","status":"completed","details":{"path":"avatars/2_avatara_text_kuplu_avatar.jpg","size":32074}}
{"date":"2026-09-17T15:12:28+05:00","action":"delete","status":"completed","details":{"path":"avatars/3.flower8-20080514-1344456351.jpg","size":3132}}
{"date":"2026-09-17T15:12:28+05:00","action":"delete","status":"completed","details":{"path":"avatars/4.flower26-20080514-1821015326.jpg","size":3163}}
{"date":"2026-09-17T15:12:29+05:00","action":"delete","status":"completed","details":{"path":"avatars/4_vt_zlzae.jpeg","size":11629}}
{"date":"2026-09-17T15:12:29+05:00","action":"delete","status":"completed","details":{"path":"avatars/5.autocars30-20070808-1813148512.jpg","size":3806}}
{"date":"2026-09-17T15:12:29+05:00","action":"delete","status":"completed","details":{"path":"avatars/5_154196d93a2c60c1054f9ccef918ceda46aada10_full.jpg","size":5538}}
{"date":"2026-09-17T15:12:29+05:00","action":"delete","status":"completed","details":{"path":"avatars/6.cars4-20070808-1115495035.jpg","size":2760}}
{"date":"2026-09-17T15:12:29+05:00","action":"delete","status":"completed","details":{"path":"avatars/6_154196d93a2c60c1054f9ccef918ceda46aada10_full.jpg","size":5538}}
{"date":"2026-09-17T15:12:29+05:00","action":"delete","status":"completed","details":{"path":"avatars/6_avatara_text_zavtra.gif","size":33957}}
{"date":"2026-09-17T15:12:30+05:00","action":"delete","status":"completed","details":{"path":"avatars/7.cars75-20070808-1671559838.jpg","size":3034}}
{"date":"2026-09-17T15:12:30+05:00","action":"delete","status":"completed","details":{"path":"avatars/7_f9e7e5df351e218508701283e8e59a6331d3d93c_full.jpg","size":9417}}
{"date":"2026-09-17T15:12:30+05:00","action":"delete","status":"completed","details":{"path":"avatars/8.eye24-20070622-1422274778.jpg","size":2804}}
{"date":"2026-09-17T15:12:30+05:00","action":"delete","status":"completed","details":{"path":"avatars/34_2014-vse-serialy.jpg","size":2313}}
{"date":"2026-09-17T15:12:30+05:00","action":"delete","status":"completed","details":{"path":"avatars/83_avatar-140x140.png","size":12704}}
{"date":"2026-09-17T15:12:30+05:00","action":"delete","status":"completed","details":{"path":"avatars/143_2_sablezubaya-belka-iz-lednikovo.jpg","size":5231}}
{"date":"2026-09-17T15:12:30+05:00","action":"delete","status":"completed","details":{"path":"avatars/143_avatar-100x100.png","size":8829}}
{"date":"2026-09-17T15:12:31+05:00","action":"delete","status":"completed","details":{"path":"avatars/247_avatar.jpg","size":10431}}
{"date":"2026-09-17T15:12:31+05:00","action":"delete","status":"completed","details":{"path":"avatars/354_foto_1.jpg","size":2777}}
{"date":"2026-09-17T15:12:31+05:00","action":"delete","status":"completed","details":{"path":"avatars/389_photo.jpg","size":3140}}
{"date":"2026-09-17T15:12:31+05:00","action":"delete","status":"completed","details":{"path":"avatars/405_nl1y77kxxe0.jpg","size":28701}}
{"date":"2026-09-17T15:12:31+05:00","action":"delete","status":"completed","details":{"path":"avatars/457_czlyznfoza8.jpg","size":13792}}
{"date":"2026-09-17T15:12:31+05:00","action":"delete","status":"completed","details":{"path":"avatars/673_aachttdaml7yultg9ehtnrqgibctzj9u8rgfy6rbdxn48cji=s96-c","size":780}}
{"date":"2026-09-17T15:12:31+05:00","action":"delete","status":"completed","details":{"path":"avatars/673_aachttdyvvi_koxld87u--o8zc4osmsdde2dapricy7psnq4=s96-c","size":1165}}
{"date":"2026-09-17T15:12:32+05:00","action":"delete","status":"completed","details":{"path":"avatars/673_aatxajwjc6aifxnmrjdcmm8z7tk6gpp2cx5l3rbcjyys=s96-c","size":1194}}
{"date":"2026-09-17T15:12:32+05:00","action":"delete","status":"completed","details":{"path":"avatars/673_acg8ocih6ynueltr3t4p03eyencki8zbinwtyguw4axi-25s=s96-c","size":513}}
{"date":"2026-09-17T15:12:32+05:00","action":"delete","status":"completed","details":{"path":"avatars/673_acg8ocivvvcgcl1d6psvx8ciqs9oqggu-or-odbpi4xgkpbviqyclq=s96-c","size":1408}}
{"date":"2026-09-17T15:12:32+05:00","action":"delete","status":"completed","details":{"path":"avatars/673_acg8ocjhku7on_awe58yxk8soqfklx7-fiixwqzjr9iil6dk=s96-c","size":982}}
{"date":"2026-09-17T15:12:32+05:00","action":"delete","status":"completed","details":{"path":"avatars/673_acg8ocjkzy5970bzp7y2al4yhqhx5hm2um4rjqbpt5a1rn4-1a0h_w=s96-c","size":967}}
{"date":"2026-09-17T15:12:32+05:00","action":"delete","status":"completed","details":{"path":"avatars/673_acg8ockjehnuh3jn7cs13d-r_tuzbre7yburast8mwxm58djzg=s96-c","size":6163}}
{"date":"2026-09-17T15:12:33+05:00","action":"delete","status":"completed","details":{"path":"avatars/673_acg8ocl6uuh-ums6aenofi6dhyto7mwouptbp6r-0tamdp-n=s96-c","size":1465}}
{"date":"2026-09-17T15:12:33+05:00","action":"delete","status":"completed","details":{"path":"avatars/673_aedftp4supgql36s1pyg4dqmz4h3z1bonnin72w75dbh=s96-c","size":3690}}
{"date":"2026-09-17T15:12:33+05:00","action":"delete","status":"completed","details":{"path":"avatars/673_aitbvmkjsibcxtgk6xa9f1hozxetvt9wwklzeck_e8_1=s96-c","size":1177}}
{"date":"2026-09-17T15:12:33+05:00","action":"delete","status":"completed","details":{"path":"avatars/673_alm5wu2kjtquwk9zq3uoutox73kj9hy3ktsu5020b_wnyg=s96-c","size":12303}}
{"date":"2026-09-17T15:12:33+05:00","action":"delete","status":"completed","details":{"path":"avatars/673_alm5wu35kfdhp_5zpnjijkkawrqwoghutdmlwrmsayru=s96-c","size":4000}}
{"date":"2026-09-17T15:12:33+05:00","action":"delete","status":"completed","details":{"path":"avatars/673_aoh14ghgesxfowtkpf9kqhyattufyr6zytd3sngwtu12=s96-c","size":4090}}
{"date":"2026-09-17T15:12:33+05:00","action":"delete","status":"completed","details":{"path":"avatars/673_aoh14ghjkrroulhty2fninufdczzik730vccr94yn0__ww=s96-c","size":7854}}
{"date":"2026-09-17T15:12:34+05:00","action":"delete","status":"completed","details":{"path":"avatars/673_aoh14givivu7tetwt1tsdcu4zm7akvqr7dvlattkjleh6w=s96-c","size":4262}}
{"date":"2026-09-17T15:12:34+05:00","action":"delete","status":"completed","details":{"path":"avatars/673_aoh14giwkyrlcnlaokr0xqk-c6ch_bv-6st5wcisupsn=s96-c","size":7957}}
{"date":"2026-09-17T15:12:34+05:00","action":"delete","status":"completed","details":{"path":"avatars/673_aoh14gjamnzhrhysqyeg6sjabprclpksdkmhfjo-5ygw=s96-c","size":3180}}
{"date":"2026-09-17T15:12:34+05:00","action":"delete","status":"completed","details":{"path":"avatars/673_aoh14gjh3zr9udkhmffbkhnrxuyek91xx5ldxqmeb4jkqa=s96-c","size":3501}}
{"date":"2026-09-17T15:12:34+05:00","action":"delete","status":"completed","details":{"path":"avatars/773_android-icon-48x48.png","size":5178}}
{"date":"2026-09-17T15:12:34+05:00","action":"delete","status":"completed","details":{"path":"avatars/_154196d93a2c60c1054f9ccef918ceda46aada10_full.jpg","size":5538}}
{"date":"2026-09-17T15:12:34+05:00","action":"delete","status":"completed","details":{"path":"avatars/_aachttdaml7yultg9ehtnrqgibctzj9u8rgfy6rbdxn48cji=s96-c","size":780}}
{"date":"2026-09-17T15:12:35+05:00","action":"delete","status":"completed","details":{"path":"avatars/_aachttdyvvi_koxld87u--o8zc4osmsdde2dapricy7psnq4=s96-c","size":1165}}
{"date":"2026-09-17T15:12:35+05:00","action":"delete","status":"completed","details":{"path":"avatars/_acg8ocivvvcgcl1d6psvx8ciqs9oqggu-or-odbpi4xgkpbviqyclq=s96-c","size":1408}}
{"date":"2026-09-17T15:17:41+05:00","action":"scan","status":"started","details":[]}
{"date":"2026-09-17T15:17:44+05:00","action":"scan","status":"completed","details":{"files":11223,"source_errors":[]}}
{"date":"2026-09-17T15:20:39+05:00","action":"delete","status":"completed","details":{"path":"avatars/_acg8ocjkzy5970bzp7y2al4yhqhx5hm2um4rjqbpt5a1rn4-1a0h_w=s96-c","size":967}}
{"date":"2026-09-17T15:20:40+05:00","action":"delete","status":"completed","details":{"path":"avatars/_aedftp4supgql36s1pyg4dqmz4h3z1bonnin72w75dbh=s96-c","size":3690}}
{"date":"2026-09-17T15:20:40+05:00","action":"delete","status":"completed","details":{"path":"avatars/_aoh14ghjkrroulhty2fninufdczzik730vccr94yn0__ww=s96-c","size":7854}}
{"date":"2026-09-17T15:20:40+05:00","action":"delete","status":"completed","details":{"path":"avatars/_aoh14givivu7tetwt1tsdcu4zm7akvqr7dvlattkjleh6w=s96-c","size":4262}}
{"date":"2026-09-17T15:20:40+05:00","action":"delete","status":"completed","details":{"path":"avatars/_aoh14gjamnzhrhysqyeg6sjabprclpksdkmhfjo-5ygw=s96-c","size":3180}}
{"date":"2026-09-17T15:20:40+05:00","action":"delete","status":"completed","details":{"path":"avatars/_f9e7e5df351e218508701283e8e59a6331d3d93c_full.jpg","size":9417}}
{"date":"2026-09-17T15:20:40+05:00","action":"delete","status":"completed","details":{"path":"avatars/_iw5wseffc8k.jpg","size":14400}}
{"date":"2026-09-17T15:20:40+05:00","action":"delete","status":"completed","details":{"path":"avatars/_photo.jpg","size":3140}}
{"date":"2026-09-17T15:20:40+05:00","action":"delete","status":"completed","details":{"path":"avatars/_vt_zlzae.jpeg","size":12302}}
{"date":"2026-09-17T15:20:41+05:00","action":"delete","status":"completed","details":{"path":"dsn/.htaccess","size":0}}
{"date":"2026-09-17T15:20:41+05:00","action":"delete","status":"completed","details":{"path":"dsn/0a/0b/001/s_screencast-video-recorder.jpg","size":16423}}
{"date":"2026-09-17T15:20:41+05:00","action":"delete","status":"completed","details":{"path":"dsn/0a/0b/001/thumb/s_screencast-video-recorder.jpg","size":3263}}
{"date":"2026-09-17T15:20:41+05:00","action":"delete","status":"completed","details":{"path":"dsn/0a/7e/001/thumb/images_6.png","size":64774}}
{"date":"2026-09-17T15:20:41+05:00","action":"delete","status":"completed","details":{"path":"dsn/0a/15/001/thumb/34.png","size":19303}}
{"date":"2026-09-17T15:20:41+05:00","action":"delete","status":"completed","details":{"path":"dsn/0a/80/001/thumb/robotstxt.jpg","size":14749}}
{"date":"2026-09-17T15:20:41+05:00","action":"delete","status":"completed","details":{"path":"dsn/0a/a5/001/thumb/1350009220_preloader.jpg","size":15101}}
{"date":"2026-09-17T15:20:42+05:00","action":"delete","status":"completed","details":{"path":"dsn/0a/a6/001/thumb/supersized_-_full_screen_background_slideshow_jquery_plugin1.png","size":147246}}
{"date":"2026-09-17T15:20:42+05:00","action":"delete","status":"completed","details":{"path":"dsn/0a/e5/001/iceland-wallpapers.jpg","size":145746}}
{"date":"2026-09-17T15:20:42+05:00","action":"delete","status":"completed","details":{"path":"dsn/0a/e5/001/thumb/iceland-wallpapers.jpg","size":4875}}
{"date":"2026-09-17T15:20:42+05:00","action":"delete","status":"completed","details":{"path":"dsn/0b/80/001/screenshot_22.png","size":339577}}
{"date":"2026-09-17T15:20:42+05:00","action":"delete","status":"completed","details":{"path":"dsn/0b/80/001/thumb/screenshot_22.png","size":50140}}
{"date":"2026-09-17T15:20:42+05:00","action":"delete","status":"completed","details":{"path":"dsn/0b/d9/001/screenshot_26.png","size":211819}}
{"date":"2026-09-17T15:20:42+05:00","action":"delete","status":"completed","details":{"path":"dsn/0b/d9/001/thumb/screenshot_26.png","size":48088}}
{"date":"2026-09-17T15:20:42+05:00","action":"delete","status":"completed","details":{"path":"dsn/0b/dd/001/c49a821fa3b780caac2fe00d74be5dd2.jpg","size":57908}}
{"date":"2026-09-17T15:20:43+05:00","action":"delete","status":"completed","details":{"path":"dsn/0b/dd/001/thumb/c49a821fa3b780caac2fe00d74be5dd2.jpg","size":9192}}
{"date":"2026-09-17T15:20:43+05:00","action":"delete","status":"completed","details":{"path":"dsn/0c/6a/001/thumb/na_raione___plagin.png","size":12509}}
{"date":"2026-09-17T15:20:43+05:00","action":"delete","status":"completed","details":{"path":"dsn/0c/84/001/b2cf0562b51c04fc19c5e8e49ad003a4.jpg","size":40444}}
{"date":"2026-09-17T15:20:43+05:00","action":"delete","status":"completed","details":{"path":"dsn/0c/84/001/thumb/b2cf0562b51c04fc19c5e8e49ad003a4.jpg","size":6871}}
{"date":"2026-09-17T15:20:43+05:00","action":"delete","status":"completed","details":{"path":"dsn/0d/2f/001/8c6b332bb4082fa2dfc6cfb77f2b8cae.jpg","size":25068}}
{"date":"2026-09-17T15:20:43+05:00","action":"delete","status":"completed","details":{"path":"dsn/0d/2f/001/thumb/8c6b332bb4082fa2dfc6cfb77f2b8cae.jpg","size":4855}}
{"date":"2026-09-17T15:20:43+05:00","action":"delete","status":"completed","details":{"path":"dsn/0d/9b/001/2592be7152a4306876cf.jpg","size":63000}}
{"date":"2026-09-17T15:20:44+05:00","action":"delete","status":"completed","details":{"path":"dsn/0d/9b/001/thumb/2592be7152a4306876cf.jpg","size":3118}}
{"date":"2026-09-17T15:20:44+05:00","action":"delete","status":"completed","details":{"path":"dsn/0d/9f/001/thumb/screenshot_33.png","size":138168}}
{"date":"2026-09-17T15:20:44+05:00","action":"delete","status":"completed","details":{"path":"dsn/0d/51/001/thumb/smena_fona.png","size":26123}}
{"date":"2026-09-17T15:20:44+05:00","action":"delete","status":"completed","details":{"path":"dsn/0d/73/001/thumb/screenshot_19h_21m_03s.jpg","size":61093}}
{"date":"2026-09-17T15:20:44+05:00","action":"delete","status":"completed","details":{"path":"dsn/0d/77/001/thumb/2bac2e684932f2683de715da2e86d679.png","size":81860}}
{"date":"2026-09-17T15:20:44+05:00","action":"delete","status":"completed","details":{"path":"dsn/0e/4c/001/coins_3446.png","size":7060}}
{"date":"2026-09-17T15:20:44+05:00","action":"delete","status":"completed","details":{"path":"dsn/0e/4c/001/thumb/coins_3446.png","size":7064}}
{"date":"2026-09-17T15:20:44+05:00","action":"delete","status":"completed","details":{"path":"dsn/0e/70/001/thumb/f201016f.jpg","size":7988}}
{"date":"2026-09-17T15:20:45+05:00","action":"delete","status":"completed","details":{"path":"dsn/0f/12/001/thumb/opera_snimok_2024-10-27_182537_yandex_kz.png","size":166437}}
{"date":"2026-09-17T15:20:45+05:00","action":"delete","status":"completed","details":{"path":"dsn/0f/52/001/thumb/menyu.png","size":91651}}
{"date":"2026-09-17T15:20:45+05:00","action":"delete","status":"completed","details":{"path":"dsn/0f/a9/001/thumb/2025-04-19_21-56-54.png","size":14856}}
{"date":"2026-09-17T15:20:45+05:00","action":"delete","status":"completed","details":{"path":"dsn/0f/d2/001/thumb/windows-8-start-screen-customizer-600x377.jpg","size":6688}}
{"date":"2026-09-17T15:20:45+05:00","action":"delete","status":"completed","details":{"path":"dsn/0f/d2/001/windows-8-start-screen-customizer-600x377.jpg","size":50714}}
{"date":"2026-09-17T15:20:45+05:00","action":"delete","status":"completed","details":{"path":"dsn/00/3f/001/thumb/screenshot_11h_38m_38s.jpg","size":3239}}
{"date":"2026-09-17T15:20:45+05:00","action":"delete","status":"completed","details":{"path":"dsn/00/6c/001/thumb/1252908730_htaccess.jpg","size":6942}}
{"date":"2026-09-17T15:20:46+05:00","action":"delete","status":"completed","details":{"path":"dsn/00/49/001/img1.jpg","size":53761}}
{"date":"2026-09-17T15:20:46+05:00","action":"delete","status":"completed","details":{"path":"dsn/00/49/001/thumb/img1.jpg","size":4257}}
{"date":"2026-09-17T15:20:46+05:00","action":"delete","status":"completed","details":{"path":"dsn/00/49/002/img1.jpg","size":105912}}
{"date":"2026-09-17T15:20:46+05:00","action":"delete","status":"completed","details":{"path":"dsn/00/49/002/thumb/img1.jpg","size":2738}}
{"date":"2026-09-17T15:20:46+05:00","action":"delete","status":"completed","details":{"path":"dsn/00/a2/001/92e7f03fd711.jpg","size":88836}}
{"date":"2026-09-17T15:20:46+05:00","action":"delete","status":"completed","details":{"path":"dsn/00/a2/001/thumb/92e7f03fd711.jpg","size":6383}}
{"date":"2026-09-17T15:20:46+05:00","action":"delete","status":"completed","details":{"path":"dsn/00/d8/001/solar_system_hd_deluxe_edition_dlya_android.png","size":956104}}
{"date":"2026-09-17T15:20:46+05:00","action":"delete","status":"completed","details":{"path":"dsn/00/d8/001/thumb/solar_system_hd_deluxe_edition_dlya_android.png","size":43948}}
{"date":"2026-09-17T15:20:47+05:00","action":"delete","status":"completed","details":{"path":"dsn/01/09/001/s_1381247861_3d-aquarium-live-wallpaper-pro.jpg","size":22471}}
{"date":"2026-09-17T15:20:47+05:00","action":"delete","status":"completed","details":{"path":"dsn/01/4c/001/thumb/slide-3.jpg","size":49498}}
{"date":"2026-09-17T15:20:47+05:00","action":"delete","status":"completed","details":{"path":"dsn/01/84/001/screenshot_27.png","size":264992}}
{"date":"2026-09-17T15:20:47+05:00","action":"delete","status":"completed","details":{"path":"dsn/01/84/001/thumb/screenshot_27.png","size":56183}}
{"date":"2026-09-17T15:20:47+05:00","action":"delete","status":"completed","details":{"path":"dsn/02/03/001/thumb/1000000.jpg","size":106704}}
{"date":"2026-09-17T15:20:47+05:00","action":"delete","status":"completed","details":{"path":"dsn/02/84/001/thumb/zagruzheno_5.jpg","size":5027}}
{"date":"2026-09-17T15:20:47+05:00","action":"delete","status":"completed","details":{"path":"dsn/02/84/001/zagruzheno_5.jpg","size":8965}}
{"date":"2026-09-17T15:20:47+05:00","action":"delete","status":"completed","details":{"path":"dsn/02/b4/001/gromkost3.png","size":77677}}
{"date":"2026-09-17T15:20:48+05:00","action":"delete","status":"completed","details":{"path":"dsn/02/b4/001/thumb/gromkost3.png","size":22383}}
{"date":"2026-09-17T15:20:48+05:00","action":"delete","status":"completed","details":{"path":"dsn/02/bf/001/8755826.png","size":37315}}
{"date":"2026-09-17T15:20:48+05:00","action":"delete","status":"completed","details":{"path":"dsn/02/c0/001/thumb/korob.png","size":65834}}
{"date":"2026-09-17T15:20:48+05:00","action":"delete","status":"completed","details":{"path":"dsn/02/e9/001/hts.jpg","size":36147}}
{"date":"2026-09-17T15:20:48+05:00","action":"delete","status":"completed","details":{"path":"dsn/02/e9/001/thumb/hts.jpg","size":4707}}
{"date":"2026-09-17T15:20:48+05:00","action":"delete","status":"completed","details":{"path":"dsn/03/0d/001/thumb/21.jpg","size":76301}}
{"date":"2026-09-17T15:20:48+05:00","action":"delete","status":"completed","details":{"path":"dsn/03/2b/001/5.jpg","size":49405}}
{"date":"2026-09-17T15:20:49+05:00","action":"delete","status":"completed","details":{"path":"dsn/03/2b/001/thumb/5.jpg","size":3678}}
{"date":"2026-09-17T15:20:49+05:00","action":"delete","status":"completed","details":{"path":"dsn/03/2b/002/5.jpg","size":34244}}
{"date":"2026-09-17T15:20:49+05:00","action":"delete","status":"completed","details":{"path":"dsn/03/2b/002/thumb/5.jpg","size":5100}}
{"date":"2026-09-17T15:20:49+05:00","action":"delete","status":"completed","details":{"path":"dsn/03/2b/003/5.jpg","size":41210}}
{"date":"2026-09-17T15:20:49+05:00","action":"delete","status":"completed","details":{"path":"dsn/03/2b/003/thumb/5.jpg","size":7324}}
{"date":"2026-09-17T15:20:49+05:00","action":"delete","status":"completed","details":{"path":"dsn/03/2b/004/5.jpg","size":93131}}
{"date":"2026-09-17T15:20:49+05:00","action":"delete","status":"completed","details":{"path":"dsn/03/2b/004/thumb/5.jpg","size":5867}}
{"date":"2026-09-17T15:20:49+05:00","action":"delete","status":"completed","details":{"path":"dsn/03/58/001/21132216.jpg","size":528442}}
{"date":"2026-09-17T15:20:50+05:00","action":"delete","status":"completed","details":{"path":"dsn/03/58/001/thumb/21132216.jpg","size":4259}}
{"date":"2026-09-17T15:20:50+05:00","action":"delete","status":"completed","details":{"path":"dsn/03/85/001/solar_system_hd_deluxe_edition_dlya_android2.png","size":1010306}}
{"date":"2026-09-17T15:20:50+05:00","action":"delete","status":"completed","details":{"path":"dsn/03/85/001/thumb/solar_system_hd_deluxe_edition_dlya_android2.png","size":46231}}
{"date":"2026-09-17T15:20:50+05:00","action":"delete","status":"completed","details":{"path":"dsn/03/cc/001/thumb/2025-02-05_16-55-39.png","size":34422}}
{"date":"2026-09-17T15:20:50+05:00","action":"delete","status":"completed","details":{"path":"dsn/04/07/001/thumb/adapslider.jpg","size":21374}}
{"date":"2026-09-17T15:20:50+05:00","action":"delete","status":"completed","details":{"path":"dsn/04/9f/001/thumb/easycapture1.jpg","size":18110}}
{"date":"2026-09-17T15:20:50+05:00","action":"delete","status":"completed","details":{"path":"dsn/04/9f/002/thumb/easycapture1.jpg","size":22756}}
{"date":"2026-09-17T15:20:51+05:00","action":"delete","status":"completed","details":{"path":"dsn/04/9f/003/thumb/easycapture1.jpg","size":24934}}
{"date":"2026-09-17T15:20:51+05:00","action":"delete","status":"completed","details":{"path":"dsn/04/17/001/krome.jpg","size":23866}}
{"date":"2026-09-17T15:20:51+05:00","action":"delete","status":"completed","details":{"path":"dsn/04/17/001/thumb/krome.jpg","size":4138}}
{"date":"2026-09-17T15:20:51+05:00","action":"delete","status":"completed","details":{"path":"dsn/04/17/002/krome.jpg","size":72447}}
{"date":"2026-09-17T15:20:51+05:00","action":"delete","status":"completed","details":{"path":"dsn/04/17/002/thumb/krome.jpg","size":3436}}
{"date":"2026-09-17T15:20:51+05:00","action":"delete","status":"completed","details":{"path":"dsn/04/a1/001/33_2.jpg","size":133101}}
{"date":"2026-09-17T15:20:51+05:00","action":"delete","status":"completed","details":{"path":"dsn/04/a1/001/thumb/33_2.jpg","size":6461}}
{"date":"2026-09-17T15:20:51+05:00","action":"delete","status":"completed","details":{"path":"dsn/04/a9/001/displayfusion_5_1_1_beta_73.png","size":87407}}
{"date":"2026-09-17T15:20:52+05:00","action":"delete","status":"completed","details":{"path":"dsn/04/a9/001/thumb/displayfusion_5_1_1_beta_73.png","size":17201}}
{"date":"2026-09-17T15:20:52+05:00","action":"delete","status":"completed","details":{"path":"dsn/04/c3/001/thumb/j4zoeokfces.jpg","size":91725}}
{"date":"2026-09-17T15:20:52+05:00","action":"delete","status":"completed","details":{"path":"dsn/05/10/001/thumb/screenshot_41.png","size":18381}}
{"date":"2026-09-17T15:20:52+05:00","action":"delete","status":"completed","details":{"path":"dsn/05/10/002/thumb/screenshot_41.png","size":106831}}
{"date":"2026-09-17T15:20:52+05:00","action":"delete","status":"completed","details":{"path":"dsn/05/b6/001/frost_2_by_jonnypc12_on_deviantart.png","size":130304}}
{"date":"2026-09-17T15:20:52+05:00","action":"delete","status":"completed","details":{"path":"dsn/05/b6/001/thumb/frost_2_by_jonnypc12_on_deviantart.png","size":13271}}
{"date":"2026-09-17T15:20:52+05:00","action":"delete","status":"completed","details":{"path":"dsn/05/d0/001/img3.jpg","size":56925}}
{"date":"2026-09-17T15:20:53+05:00","action":"delete","status":"completed","details":{"path":"dsn/05/d0/001/thumb/img3.jpg","size":3197}}
{"date":"2026-09-17T15:21:55+05:00","action":"delete","status":"completed","details":{"path":"dsn/05/eb/001/kalofduti.jpg","size":20569}}
{"date":"2026-09-17T15:21:55+05:00","action":"delete","status":"completed","details":{"path":"dsn/05/eb/001/thumb/kalofduti.jpg","size":3909}}
{"date":"2026-09-17T15:21:55+05:00","action":"delete","status":"completed","details":{"path":"dsn/05/fd/001/image28321679_42c410c5bd1408b7edbdd7bc1a6b2e8f.jpg","size":191863}}
{"date":"2026-09-17T15:21:55+05:00","action":"delete","status":"completed","details":{"path":"dsn/05/fd/001/thumb/image28321679_42c410c5bd1408b7edbdd7bc1a6b2e8f.jpg","size":3393}}
{"date":"2026-09-17T15:21:55+05:00","action":"delete","status":"completed","details":{"path":"dsn/06/2a/001/s_unnamed.jpg","size":21993}}
{"date":"2026-09-17T15:21:56+05:00","action":"delete","status":"completed","details":{"path":"dsn/06/2a/001/thumb/s_unnamed.jpg","size":4205}}
{"date":"2026-09-17T15:21:56+05:00","action":"delete","status":"completed","details":{"path":"dsn/06/2a/002/s_unnamed.jpg","size":34798}}
{"date":"2026-09-17T15:21:56+05:00","action":"delete","status":"completed","details":{"path":"dsn/06/2a/002/thumb/s_unnamed.jpg","size":4848}}
{"date":"2026-09-17T15:21:56+05:00","action":"delete","status":"completed","details":{"path":"dsn/06/d8/001/arhiv.jpg","size":59988}}
{"date":"2026-09-17T15:21:56+05:00","action":"delete","status":"completed","details":{"path":"dsn/06/d8/001/thumb/arhiv.jpg","size":25239}}
{"date":"2026-09-17T15:21:56+05:00","action":"delete","status":"completed","details":{"path":"dsn/06/dc/001/gromkost2.png","size":56024}}
{"date":"2026-09-17T15:21:56+05:00","action":"delete","status":"completed","details":{"path":"dsn/06/dc/001/thumb/gromkost2.png","size":9977}}
{"date":"2026-09-17T15:21:57+05:00","action":"delete","status":"completed","details":{"path":"dsn/06/de/001/thumb/icq_status_manager.jpg","size":19636}}
{"date":"2026-09-17T15:21:57+05:00","action":"delete","status":"completed","details":{"path":"dsn/07/f0/001/thumb/e-cart.jpg","size":68980}}
{"date":"2026-09-17T15:21:57+05:00","action":"delete","status":"completed","details":{"path":"dsn/08/3d/001/thumb/xnews.png","size":56100}}
{"date":"2026-09-17T15:21:57+05:00","action":"delete","status":"completed","details":{"path":"dsn/08/62/001/2025-08-20_20-31-23.png","size":37319}}
{"date":"2026-09-17T15:21:57+05:00","action":"delete","status":"completed","details":{"path":"dsn/08/62/001/thumb/2025-08-20_20-31-23.png","size":13712}}
{"date":"2026-09-17T15:21:57+05:00","action":"delete","status":"completed","details":{"path":"dsn/08/b8/001/jrrek3hjase.jpg","size":48425}}
{"date":"2026-09-17T15:21:57+05:00","action":"delete","status":"completed","details":{"path":"dsn/08/b8/001/thumb/jrrek3hjase.jpg","size":7838}}
{"date":"2026-09-17T15:21:58+05:00","action":"delete","status":"completed","details":{"path":"dsn/09/3d/001/2837628.png","size":37830}}
{"date":"2026-09-17T15:21:58+05:00","action":"delete","status":"completed","details":{"path":"dsn/09/49/001/thumb/screenshot_120.png","size":77023}}
{"date":"2026-09-17T15:21:58+05:00","action":"delete","status":"completed","details":{"path":"dsn/09/49/002/thumb/screenshot_120.png","size":81201}}
{"date":"2026-09-17T15:21:58+05:00","action":"delete","status":"completed","details":{"path":"dsn/09/a1/001/start-screen-customizer-for-windows-8_1-picture1.jpg","size":38611}}
{"date":"2026-09-17T15:21:58+05:00","action":"delete","status":"completed","details":{"path":"dsn/09/a1/001/thumb/start-screen-customizer-for-windows-8_1-picture1.jpg","size":4099}}
{"date":"2026-09-17T15:21:58+05:00","action":"delete","status":"completed","details":{"path":"dsn/09/dd/001/4.png","size":104444}}
{"date":"2026-09-17T15:21:58+05:00","action":"delete","status":"completed","details":{"path":"dsn/09/dd/001/thumb/4.png","size":26676}}
{"date":"2026-09-17T15:21:59+05:00","action":"delete","status":"completed","details":{"path":"dsn/1a/1a/001/rer.png","size":219352}}
{"date":"2026-09-17T15:21:59+05:00","action":"delete","status":"completed","details":{"path":"dsn/1a/1a/001/thumb/rer.png","size":26979}}
{"date":"2026-09-17T15:21:59+05:00","action":"delete","status":"completed","details":{"path":"dsn/1a/5b/001/fa12fad3477b40becc2edbcded1bee80.jpeg","size":56540}}
{"date":"2026-09-17T15:21:59+05:00","action":"delete","status":"completed","details":{"path":"dsn/1a/5b/001/thumb/fa12fad3477b40becc2edbcded1bee80.jpeg","size":5881}}
{"date":"2026-09-17T15:21:59+05:00","action":"delete","status":"completed","details":{"path":"dsn/1a/f8/001/s_s_unnamed_kopija.jpg","size":25487}}
{"date":"2026-09-17T15:21:59+05:00","action":"delete","status":"completed","details":{"path":"dsn/1a/f8/001/thumb/s_s_unnamed_kopija.jpg","size":4880}}
{"date":"2026-09-17T15:21:59+05:00","action":"delete","status":"completed","details":{"path":"dsn/1b/1c/001/hts2.jpg","size":21746}}
{"date":"2026-09-17T15:22:00+05:00","action":"delete","status":"completed","details":{"path":"dsn/1b/1c/001/thumb/hts2.jpg","size":5830}}
{"date":"2026-09-17T15:22:00+05:00","action":"delete","status":"completed","details":{"path":"dsn/1b/60/001/thumb/menyu_s_vypadayuszimi_podskazkami.png","size":17990}}
{"date":"2026-09-17T15:22:00+05:00","action":"delete","status":"completed","details":{"path":"dsn/1b/74/001/thumb/vse_dlya_krasoty_rabochego_stola_-_my_soft.png","size":110754}}
{"date":"2026-09-17T15:22:00+05:00","action":"delete","status":"completed","details":{"path":"dsn/1b/74/002/thumb/vse_dlya_krasoty_rabochego_stola_-_my_soft.png","size":84185}}
{"date":"2026-09-17T15:22:00+05:00","action":"delete","status":"completed","details":{"path":"dsn/1b/b8/003/thumb/logo.png","size":2819}}
{"date":"2026-09-17T15:22:00+05:00","action":"delete","status":"completed","details":{"path":"dsn/1b/d4/002/thumb/trainz_railroad_simulator_in_ukraine_-_panel_upravleniya.png","size":21772}}
{"date":"2026-09-17T15:22:00+05:00","action":"delete","status":"completed","details":{"path":"dsn/1c/7e/001/49ebaf3263362f46f21f6b522a0a1b8f.jpg","size":92738}}
{"date":"2026-09-17T15:22:01+05:00","action":"delete","status":"completed","details":{"path":"dsn/1c/7e/001/thumb/49ebaf3263362f46f21f6b522a0a1b8f.jpg","size":17985}}
{"date":"2026-09-17T15:22:01+05:00","action":"delete","status":"completed","details":{"path":"dsn/1c/b6/001/images_29.jpg","size":4342}}
{"date":"2026-09-17T15:22:01+05:00","action":"delete","status":"completed","details":{"path":"dsn/1c/b6/001/thumb/images_29.jpg","size":6447}}
{"date":"2026-09-17T15:22:01+05:00","action":"delete","status":"completed","details":{"path":"dsn/1d/60/001/11_2.jpg","size":118684}}
{"date":"2026-09-17T15:22:01+05:00","action":"delete","status":"completed","details":{"path":"dsn/1d/60/001/thumb/11_2.jpg","size":8098}}
{"date":"2026-09-17T15:22:01+05:00","action":"delete","status":"completed","details":{"path":"dsn/1d/66/001/thumb/screenshot_18.png","size":53092}}
{"date":"2026-09-17T15:22:01+05:00","action":"delete","status":"completed","details":{"path":"dsn/1e/41/001/thumb/16.png","size":642}}
{"date":"2026-09-17T15:22:02+05:00","action":"delete","status":"completed","details":{"path":"dsn/1e/48/001/norton_ms-02-720.png","size":45636}}
{"date":"2026-09-17T15:22:02+05:00","action":"delete","status":"completed","details":{"path":"dsn/1e/48/001/thumb/norton_ms-02-720.png","size":13688}}
{"date":"2026-09-17T15:22:02+05:00","action":"delete","status":"completed","details":{"path":"dsn/1e/51/001/thumb/out-link.jpg","size":37591}}
{"date":"2026-09-17T15:22:02+05:00","action":"delete","status":"completed","details":{"path":"dsn/1e/80/001/isk1.jpg","size":58393}}
{"date":"2026-09-17T15:22:02+05:00","action":"delete","status":"completed","details":{"path":"dsn/1e/80/001/thumb/isk1.jpg","size":5317}}
{"date":"2026-09-17T15:22:02+05:00","action":"delete","status":"completed","details":{"path":"dsn/1e/80/001/thumb/tilted_content_slideshow.png","size":33971}}
{"date":"2026-09-17T15:22:02+05:00","action":"delete","status":"completed","details":{"path":"dsn/1e/93/002/2025-09-12_10-39-46.png","size":31987}}
{"date":"2026-09-17T15:22:03+05:00","action":"delete","status":"completed","details":{"path":"dsn/1e/93/002/thumb/2025-09-12_10-39-46.png","size":36094}}
{"date":"2026-09-17T15:22:03+05:00","action":"delete","status":"completed","details":{"path":"dsn/1f/c8/001/thumb/admin.gif","size":13206}}
{"date":"2026-09-17T15:22:03+05:00","action":"delete","status":"completed","details":{"path":"dsn/1f/ed/001/snimok45.png","size":42263}}
{"date":"2026-09-17T15:22:03+05:00","action":"delete","status":"completed","details":{"path":"dsn/1f/ed/001/thumb/snimok45.png","size":83148}}
{"date":"2026-09-17T15:22:03+05:00","action":"delete","status":"completed","details":{"path":"dsn/2a/5c/001/prikolnye_flash_chasy_-_flash_raznoe_-_katalog_failov_-_xflash_flash_animacii_dlya_saita_bloga_foruma_flesh_igry1.png","size":10942}}
{"date":"2026-09-17T15:22:03+05:00","action":"delete","status":"completed","details":{"path":"dsn/2a/5c/001/thumb/prikolnye_flash_chasy_-_flash_raznoe_-_katalog_failov_-_xflash_flash_animacii_dlya_saita_bloga_foruma_flesh_igry1.png","size":8773}}
{"date":"2026-09-17T15:22:03+05:00","action":"delete","status":"completed","details":{"path":"dsn/2a/9e/001/img2.jpg","size":56613}}
{"date":"2026-09-17T15:22:04+05:00","action":"delete","status":"completed","details":{"path":"dsn/2a/9e/001/thumb/img2.jpg","size":4507}}
{"date":"2026-09-17T15:22:04+05:00","action":"delete","status":"completed","details":{"path":"dsn/2a/60/001/thumb/filezilla_screenshot_th.png","size":42755}}
{"date":"2026-09-17T15:22:04+05:00","action":"delete","status":"completed","details":{"path":"dsn/2a/86/001/lmcable-micro_usb_cable-lightning.jpg","size":35814}}
{"date":"2026-09-17T15:22:04+05:00","action":"delete","status":"completed","details":{"path":"dsn/2a/86/001/thumb/lmcable-micro_usb_cable-lightning.jpg","size":2958}}
{"date":"2026-09-17T15:22:04+05:00","action":"delete","status":"completed","details":{"path":"dsn/2b/0d/001/thumb/vikipediya-tablica_cvetov__vikipediya.png","size":25257}}
{"date":"2026-09-17T15:22:04+05:00","action":"delete","status":"completed","details":{"path":"dsn/2b/49/001/thumb/news.jpg","size":32227}}
{"date":"2026-09-17T15:22:04+05:00","action":"delete","status":"completed","details":{"path":"dsn/2b/ef/001/129726a8-9ab2-4635-8f59-63dd83495340.jpeg","size":46358}}
{"date":"2026-09-17T15:22:05+05:00","action":"delete","status":"completed","details":{"path":"dsn/2b/ef/001/thumb/129726a8-9ab2-4635-8f59-63dd83495340.jpeg","size":4117}}
{"date":"2026-09-17T15:22:05+05:00","action":"delete","status":"completed","details":{"path":"dsn/2c/6e/001/screenshot_21.png","size":296885}}
{"date":"2026-09-17T15:22:05+05:00","action":"delete","status":"completed","details":{"path":"dsn/2c/6e/001/thumb/screenshot_21.png","size":44170}}
{"date":"2026-09-17T15:22:05+05:00","action":"delete","status":"completed","details":{"path":"dsn/2c/8b/001/thumb/code-1839406_960_720.jpg","size":110517}}
{"date":"2026-09-17T15:22:05+05:00","action":"delete","status":"completed","details":{"path":"dsn/2c/41/001/thumb/basket.gif","size":9583}}
{"date":"2026-09-17T15:22:05+05:00","action":"delete","status":"completed","details":{"path":"dsn/2c/41/002/thumb/basket.gif","size":9773}}
{"date":"2026-09-17T15:22:06+05:00","action":"delete","status":"completed","details":{"path":"dsn/2c/d8/001/-tsf-launcher-prime-3_9_3-1.png","size":710103}}
{"date":"2026-09-17T15:22:06+05:00","action":"delete","status":"completed","details":{"path":"dsn/2c/d8/001/thumb/-tsf-launcher-prime-3_9_3-1.png","size":15724}}
{"date":"2026-09-17T15:22:06+05:00","action":"delete","status":"completed","details":{"path":"dsn/2c/e3/001/thumb/4065.jpg","size":25953}}
{"date":"2026-09-17T15:22:06+05:00","action":"delete","status":"completed","details":{"path":"dsn/2d/2d/001/phone_6347.png","size":4522}}
{"date":"2026-09-17T15:22:06+05:00","action":"delete","status":"completed","details":{"path":"dsn/2d/2d/001/thumb/phone_6347.png","size":4414}}
{"date":"2026-09-17T15:22:06+05:00","action":"delete","status":"completed","details":{"path":"dsn/2d/5e/001/thumb/7ed5-4c4ef915.jpg","size":14940}}
{"date":"2026-09-17T15:22:06+05:00","action":"delete","status":"completed","details":{"path":"dsn/2d/14/001/images_18.jpg","size":9481}}
{"date":"2026-09-17T15:22:06+05:00","action":"delete","status":"completed","details":{"path":"dsn/2d/14/001/thumb/images_18.jpg","size":6498}}
{"date":"2026-09-17T15:22:07+05:00","action":"delete","status":"completed","details":{"path":"dsn/2d/49/001/lake_weatherhd___ozero_pogoda_hd_dlya_android1.jpeg","size":31464}}
{"date":"2026-09-17T15:22:07+05:00","action":"delete","status":"completed","details":{"path":"dsn/2d/49/001/thumb/lake_weatherhd___ozero_pogoda_hd_dlya_android1.jpeg","size":1863}}
{"date":"2026-09-17T15:22:07+05:00","action":"delete","status":"completed","details":{"path":"dsn/2d/57/001/thumb/1316549347_vert_style.png","size":26476}}
{"date":"2026-09-17T15:22:07+05:00","action":"delete","status":"completed","details":{"path":"dsn/2d/64/001/thumb/spacegallery_-_jquery_plugin1.png","size":71499}}
{"date":"2026-09-17T15:22:07+05:00","action":"delete","status":"completed","details":{"path":"dsn/2e/6a/001/thumb/62182547.jpg","size":7053}}
{"date":"2026-09-17T15:22:07+05:00","action":"delete","status":"completed","details":{"path":"dsn/2e/67/001/thumb/hosting-technologies.png","size":27452}}
{"date":"2026-09-17T15:22:07+05:00","action":"delete","status":"completed","details":{"path":"dsn/2f/e7/001/thumb/demonstracionnaya_installyaciya_next_generation_cms___panel_upravleniya.png","size":15479}}
{"date":"2026-09-17T15:22:08+05:00","action":"delete","status":"completed","details":{"path":"dsn/3a/02/001/thumb/kalkulyator_kalorii.png","size":53979}}
{"date":"2026-09-17T15:22:08+05:00","action":"delete","status":"completed","details":{"path":"dsn/3a/1e/001/thumb/opera_snimok_2020-04-26_204218_127_0_0_1.png","size":77590}}
{"date":"2026-09-17T15:22:08+05:00","action":"delete","status":"completed","details":{"path":"dsn/3a/2d/001/s_unnamed_3.jpg","size":11702}}
{"date":"2026-09-17T15:22:08+05:00","action":"delete","status":"completed","details":{"path":"dsn/3a/2d/001/thumb/s_unnamed_3.jpg","size":2852}}
{"date":"2026-09-17T15:22:08+05:00","action":"delete","status":"completed","details":{"path":"dsn/3a/2e/001/4k_rain_video_wallpaper4.jpg","size":9581}}
{"date":"2026-09-17T15:22:08+05:00","action":"delete","status":"completed","details":{"path":"dsn/3a/2e/001/thumb/4k_rain_video_wallpaper4.jpg","size":6283}}
{"date":"2026-09-17T15:22:08+05:00","action":"delete","status":"completed","details":{"path":"dsn/3a/bf/001/6710f4c46fe0879c40e4a9302a676658.jpg","size":21886}}
{"date":"2026-09-17T15:22:09+05:00","action":"delete","status":"completed","details":{"path":"dsn/3a/bf/001/thumb/6710f4c46fe0879c40e4a9302a676658.jpg","size":3301}}
{"date":"2026-09-17T15:22:09+05:00","action":"delete","status":"completed","details":{"path":"dsn/3b/38/001/thumb/cache.jpg","size":67494}}
{"date":"2026-09-17T15:22:09+05:00","action":"delete","status":"completed","details":{"path":"dsn/3b/86/001/thumb/bottomslideout.png","size":39191}}
{"date":"2026-09-17T15:22:09+05:00","action":"delete","status":"completed","details":{"path":"dsn/3b/a3/001/screenshot_3.png","size":386409}}
{"date":"2026-09-17T15:26:43+05:00","action":"delete","status":"completed","details":{"path":"dsn/3b/a3/001/thumb/screenshot_3.png","size":18483}}
{"date":"2026-09-17T15:26:43+05:00","action":"delete","status":"completed","details":{"path":"dsn/3b/a3/002/screenshot_3.png","size":1000498}}
{"date":"2026-09-17T15:26:44+05:00","action":"delete","status":"completed","details":{"path":"dsn/3b/a3/002/thumb/screenshot_3.png","size":52167}}
{"date":"2026-09-17T15:26:44+05:00","action":"delete","status":"completed","details":{"path":"dsn/3b/b5/001/a5pmr3ymjmo.jpg","size":32826}}
{"date":"2026-09-17T15:26:44+05:00","action":"delete","status":"completed","details":{"path":"dsn/3b/b5/001/thumb/a5pmr3ymjmo.jpg","size":3777}}
{"date":"2026-09-17T15:26:44+05:00","action":"delete","status":"completed","details":{"path":"dsn/3b/cd/001/07433338.png","size":1873321}}
{"date":"2026-09-17T15:26:44+05:00","action":"delete","status":"completed","details":{"path":"dsn/3b/cd/001/thumb/07433338.png","size":22661}}
{"date":"2026-09-17T15:26:45+05:00","action":"delete","status":"completed","details":{"path":"dsn/3c/08/001/c8b6fd2f077945b75194309200a3c083.jpeg","size":76540}}
{"date":"2026-09-17T15:26:45+05:00","action":"delete","status":"completed","details":{"path":"dsn/3c/08/001/thumb/c8b6fd2f077945b75194309200a3c083.jpeg","size":5248}}
{"date":"2026-09-17T15:26:45+05:00","action":"delete","status":"completed","details":{"path":"dsn/3c/4b/001/thumb/o4bqwvoqtdy.jpg","size":27725}}
{"date":"2026-09-17T15:26:45+05:00","action":"delete","status":"completed","details":{"path":"dsn/3c/8e/001/thumb/thumb0.png","size":23470}}
{"date":"2026-09-17T15:26:45+05:00","action":"delete","status":"completed","details":{"path":"dsn/3c/25/001/thumb/zagruzhennoe_8.jpg","size":13095}}
{"date":"2026-09-17T15:26:45+05:00","action":"delete","status":"completed","details":{"path":"dsn/3c/f7/001/misc_9264.png","size":6342}}
{"date":"2026-09-17T15:26:46+05:00","action":"delete","status":"completed","details":{"path":"dsn/3c/f7/001/thumb/misc_9264.png","size":6303}}
{"date":"2026-09-17T15:26:46+05:00","action":"delete","status":"completed","details":{"path":"dsn/3d/4a/001/emblem-favorites_9144.png","size":4634}}
{"date":"2026-09-17T15:26:46+05:00","action":"delete","status":"completed","details":{"path":"dsn/3d/4a/001/thumb/emblem-favorites_9144.png","size":4237}}
{"date":"2026-09-17T15:26:46+05:00","action":"delete","status":"completed","details":{"path":"dsn/3d/8c/001/thumb/tooltip.gif","size":12100}}
{"date":"2026-09-17T15:26:46+05:00","action":"delete","status":"completed","details":{"path":"dsn/3d/a2/001/screenshot_188.png","size":169368}}
{"date":"2026-09-17T15:26:46+05:00","action":"delete","status":"completed","details":{"path":"dsn/3d/a2/001/thumb/screenshot_188.png","size":45884}}
{"date":"2026-09-17T15:26:47+05:00","action":"delete","status":"completed","details":{"path":"dsn/3e/06/001/22_2.jpg","size":123467}}
{"date":"2026-09-17T15:26:47+05:00","action":"delete","status":"completed","details":{"path":"dsn/3e/06/001/thumb/22_2.jpg","size":8308}}
{"date":"2026-09-17T15:26:47+05:00","action":"delete","status":"completed","details":{"path":"dsn/3e/4d/001/thumb/screenshot_104.png","size":97920}}
{"date":"2026-09-17T15:26:47+05:00","action":"delete","status":"completed","details":{"path":"dsn/3f/25/001/thumb/screenshot_81.png","size":99925}}
{"date":"2026-09-17T15:26:47+05:00","action":"delete","status":"completed","details":{"path":"dsn/3f/90/001/thumb/menus_forsite.png","size":16695}}
{"date":"2026-09-17T15:26:47+05:00","action":"delete","status":"completed","details":{"path":"dsn/3f/93/001/thumb/48.jpg","size":8754}}
{"date":"2026-09-17T15:26:48+05:00","action":"delete","status":"completed","details":{"path":"dsn/3f/aa/001/thumb/samyi_malenkii_dvigatel_v12_-_youtube.png","size":41211}}
{"date":"2026-09-17T15:26:48+05:00","action":"delete","status":"completed","details":{"path":"dsn/3f/b2/001/thumb/maxresdefault.jpg","size":94029}}
{"date":"2026-09-17T15:26:48+05:00","action":"delete","status":"completed","details":{"path":"dsn/3f/bf/001/22_1.jpg","size":82473}}
{"date":"2026-09-17T15:26:48+05:00","action":"delete","status":"completed","details":{"path":"dsn/3f/bf/001/thumb/22_1.jpg","size":4446}}
{"date":"2026-09-17T15:26:48+05:00","action":"delete","status":"completed","details":{"path":"dsn/4a/47/001/thumb/1.png","size":5610}}
{"date":"2026-09-17T15:26:49+05:00","action":"delete","status":"completed","details":{"path":"dsn/4a/47/002/1.png","size":335263}}
{"date":"2026-09-17T15:26:49+05:00","action":"delete","status":"completed","details":{"path":"dsn/4a/47/002/thumb/1.png","size":30995}}
{"date":"2026-09-17T15:26:49+05:00","action":"delete","status":"completed","details":{"path":"dsn/4a/82/001/2_1.png","size":454306}}
{"date":"2026-09-17T15:26:49+05:00","action":"delete","status":"completed","details":{"path":"dsn/4a/82/001/thumb/2_1.png","size":29592}}
{"date":"2026-09-17T15:26:49+05:00","action":"delete","status":"completed","details":{"path":"dsn/4a/cd/001/thumb/disable-adblock5.png","size":67374}}
{"date":"2026-09-17T15:26:49+05:00","action":"delete","status":"completed","details":{"path":"dsn/4b/1c/001/cover.jpg","size":38569}}
{"date":"2026-09-17T15:26:50+05:00","action":"delete","status":"completed","details":{"path":"dsn/4b/1c/001/thumb/cover.jpg","size":6619}}
{"date":"2026-09-17T15:26:50+05:00","action":"delete","status":"completed","details":{"path":"dsn/4b/1c/002/thumb/cover.jpg","size":13860}}
{"date":"2026-09-17T15:26:50+05:00","action":"delete","status":"completed","details":{"path":"dsn/4b/23/001/thumb/buttonsswitches.jpg","size":21183}}
{"date":"2026-09-17T15:26:50+05:00","action":"delete","status":"completed","details":{"path":"dsn/4b/51/001/screenshot_17.png","size":190738}}
{"date":"2026-09-17T15:26:50+05:00","action":"delete","status":"completed","details":{"path":"dsn/4b/51/001/thumb/screenshot_17.png","size":43936}}
{"date":"2026-09-17T15:26:50+05:00","action":"delete","status":"completed","details":{"path":"dsn/4b/51/002/screenshot_17.png","size":308380}}
{"date":"2026-09-17T15:26:51+05:00","action":"delete","status":"completed","details":{"path":"dsn/4b/51/002/thumb/screenshot_17.png","size":16389}}
{"date":"2026-09-17T15:26:51+05:00","action":"delete","status":"completed","details":{"path":"dsn/4b/d1/001/thumb/versiya.png","size":97223}}
{"date":"2026-09-17T15:26:51+05:00","action":"delete","status":"completed","details":{"path":"dsn/4b/ee/001/thumb/2631464.jpg","size":11563}}
{"date":"2026-09-17T15:26:51+05:00","action":"delete","status":"completed","details":{"path":"dsn/4c/19/001/nina-dobrev.jpg","size":46233}}
{"date":"2026-09-17T15:26:51+05:00","action":"delete","status":"completed","details":{"path":"dsn/4c/19/001/thumb/nina-dobrev.jpg","size":2106}}
{"date":"2026-09-17T15:26:51+05:00","action":"delete","status":"completed","details":{"path":"dsn/4c/30/001/start-screen-customizer_thumb.png","size":230622}}
{"date":"2026-09-17T15:26:52+05:00","action":"delete","status":"completed","details":{"path":"dsn/4c/30/001/thumb/start-screen-customizer_thumb.png","size":33743}}
{"date":"2026-09-17T15:26:52+05:00","action":"delete","status":"completed","details":{"path":"dsn/4c/84/001/54494415.png","size":1741127}}
{"date":"2026-09-17T15:26:52+05:00","action":"delete","status":"completed","details":{"path":"dsn/4c/84/001/thumb/54494415.png","size":35957}}
{"date":"2026-09-17T15:26:52+05:00","action":"delete","status":"completed","details":{"path":"dsn/4c/d4/001/thumb/asinhronnaya-zagruzka-javascript.png","size":40275}}
{"date":"2026-09-17T15:26:52+05:00","action":"delete","status":"completed","details":{"path":"dsn/4c/d4/002/thumb/asinhronnaya-zagruzka-javascript.png","size":40275}}
{"date":"2026-09-17T15:26:53+05:00","action":"delete","status":"completed","details":{"path":"dsn/4d/1c/001/thumb/53_main.jpg","size":43484}}
{"date":"2026-09-17T15:26:53+05:00","action":"delete","status":"completed","details":{"path":"dsn/4d/9e/001/thumb/vinil.jpg","size":23508}}
{"date":"2026-09-17T15:26:53+05:00","action":"delete","status":"completed","details":{"path":"dsn/4d/9e/001/vinil.jpg","size":899918}}
{"date":"2026-09-17T15:26:53+05:00","action":"delete","status":"completed","details":{"path":"dsn/4d/72/001/thumb/pic12.jpg","size":13380}}
{"date":"2026-09-17T15:26:53+05:00","action":"delete","status":"completed","details":{"path":"dsn/4d/f1/001/thumb/9dc8bb58-664a-4ec5-b3f6-d4070c7f0568.jpg","size":29017}}
{"date":"2026-09-17T15:26:53+05:00","action":"delete","status":"completed","details":{"path":"dsn/4e/21/001/thumb/404.gif","size":94200}}
{"date":"2026-09-17T15:26:54+05:00","action":"delete","status":"completed","details":{"path":"dsn/4e/78/001/image_2.jpg","size":20661}}
{"date":"2026-09-17T15:26:54+05:00","action":"delete","status":"completed","details":{"path":"dsn/4e/78/001/thumb/image_2.jpg","size":2442}}
{"date":"2026-09-17T15:26:54+05:00","action":"delete","status":"completed","details":{"path":"dsn/4e/cb/001/screenshot_22h_52m_44s.jpg","size":311227}}
{"date":"2026-09-17T15:26:54+05:00","action":"delete","status":"completed","details":{"path":"dsn/4e/cb/001/thumb/screenshot_22h_52m_44s.jpg","size":17790}}
{"date":"2026-09-17T15:26:54+05:00","action":"delete","status":"completed","details":{"path":"dsn/4f/e1/001/pr_866_img_5692-500x500.jpg","size":28820}}
{"date":"2026-09-17T15:26:54+05:00","action":"delete","status":"completed","details":{"path":"dsn/4f/e1/001/thumb/pr_866_img_5692-500x500.jpg","size":3071}}
{"date":"2026-09-17T15:26:55+05:00","action":"delete","status":"completed","details":{"path":"dsn/4f/fd/001/frama4.jpg","size":19204}}
{"date":"2026-09-17T15:26:55+05:00","action":"delete","status":"completed","details":{"path":"dsn/4f/fd/001/thumb/frama4.jpg","size":2093}}
{"date":"2026-09-17T15:26:55+05:00","action":"delete","status":"completed","details":{"path":"dsn/4f/fe/001/android-icon-48x48.png","size":4392}}
{"date":"2026-09-17T15:26:55+05:00","action":"delete","status":"completed","details":{"path":"dsn/4f/fe/001/thumb/android-icon-48x48.png","size":3883}}
{"date":"2026-09-17T15:26:55+05:00","action":"delete","status":"completed","details":{"path":"dsn/4f/fe/002/android-icon-48x48.png","size":4392}}
{"date":"2026-09-17T15:26:55+05:00","action":"delete","status":"completed","details":{"path":"dsn/4f/fe/002/thumb/android-icon-48x48.png","size":3883}}
{"date":"2026-09-17T15:26:56+05:00","action":"delete","status":"completed","details":{"path":"dsn/5a/0f/001/madzhong_pasyans_dlya_android.png","size":213572}}
{"date":"2026-09-17T15:26:56+05:00","action":"delete","status":"completed","details":{"path":"dsn/5a/0f/001/thumb/madzhong_pasyans_dlya_android.png","size":40827}}
{"date":"2026-09-17T15:26:56+05:00","action":"delete","status":"completed","details":{"path":"dsn/5a/9f/001/screenshot_36.png","size":33034}}
{"date":"2026-09-17T15:26:56+05:00","action":"delete","status":"completed","details":{"path":"dsn/5a/9f/001/thumb/screenshot_36.png","size":17622}}
{"date":"2026-09-17T15:26:56+05:00","action":"delete","status":"completed","details":{"path":"dsn/5a/30/001/na_raione_-_glavnaya_stranica.png","size":305879}}
{"date":"2026-09-17T15:26:56+05:00","action":"delete","status":"completed","details":{"path":"dsn/5a/30/001/thumb/na_raione_-_glavnaya_stranica.png","size":118992}}
{"date":"2026-09-17T15:26:57+05:00","action":"delete","status":"completed","details":{"path":"dsn/5a/48/001/3022088.png","size":68298}}
{"date":"2026-09-17T15:26:57+05:00","action":"delete","status":"completed","details":{"path":"dsn/5a/91/001/thumb/2014.jpg","size":27964}}
{"date":"2026-09-17T15:26:57+05:00","action":"delete","status":"completed","details":{"path":"dsn/5a/af/001/fs.jpg","size":25380}}
{"date":"2026-09-17T15:26:57+05:00","action":"delete","status":"completed","details":{"path":"dsn/5a/af/001/thumb/fs.jpg","size":4421}}
{"date":"2026-09-17T15:26:57+05:00","action":"delete","status":"completed","details":{"path":"dsn/5a/ef/001/thumb/htaccess.jpg","size":7193}}
{"date":"2026-09-17T15:26:57+05:00","action":"delete","status":"completed","details":{"path":"dsn/5b/06/001/thumb/depositphotos_124968308-stock-illustration-https-protocol-safe-and-secure.jpg","size":35262}}
{"date":"2026-09-17T15:26:58+05:00","action":"delete","status":"completed","details":{"path":"dsn/5b/d5/001/skaner4.jpg","size":15953}}
{"date":"2026-09-17T15:26:58+05:00","action":"delete","status":"completed","details":{"path":"dsn/5b/d5/001/thumb/skaner4.jpg","size":1917}}
{"date":"2026-09-17T15:26:58+05:00","action":"delete","status":"completed","details":{"path":"dsn/5b/e4/001/thumb/v_detstve_ya_molil_boga_o_velosipede_.png","size":85313}}
{"date":"2026-09-17T15:26:58+05:00","action":"delete","status":"completed","details":{"path":"dsn/5b/e4/001/v_detstve_ya_molil_boga_o_velosipede_.png","size":232025}}
{"date":"2026-09-17T15:26:58+05:00","action":"delete","status":"completed","details":{"path":"dsn/5c/1a/001/prisvaevaem_znachenie_parametru.png","size":60856}}
{"date":"2026-09-17T15:26:58+05:00","action":"delete","status":"completed","details":{"path":"dsn/5c/1a/001/thumb/prisvaevaem_znachenie_parametru.png","size":13962}}
{"date":"2026-09-17T15:26:59+05:00","action":"delete","status":"completed","details":{"path":"dsn/5c/4e/001/thumb/chekboks.gif","size":6741}}
{"date":"2026-09-17T15:26:59+05:00","action":"delete","status":"completed","details":{"path":"dsn/5c/5d/001/avatar-exclusive-wallpapers.jpg","size":94924}}
{"date":"2026-09-17T15:26:59+05:00","action":"delete","status":"completed","details":{"path":"dsn/5c/5d/001/thumb/avatar-exclusive-wallpapers.jpg","size":3461}}
{"date":"2026-09-17T15:26:59+05:00","action":"delete","status":"completed","details":{"path":"dsn/5c/db/001/thumb/css3fullscreenslideshow.jpg","size":10666}}
{"date":"2026-09-17T15:26:59+05:00","action":"delete","status":"completed","details":{"path":"dsn/5c/e6/001/6ae0787581d06b19be66.jpg","size":77085}}
{"date":"2026-09-17T15:27:00+05:00","action":"delete","status":"completed","details":{"path":"dsn/5c/e6/001/thumb/6ae0787581d06b19be66.jpg","size":7380}}
{"date":"2026-09-17T15:27:00+05:00","action":"delete","status":"completed","details":{"path":"dsn/5d/91/001/thumb/screenshot_5.png","size":100789}}
{"date":"2026-09-17T15:27:00+05:00","action":"delete","status":"completed","details":{"path":"dsn/5d/91/002/thumb/screenshot_5.png","size":103844}}
{"date":"2026-09-17T15:27:00+05:00","action":"delete","status":"completed","details":{"path":"dsn/5d/96/001/thumb/smena_fona.jpg","size":23843}}
{"date":"2026-09-17T15:27:00+05:00","action":"delete","status":"completed","details":{"path":"dsn/5d/d0/001/2_3.png","size":182370}}
{"date":"2026-09-17T15:27:00+05:00","action":"delete","status":"completed","details":{"path":"dsn/5d/d0/001/thumb/2_3.png","size":19325}}
{"date":"2026-09-17T15:28:09+05:00","action":"delete","status":"completed","details":{"path":"dsn/7c/a3/001/81330918.png","size":1665271}}
{"date":"2026-09-17T15:28:09+05:00","action":"delete","status":"completed","details":{"path":"dsn/23/53/001/unnamed_2.png","size":1972930}}
{"date":"2026-09-17T15:28:10+05:00","action":"delete","status":"completed","details":{"path":"dsn/50/ef/001/unnamedcaevva4s.png","size":1417263}}
{"date":"2026-09-17T15:28:10+05:00","action":"delete","status":"completed","details":{"path":"dsn/51/bc/001/91965283.png","size":1339539}}
{"date":"2026-09-17T15:28:10+05:00","action":"delete","status":"completed","details":{"path":"dsn/68/9b/001/unnamedca5k8tuz.png","size":1308658}}
{"date":"2026-09-17T15:28:10+05:00","action":"delete","status":"completed","details":{"path":"dsn/aa/55/001/teksturnye_fotografii_ukrainskogo_podvizhnogo_sostava_-_glavnaya_stranica1.png","size":1070040}}
{"date":"2026-09-17T15:28:10+05:00","action":"delete","status":"completed","details":{"path":"dsn/c4/af/001/airena_wallapack_133_21.jpg","size":1091903}}
{"date":"2026-09-17T15:28:10+05:00","action":"delete","status":"completed","details":{"path":"dsn/da/cf/001/unnamed.png","size":1623123}}
{"date":"2026-09-17T15:28:11+05:00","action":"delete","status":"completed","details":{"path":"files/default/winner_computer_launcher_prostoapk.apk","size":8423812}}
{"date":"2026-09-17T15:28:11+05:00","action":"delete","status":"completed","details":{"path":"images/3d/3dgrafics_107.jpg","size":1390714}}
{"date":"2026-09-17T15:28:11+05:00","action":"delete","status":"completed","details":{"path":"images/3d/3dgrafics_108.jpg","size":1753660}}
{"date":"2026-09-17T15:28:11+05:00","action":"delete","status":"completed","details":{"path":"images/3d/145113-mersedes_benc_e_klass-mercedes_benz_cla_class-avtomobil_srednego_razmera-superkar-mercedes_benz-1080x1920.jpg","size":1164371}}
{"date":"2026-09-17T15:28:11+05:00","action":"delete","status":"completed","details":{"path":"images/3d/kosmos_44.jpg","size":4595432}}
{"date":"2026-09-17T15:28:11+05:00","action":"delete","status":"completed","details":{"path":"images/3d/kosmos_45.jpg","size":4547422}}
{"date":"2026-09-17T15:28:12+05:00","action":"delete","status":"completed","details":{"path":"images/abstraktnye/abstract_1.jpg","size":1472847}}
{"date":"2026-09-17T15:28:12+05:00","action":"delete","status":"completed","details":{"path":"images/abstraktnye/abstract_2.jpg","size":1226804}}
{"date":"2026-09-17T15:28:12+05:00","action":"delete","status":"completed","details":{"path":"images/abstraktnye/abstract_3.jpg","size":1339575}}
{"date":"2026-09-17T15:28:12+05:00","action":"delete","status":"completed","details":{"path":"images/abstraktnye/abstract_4.jpg","size":1763722}}
{"date":"2026-09-17T15:28:12+05:00","action":"delete","status":"completed","details":{"path":"images/abstraktnye/abstract_5.jpg","size":1458275}}
{"date":"2026-09-17T15:28:12+05:00","action":"delete","status":"completed","details":{"path":"images/abstraktnye/abstract_7.jpg","size":1817109}}
{"date":"2026-09-17T15:28:13+05:00","action":"delete","status":"completed","details":{"path":"images/abstraktnye/abstract_8.jpg","size":1705028}}
{"date":"2026-09-17T15:28:13+05:00","action":"delete","status":"completed","details":{"path":"images/abstraktnye/abstract_9.jpg","size":2064294}}
{"date":"2026-09-17T15:28:13+05:00","action":"delete","status":"completed","details":{"path":"images/abstraktnye/abstract_11.jpg","size":1384367}}
{"date":"2026-09-17T15:28:13+05:00","action":"delete","status":"completed","details":{"path":"images/arhitektura/architecture_26.jpg","size":2049908}}
{"date":"2026-09-17T15:28:13+05:00","action":"delete","status":"completed","details":{"path":"images/arhitektura/img13.jpg","size":1231580}}
{"date":"2026-09-17T15:28:13+05:00","action":"delete","status":"completed","details":{"path":"images/arhitektura/img14.jpg","size":1526083}}
{"date":"2026-09-17T15:28:14+05:00","action":"delete","status":"completed","details":{"path":"images/arhitektura/img15.jpg","size":1492201}}
{"date":"2026-09-17T15:28:14+05:00","action":"delete","status":"completed","details":{"path":"images/arhitektura/img16.jpg","size":1236846}}
{"date":"2026-09-17T15:28:14+05:00","action":"delete","status":"completed","details":{"path":"images/arhitektura/img17.jpg","size":1388763}}
{"date":"2026-09-17T15:28:14+05:00","action":"delete","status":"completed","details":{"path":"images/default/images/3e4a5f5d0e71181ac46f3b3800854d5a(1).gif","size":1333926}}
{"date":"2026-09-17T15:28:14+05:00","action":"delete","status":"completed","details":{"path":"images/default/images/3e4a5f5d0e71181ac46f3b3800854d5a.gif","size":1333926}}
{"date":"2026-09-17T15:28:14+05:00","action":"delete","status":"completed","details":{"path":"images/devushki/213_wpyu_devushki.jpg","size":1164336}}
{"date":"2026-09-17T15:28:15+05:00","action":"delete","status":"completed","details":{"path":"images/devushki/girls_177.jpg","size":1150048}}
{"date":"2026-09-17T15:28:15+05:00","action":"delete","status":"completed","details":{"path":"images/devushki/girls_178.jpg","size":1263196}}
{"date":"2026-09-17T15:28:15+05:00","action":"delete","status":"completed","details":{"path":"images/devushki/girls_187.jpg","size":1884284}}
{"date":"2026-09-17T15:28:15+05:00","action":"delete","status":"completed","details":{"path":"images/devushki/girls_250.jpg","size":1549956}}
{"date":"2026-09-17T15:28:15+05:00","action":"delete","status":"completed","details":{"path":"images/fentazi/climbing_by_fel_x-d33g34l.jpg","size":1576572}}
{"date":"2026-09-17T15:28:15+05:00","action":"delete","status":"completed","details":{"path":"images/fentazi/ella_by_niltrace.jpg","size":1161111}}
{"date":"2026-09-17T15:28:16+05:00","action":"delete","status":"completed","details":{"path":"images/fentazi/eruption_by_fel_x.jpg","size":1419812}}
{"date":"2026-09-17T15:28:16+05:00","action":"delete","status":"completed","details":{"path":"images/fentazi/fog_over_the_water_by_fel_x-d484h3m.jpg","size":1293521}}
{"date":"2026-09-17T15:28:16+05:00","action":"delete","status":"completed","details":{"path":"images/fentazi/forest_by_blinck.jpg","size":1082034}}
{"date":"2026-09-17T15:28:16+05:00","action":"delete","status":"completed","details":{"path":"images/fentazi/forest_home_by_unidcolor-d3kfmjd.jpg","size":4798818}}
{"date":"2026-09-17T15:28:16+05:00","action":"delete","status":"completed","details":{"path":"images/fentazi/glacier_valley_by_dimarinski-d4xf4wq.jpg","size":1079505}}
{"date":"2026-09-17T15:28:16+05:00","action":"delete","status":"completed","details":{"path":"images/fentazi/goat_by_fel_x.jpg","size":1237643}}
{"date":"2026-09-17T15:28:17+05:00","action":"delete","status":"completed","details":{"path":"images/fentazi/home_by_blinck-d4zgxnx.jpg","size":1079422}}
{"date":"2026-09-17T15:28:17+05:00","action":"delete","status":"completed","details":{"path":"images/fentazi/indian_by_fel_x-d4i98h2.jpg","size":1407537}}
{"date":"2026-09-17T15:28:17+05:00","action":"delete","status":"completed","details":{"path":"images/fentazi/in_the_tropics_by_fel_x.jpg","size":1334980}}
{"date":"2026-09-17T15:28:17+05:00","action":"delete","status":"completed","details":{"path":"images/fentazi/islands_by_fel_x-d45o7l7.jpg","size":1210095}}
{"date":"2026-09-17T15:28:17+05:00","action":"delete","status":"completed","details":{"path":"images/fentazi/lake_by_fel_x-d4yvb4m.jpg","size":1204012}}
{"date":"2026-09-17T15:28:17+05:00","action":"delete","status":"completed","details":{"path":"images/fentazi/mist_valley_by_unidcolor-d468eca.jpg","size":1237995}}
{"date":"2026-09-17T15:28:18+05:00","action":"delete","status":"completed","details":{"path":"images/fentazi/mountain_landscape_by_fel_x-d4y3nmy.jpg","size":1651016}}
{"date":"2026-09-17T15:28:18+05:00","action":"delete","status":"completed","details":{"path":"images/fentazi/mountain_landscape_by_fel_x-d49kpfu.jpg","size":1815839}}
{"date":"2026-09-17T15:28:18+05:00","action":"delete","status":"completed","details":{"path":"images/fentazi/near_the_castle_by_fel_x-d4as906.jpg","size":1849936}}
{"date":"2026-09-17T15:28:18+05:00","action":"delete","status":"completed","details":{"path":"images/fentazi/night_over_water_by_fel_x-d3gub1b.jpg","size":1354126}}
{"date":"2026-09-17T15:28:18+05:00","action":"delete","status":"completed","details":{"path":"images/fentazi/night_scene_in_the_moonlight_by_fel_x.jpg","size":1070918}}
{"date":"2026-09-17T15:28:18+05:00","action":"delete","status":"completed","details":{"path":"images/fentazi/old_trees_by_fel_x-d4uwrcp.jpg","size":1447963}}
{"date":"2026-09-17T15:28:19+05:00","action":"delete","status":"completed","details":{"path":"images/fentazi/old_tree_by_fel_x-d60230e.jpg","size":1798273}}
{"date":"2026-09-17T15:28:19+05:00","action":"delete","status":"completed","details":{"path":"images/fentazi/winter_sunset_by_fel_x-d5pp5f0.jpg","size":1195498}}
{"date":"2026-09-17T15:28:19+05:00","action":"delete","status":"completed","details":{"path":"images/fony/fone_14.jpg","size":1232688}}
{"date":"2026-09-17T15:28:19+05:00","action":"delete","status":"completed","details":{"path":"images/fony/fone_42.jpg","size":1322493}}
{"date":"2026-09-17T15:28:19+05:00","action":"delete","status":"completed","details":{"path":"images/igry/by_mr_dinomit_35.jpg","size":1289966}}
{"date":"2026-09-17T15:28:19+05:00","action":"delete","status":"completed","details":{"path":"images/igry/games_1.jpg","size":1940916}}
{"date":"2026-09-17T15:28:20+05:00","action":"delete","status":"completed","details":{"path":"images/igry/games_127.jpg","size":2469917}}
{"date":"2026-09-17T15:28:20+05:00","action":"delete","status":"completed","details":{"path":"images/igry/games_128.jpg","size":1267787}}
{"date":"2026-09-17T15:28:20+05:00","action":"delete","status":"completed","details":{"path":"images/igry/games_158.jpg","size":2015896}}
{"date":"2026-09-17T15:28:20+05:00","action":"delete","status":"completed","details":{"path":"images/kosmos/kosmos_44.jpg","size":4595432}}
{"date":"2026-09-17T15:28:20+05:00","action":"delete","status":"completed","details":{"path":"images/kosmos/kosmos_45.jpg","size":4547422}}
{"date":"2026-09-17T15:28:21+05:00","action":"delete","status":"completed","details":{"path":"images/kosmos/kosmos_46.jpg","size":4539240}}
{"date":"2026-09-17T15:28:21+05:00","action":"delete","status":"completed","details":{"path":"images/kosmos/kosmos_47.jpg","size":4416446}}
{"date":"2026-09-17T15:28:21+05:00","action":"delete","status":"completed","details":{"path":"images/kosmos/kosmos_48.jpg","size":4227840}}
{"date":"2026-09-17T15:28:21+05:00","action":"delete","status":"completed","details":{"path":"images/kosmos/kosmos_49.jpg","size":4209585}}
{"date":"2026-09-17T15:28:21+05:00","action":"delete","status":"completed","details":{"path":"images/kosmos/kosmos_50.jpg","size":4143963}}
{"date":"2026-09-17T15:28:21+05:00","action":"delete","status":"completed","details":{"path":"images/kosmos/kosmos_51.jpg","size":4123838}}
{"date":"2026-09-17T15:28:22+05:00","action":"delete","status":"completed","details":{"path":"images/kosmos/kosmos_52.jpg","size":4086812}}
{"date":"2026-09-17T15:28:22+05:00","action":"delete","status":"completed","details":{"path":"images/kosmos/kosmos_53.jpg","size":3981950}}
{"date":"2026-09-17T15:28:22+05:00","action":"delete","status":"completed","details":{"path":"images/kosmos/kosmos_54.jpg","size":3970245}}
{"date":"2026-09-17T15:28:22+05:00","action":"delete","status":"completed","details":{"path":"images/kosmos/kosmos_55.jpg","size":3962713}}
{"date":"2026-09-17T15:28:22+05:00","action":"delete","status":"completed","details":{"path":"images/kosmos/kosmos_56.jpg","size":3942414}}
{"date":"2026-09-17T15:28:22+05:00","action":"delete","status":"completed","details":{"path":"images/kosmos/kosmos_57.jpg","size":3893509}}
{"date":"2026-09-17T15:28:23+05:00","action":"delete","status":"completed","details":{"path":"images/kosmos/kosmos_58.jpg","size":3619903}}
{"date":"2026-09-17T15:28:23+05:00","action":"delete","status":"completed","details":{"path":"images/kosmos/kosmos_59.jpg","size":3615955}}
{"date":"2026-09-17T15:28:23+05:00","action":"delete","status":"completed","details":{"path":"images/kosmos/kosmos_60.jpg","size":3608609}}
{"date":"2026-09-17T15:28:23+05:00","action":"delete","status":"completed","details":{"path":"images/kosmos/kosmos_61.jpg","size":3604695}}
{"date":"2026-09-17T15:28:23+05:00","action":"delete","status":"completed","details":{"path":"images/kosmos/kosmos_62.jpg","size":3574591}}
{"date":"2026-09-17T15:28:23+05:00","action":"delete","status":"completed","details":{"path":"images/kosmos/kosmos_63.jpg","size":3571706}}
{"date":"2026-09-17T15:28:24+05:00","action":"delete","status":"completed","details":{"path":"images/kosmos/kosmos_64.jpg","size":3550230}}
{"date":"2026-09-17T15:28:24+05:00","action":"delete","status":"completed","details":{"path":"images/kosmos/kosmos_65.jpg","size":3541078}}
{"date":"2026-09-17T15:28:24+05:00","action":"delete","status":"completed","details":{"path":"images/kosmos/kosmos_66.jpg","size":3526689}}
{"date":"2026-09-17T15:28:24+05:00","action":"delete","status":"completed","details":{"path":"images/kosmos/kosmos_67.jpg","size":3503679}}
{"date":"2026-09-17T15:28:25+05:00","action":"delete","status":"completed","details":{"path":"images/kosmos/kosmos_68.jpg","size":3483656}}
{"date":"2026-09-17T15:28:25+05:00","action":"delete","status":"completed","details":{"path":"images/kosmos/kosmos_69.jpg","size":3477513}}
{"date":"2026-09-17T15:28:25+05:00","action":"delete","status":"completed","details":{"path":"images/kosmos/kosmos_70.jpg","size":3475028}}
{"date":"2026-09-17T15:28:25+05:00","action":"delete","status":"completed","details":{"path":"images/kosmos/kosmos_71.jpg","size":3468379}}
{"date":"2026-09-17T15:28:25+05:00","action":"delete","status":"completed","details":{"path":"images/kosmos/kosmos_72.jpg","size":3434400}}
{"date":"2026-09-17T15:28:25+05:00","action":"delete","status":"completed","details":{"path":"images/kosmos/kosmos_73.jpg","size":3433358}}
{"date":"2026-09-17T15:28:26+05:00","action":"delete","status":"completed","details":{"path":"images/kosmos/kosmos_74.jpg","size":3430051}}
{"date":"2026-09-17T15:28:26+05:00","action":"delete","status":"completed","details":{"path":"images/kosmos/kosmos_75.jpg","size":3387816}}
{"date":"2026-09-17T15:28:26+05:00","action":"delete","status":"completed","details":{"path":"images/kosmos/kosmos_76.jpg","size":3364381}}
{"date":"2026-09-17T15:28:26+05:00","action":"delete","status":"completed","details":{"path":"images/kosmos/kosmos_77.jpg","size":3348699}}
{"date":"2026-09-17T15:28:26+05:00","action":"delete","status":"completed","details":{"path":"images/kosmos/kosmos_78.jpg","size":3347177}}
{"date":"2026-09-17T15:28:26+05:00","action":"delete","status":"completed","details":{"path":"images/kosmos/kosmos_79.jpg","size":3342232}}
{"date":"2026-09-17T15:28:27+05:00","action":"delete","status":"completed","details":{"path":"images/kosmos/kosmos_80.jpg","size":3274792}}
{"date":"2026-09-17T15:28:27+05:00","action":"delete","status":"completed","details":{"path":"images/kosmos/kosmos_81.jpg","size":3250563}}
{"date":"2026-09-17T15:28:27+05:00","action":"delete","status":"completed","details":{"path":"images/kosmos/kosmos_82.jpg","size":3235143}}
{"date":"2026-09-17T15:28:27+05:00","action":"delete","status":"completed","details":{"path":"images/kosmos/kosmos_83.jpg","size":3190422}}
{"date":"2026-09-17T15:28:27+05:00","action":"delete","status":"completed","details":{"path":"images/kosmos/kosmos_84.jpg","size":3185531}}
{"date":"2026-09-17T15:28:27+05:00","action":"delete","status":"completed","details":{"path":"images/kosmos/kosmos_85.jpg","size":3149182}}
{"date":"2026-09-17T15:28:28+05:00","action":"delete","status":"completed","details":{"path":"images/kosmos/kosmos_86.jpg","size":3097158}}
{"date":"2026-09-17T15:28:28+05:00","action":"delete","status":"completed","details":{"path":"images/kosmos/kosmos_87.jpg","size":3091387}}
{"date":"2026-09-17T15:28:28+05:00","action":"delete","status":"completed","details":{"path":"images/kosmos/kosmos_88.jpg","size":3061505}}
{"date":"2026-09-17T15:28:28+05:00","action":"delete","status":"completed","details":{"path":"images/kosmos/kosmos_89.jpg","size":3043699}}
{"date":"2026-09-17T15:28:28+05:00","action":"delete","status":"completed","details":{"path":"images/kosmos/kosmos_90.jpg","size":3035517}}
{"date":"2026-09-17T15:28:28+05:00","action":"delete","status":"completed","details":{"path":"images/kosmos/kosmos_91.jpg","size":3024442}}
{"date":"2026-09-17T15:28:29+05:00","action":"delete","status":"completed","details":{"path":"images/kosmos/kosmos_92.jpg","size":3001728}}
{"date":"2026-09-17T15:28:29+05:00","action":"delete","status":"completed","details":{"path":"images/kosmos/kosmos_93.jpg","size":2993018}}
{"date":"2026-09-17T15:28:29+05:00","action":"delete","status":"completed","details":{"path":"images/kosmos/kosmos_94.jpg","size":2987910}}
{"date":"2026-09-17T15:28:29+05:00","action":"delete","status":"completed","details":{"path":"images/kosmos/kosmos_95.jpg","size":2966104}}
{"date":"2026-09-17T15:28:29+05:00","action":"delete","status":"completed","details":{"path":"images/kosmos/kosmos_96.jpg","size":2938687}}
{"date":"2026-09-17T15:28:29+05:00","action":"delete","status":"completed","details":{"path":"images/kosmos/kosmos_97.jpg","size":2880627}}
{"date":"2026-09-17T15:28:30+05:00","action":"delete","status":"completed","details":{"path":"images/kosmos/kosmos_98.jpg","size":2809127}}
{"date":"2026-09-17T15:28:30+05:00","action":"delete","status":"completed","details":{"path":"images/kosmos/kosmos_99.jpg","size":2774360}}
{"date":"2026-09-17T15:28:30+05:00","action":"delete","status":"completed","details":{"path":"images/kosmos/kosmos_100.jpg","size":2734239}}
{"date":"2026-09-17T15:28:30+05:00","action":"delete","status":"completed","details":{"path":"images/kosmos/kosmos_101.jpg","size":2677474}}
{"date":"2026-09-17T15:28:30+05:00","action":"delete","status":"completed","details":{"path":"images/kosmos/kosmos_102.jpg","size":2674800}}
{"date":"2026-09-17T15:28:30+05:00","action":"delete","status":"completed","details":{"path":"images/kosmos/kosmos_103.jpg","size":2650602}}
{"date":"2026-09-17T15:28:31+05:00","action":"delete","status":"completed","details":{"path":"images/kosmos/kosmos_104.jpg","size":2610186}}
{"date":"2026-09-17T15:28:31+05:00","action":"delete","status":"completed","details":{"path":"images/kosmos/kosmos_105.jpg","size":2593722}}
{"date":"2026-09-17T15:28:31+05:00","action":"delete","status":"completed","details":{"path":"images/kosmos/kosmos_106.jpg","size":2570131}}
{"date":"2026-09-17T15:28:31+05:00","action":"delete","status":"completed","details":{"path":"images/kosmos/kosmos_107.jpg","size":2527457}}
{"date":"2026-09-17T15:28:31+05:00","action":"delete","status":"completed","details":{"path":"images/kosmos/kosmos_108.jpg","size":2524623}}
{"date":"2026-09-17T15:28:31+05:00","action":"delete","status":"completed","details":{"path":"images/kosmos/kosmos_109.jpg","size":2489382}}
{"date":"2026-09-17T15:28:32+05:00","action":"delete","status":"completed","details":{"path":"images/kosmos/kosmos_110.jpg","size":2479812}}
{"date":"2026-09-17T15:28:32+05:00","action":"delete","status":"completed","details":{"path":"images/kosmos/kosmos_111.jpg","size":2454714}}
{"date":"2026-09-17T15:28:32+05:00","action":"delete","status":"completed","details":{"path":"images/kosmos/kosmos_112.jpg","size":2419238}}
{"date":"2026-09-17T15:28:32+05:00","action":"delete","status":"completed","details":{"path":"images/kosmos/kosmos_113.jpg","size":2417859}}
{"date":"2026-09-17T15:28:32+05:00","action":"delete","status":"completed","details":{"path":"images/kosmos/kosmos_114.jpg","size":2404303}}
{"date":"2026-09-17T15:28:32+05:00","action":"delete","status":"completed","details":{"path":"images/kosmos/kosmos_115.jpg","size":2395015}}
{"date":"2026-09-17T15:28:33+05:00","action":"delete","status":"completed","details":{"path":"images/kosmos/kosmos_116.jpg","size":2361077}}
{"date":"2026-09-17T15:28:33+05:00","action":"delete","status":"completed","details":{"path":"images/kosmos/kosmos_117.jpg","size":2359419}}
{"date":"2026-09-17T15:28:33+05:00","action":"delete","status":"completed","details":{"path":"images/kosmos/kosmos_118.jpg","size":2357875}}
{"date":"2026-09-17T15:28:33+05:00","action":"delete","status":"completed","details":{"path":"images/kosmos/kosmos_119.jpg","size":2336684}}
{"date":"2026-09-17T15:28:33+05:00","action":"delete","status":"completed","details":{"path":"images/kosmos/kosmos_120.jpg","size":2217742}}
{"date":"2026-09-17T15:28:33+05:00","action":"delete","status":"completed","details":{"path":"images/kosmos/kosmos_121.jpg","size":2209248}}
{"date":"2026-09-17T15:28:34+05:00","action":"delete","status":"completed","details":{"path":"images/kosmos/kosmos_122.jpg","size":2165280}}
{"date":"2026-09-17T15:28:34+05:00","action":"delete","status":"completed","details":{"path":"images/kosmos/kosmos_123.jpg","size":2092660}}
{"date":"2026-09-17T15:28:34+05:00","action":"delete","status":"completed","details":{"path":"images/kosmos/kosmos_124.jpg","size":2019460}}
{"date":"2026-09-17T15:28:34+05:00","action":"delete","status":"completed","details":{"path":"images/kosmos/kosmos_125.jpg","size":1976923}}
{"date":"2026-09-17T15:28:34+05:00","action":"delete","status":"completed","details":{"path":"images/kosmos/kosmos_126.jpg","size":1952369}}
{"date":"2026-09-17T15:28:35+05:00","action":"delete","status":"completed","details":{"path":"images/kosmos/kosmos_127.jpg","size":1924124}}
{"date":"2026-09-17T15:28:35+05:00","action":"delete","status":"completed","details":{"path":"images/kosmos/kosmos_128.jpg","size":1901384}}
{"date":"2026-09-17T15:28:35+05:00","action":"delete","status":"completed","details":{"path":"images/kosmos/kosmos_129.jpg","size":1892074}}
{"date":"2026-09-17T15:28:35+05:00","action":"delete","status":"completed","details":{"path":"images/kosmos/kosmos_130.jpg","size":1841730}}
{"date":"2026-09-17T15:28:35+05:00","action":"delete","status":"completed","details":{"path":"images/kosmos/kosmos_131.jpg","size":1836600}}
{"date":"2026-09-17T15:28:35+05:00","action":"delete","status":"completed","details":{"path":"images/kosmos/kosmos_132.jpg","size":1810758}}
{"date":"2026-09-17T15:28:36+05:00","action":"delete","status":"completed","details":{"path":"images/kosmos/kosmos_133.jpg","size":1776554}}
{"date":"2026-09-17T15:28:36+05:00","action":"delete","status":"completed","details":{"path":"images/kosmos/kosmos_134.jpg","size":1774613}}
{"date":"2026-09-17T15:28:36+05:00","action":"delete","status":"completed","details":{"path":"images/kosmos/kosmos_135.jpg","size":1755143}}
{"date":"2026-09-17T15:28:36+05:00","action":"delete","status":"completed","details":{"path":"images/kosmos/kosmos_136.jpg","size":1751645}}
{"date":"2026-09-17T15:28:36+05:00","action":"delete","status":"completed","details":{"path":"images/kosmos/kosmos_137.jpg","size":1732194}}
{"date":"2026-09-17T15:28:36+05:00","action":"delete","status":"completed","details":{"path":"images/kosmos/kosmos_138.jpg","size":1678664}}
{"date":"2026-09-17T15:28:37+05:00","action":"delete","status":"completed","details":{"path":"images/kosmos/kosmos_139.jpg","size":1675791}}
{"date":"2026-09-17T15:28:37+05:00","action":"delete","status":"completed","details":{"path":"images/kosmos/kosmos_140.jpg","size":1627480}}
{"date":"2026-09-17T15:28:37+05:00","action":"delete","status":"completed","details":{"path":"images/kosmos/kosmos_141.jpg","size":1578056}}
{"date":"2026-09-17T15:28:37+05:00","action":"delete","status":"completed","details":{"path":"images/kosmos/kosmos_142.jpg","size":1434250}}
{"date":"2026-09-17T15:28:37+05:00","action":"delete","status":"completed","details":{"path":"images/kosmos/kosmos_143.jpg","size":1367010}}
{"date":"2026-09-17T15:28:37+05:00","action":"delete","status":"completed","details":{"path":"images/kosmos/kosmos_180.jpg","size":1585343}}
{"date":"2026-09-17T15:28:38+05:00","action":"delete","status":"completed","details":{"path":"images/kosmos/kosmos_258.jpg","size":1085535}}
{"date":"2026-09-17T15:28:38+05:00","action":"delete","status":"completed","details":{"path":"images/priroda/0efphz-winter-snow-field.jpg","size":1235570}}
{"date":"2026-09-17T15:28:38+05:00","action":"delete","status":"completed","details":{"path":"images/priroda/000.jpg","size":2002196}}
{"date":"2026-09-17T15:28:38+05:00","action":"delete","status":"completed","details":{"path":"images/priroda/natura_3.bmp","size":1440054}}
{"date":"2026-09-17T15:28:38+05:00","action":"delete","status":"completed","details":{"path":"images/priroda/natura_4.bmp","size":1440054}}
{"date":"2026-09-17T15:28:38+05:00","action":"delete","status":"completed","details":{"path":"images/priroda/natura_5.bmp","size":1440054}}
{"date":"2026-09-17T15:28:39+05:00","action":"delete","status":"completed","details":{"path":"images/priroda/natura_6.bmp","size":1440054}}
{"date":"2026-09-17T15:28:39+05:00","action":"delete","status":"completed","details":{"path":"images/priroda/natura_7.bmp","size":1440054}}
{"date":"2026-09-17T15:28:39+05:00","action":"delete","status":"completed","details":{"path":"images/priroda/natura_8.bmp","size":1440054}}
{"date":"2026-09-17T15:28:39+05:00","action":"delete","status":"completed","details":{"path":"images/priroda/natura_14.jpg","size":1436115}}
{"date":"2026-09-17T15:28:39+05:00","action":"delete","status":"completed","details":{"path":"images/priroda/natura_72.jpg","size":1491245}}
{"date":"2026-09-17T15:28:39+05:00","action":"delete","status":"completed","details":{"path":"images/priroda/natura_81.jpg","size":1388823}}
{"date":"2026-09-17T15:28:40+05:00","action":"delete","status":"completed","details":{"path":"images/priroda/natura_84.jpg","size":1260316}}
{"date":"2026-09-17T15:28:40+05:00","action":"delete","status":"completed","details":{"path":"images/priroda/natura_87.jpg","size":1132937}}
{"date":"2026-09-17T15:28:40+05:00","action":"delete","status":"completed","details":{"path":"images/priroda/natura_89.jpg","size":1429016}}
{"date":"2026-09-17T15:28:40+05:00","action":"delete","status":"completed","details":{"path":"images/priroda/natura_117.jpg","size":1157109}}
{"date":"2026-09-17T15:28:40+05:00","action":"delete","status":"completed","details":{"path":"images/priroda/natura_125.jpg","size":1745041}}
{"date":"2026-09-17T15:28:40+05:00","action":"delete","status":"completed","details":{"path":"images/priroda/natura_133.jpg","size":1207111}}
{"date":"2026-09-17T15:28:41+05:00","action":"delete","status":"completed","details":{"path":"images/priroda/natura_135.jpg","size":1378065}}
{"date":"2026-09-17T15:28:41+05:00","action":"delete","status":"completed","details":{"path":"images/priroda/natura_155.jpg","size":1202976}}
{"date":"2026-09-17T15:28:41+05:00","action":"delete","status":"completed","details":{"path":"images/priroda/natura_157.jpg","size":1713176}}
{"date":"2026-09-17T15:28:41+05:00","action":"delete","status":"completed","details":{"path":"images/priroda/natura_165.jpg","size":2174838}}
{"date":"2026-09-17T15:28:41+05:00","action":"delete","status":"completed","details":{"path":"images/priroda/natura_167.jpg","size":2661494}}
{"date":"2026-09-17T15:28:41+05:00","action":"delete","status":"completed","details":{"path":"images/priroda/natura_168.jpg","size":1304436}}
{"date":"2026-09-17T15:28:41+05:00","action":"delete","status":"completed","details":{"path":"images/priroda/natura_170.jpg","size":2139740}}
{"date":"2026-09-17T15:28:42+05:00","action":"delete","status":"completed","details":{"path":"images/priroda/natura_171.jpg","size":1855717}}
{"date":"2026-09-17T15:28:42+05:00","action":"delete","status":"completed","details":{"path":"images/priroda/natura_174.jpg","size":1550348}}
{"date":"2026-09-17T15:28:42+05:00","action":"delete","status":"completed","details":{"path":"images/priroda/natura_176.jpg","size":1813844}}
{"date":"2026-09-17T15:28:42+05:00","action":"delete","status":"completed","details":{"path":"images/priroda/natura_186.jpg","size":1276022}}
{"date":"2026-09-17T15:28:42+05:00","action":"delete","status":"completed","details":{"path":"images/priroda/natura_198.jpg","size":1171574}}
{"date":"2026-09-17T15:28:42+05:00","action":"delete","status":"completed","details":{"path":"images/priroda/natura_207.jpg","size":1559189}}
{"date":"2026-09-17T15:28:43+05:00","action":"delete","status":"completed","details":{"path":"images/priroda/natura_220.jpg","size":1354021}}
{"date":"2026-09-17T15:28:43+05:00","action":"delete","status":"completed","details":{"path":"images/priroda/natura_224.jpg","size":1249629}}
{"date":"2026-09-17T15:28:43+05:00","action":"delete","status":"completed","details":{"path":"images/priroda/natura_226.jpg","size":1436771}}
{"date":"2026-09-17T15:30:07+05:00","action":"delete","status":"completed","details":{"path":"images/priroda/natura_228.jpg","size":1533947}}
{"date":"2026-09-17T15:30:07+05:00","action":"delete","status":"completed","details":{"path":"images/priroda/natura_230.jpg","size":2187609}}
{"date":"2026-09-17T15:30:07+05:00","action":"delete","status":"completed","details":{"path":"images/priroda/natura_241.jpg","size":1309143}}
{"date":"2026-09-17T15:30:08+05:00","action":"delete","status":"completed","details":{"path":"images/priroda/natura_245.jpg","size":2905371}}
{"date":"2026-09-17T15:30:08+05:00","action":"delete","status":"completed","details":{"path":"images/priroda/natura_291.jpg","size":1744609}}
{"date":"2026-09-17T15:30:08+05:00","action":"delete","status":"completed","details":{"path":"images/priroda/natura_294.jpg","size":2318204}}
{"date":"2026-09-17T15:30:08+05:00","action":"delete","status":"completed","details":{"path":"images/priroda/natura_300.jpg","size":1184679}}
{"date":"2026-09-17T15:30:08+05:00","action":"delete","status":"completed","details":{"path":"images/priroda/natura_302.jpg","size":1299199}}
{"date":"2026-09-17T15:30:08+05:00","action":"delete","status":"completed","details":{"path":"images/priroda/natura_308.jpg","size":1102171}}
{"date":"2026-09-17T15:30:09+05:00","action":"delete","status":"completed","details":{"path":"images/priroda/natura_316.jpg","size":1290734}}
{"date":"2026-09-17T15:30:09+05:00","action":"delete","status":"completed","details":{"path":"images/priroda/natura_320.jpg","size":1195229}}
{"date":"2026-09-17T15:30:09+05:00","action":"delete","status":"completed","details":{"path":"images/priroda/natura_322.jpg","size":1844402}}
{"date":"2026-09-17T15:30:09+05:00","action":"delete","status":"completed","details":{"path":"images/priroda/natura_342.jpg","size":1429436}}
{"date":"2026-09-17T15:30:09+05:00","action":"delete","status":"completed","details":{"path":"images/priroda/natura_346.jpg","size":2461424}}
{"date":"2026-09-17T15:30:09+05:00","action":"delete","status":"completed","details":{"path":"images/priroda/natura_352.jpg","size":1596217}}
{"date":"2026-09-17T15:30:10+05:00","action":"delete","status":"completed","details":{"path":"images/priroda/natura_354.jpg","size":1897476}}
{"date":"2026-09-17T15:30:10+05:00","action":"delete","status":"completed","details":{"path":"images/priroda/natura_360.jpg","size":1148790}}
{"date":"2026-09-17T15:30:10+05:00","action":"delete","status":"completed","details":{"path":"images/priroda/natura_368.jpg","size":1768320}}
{"date":"2026-09-17T15:30:10+05:00","action":"delete","status":"completed","details":{"path":"images/priroda/natura_370.jpg","size":1595148}}
{"date":"2026-09-17T15:30:10+05:00","action":"delete","status":"completed","details":{"path":"images/priroda/natura_372.jpg","size":1094194}}
{"date":"2026-09-17T15:30:10+05:00","action":"delete","status":"completed","details":{"path":"images/priroda/natura_378.jpg","size":1612834}}
{"date":"2026-09-17T15:30:11+05:00","action":"delete","status":"completed","details":{"path":"images/priroda/natura_381.jpg","size":2239451}}
{"date":"2026-09-17T15:30:11+05:00","action":"delete","status":"completed","details":{"path":"images/priroda/natura_385.jpg","size":1080765}}
{"date":"2026-09-17T15:30:11+05:00","action":"delete","status":"completed","details":{"path":"images/priroda/natura_389.jpg","size":1137069}}
{"date":"2026-09-17T15:30:11+05:00","action":"delete","status":"completed","details":{"path":"images/priroda/natura_391.jpg","size":1079376}}
{"date":"2026-09-17T15:30:11+05:00","action":"delete","status":"completed","details":{"path":"images/priroda/natura_393.jpg","size":1553789}}
{"date":"2026-09-17T15:30:11+05:00","action":"delete","status":"completed","details":{"path":"images/priroda/natura_395.jpg","size":1936612}}
{"date":"2026-09-17T15:30:12+05:00","action":"delete","status":"completed","details":{"path":"images/priroda/natura_401.jpg","size":1729607}}
{"date":"2026-09-17T15:30:12+05:00","action":"delete","status":"completed","details":{"path":"images/priroda/natura_407.jpg","size":2814735}}
{"date":"2026-09-17T15:30:12+05:00","action":"delete","status":"completed","details":{"path":"images/priroda/natura_420.jpg","size":1097298}}
{"date":"2026-09-17T15:30:12+05:00","action":"delete","status":"completed","details":{"path":"images/priroda/natura_422.jpg","size":1428006}}
{"date":"2026-09-17T15:30:12+05:00","action":"delete","status":"completed","details":{"path":"images/priroda/natura_426.jpg","size":1243462}}
{"date":"2026-09-17T15:30:12+05:00","action":"delete","status":"completed","details":{"path":"images/priroda/natura_432.jpg","size":1184287}}
{"date":"2026-09-17T15:30:13+05:00","action":"delete","status":"completed","details":{"path":"images/priroda/natura_438.jpg","size":1948896}}
{"date":"2026-09-17T15:30:13+05:00","action":"delete","status":"completed","details":{"path":"images/priroda/natura_442.jpg","size":2085633}}
{"date":"2026-09-17T15:30:13+05:00","action":"delete","status":"completed","details":{"path":"images/priroda/natura_444.jpg","size":2144825}}
{"date":"2026-09-17T15:30:13+05:00","action":"delete","status":"completed","details":{"path":"images/priroda/natura_450.jpg","size":1529837}}
{"date":"2026-09-17T15:30:13+05:00","action":"delete","status":"completed","details":{"path":"images/priroda/natura_452.jpg","size":2925510}}
{"date":"2026-09-17T15:30:13+05:00","action":"delete","status":"completed","details":{"path":"images/priroda/natura_457.jpg","size":2274913}}
{"date":"2026-09-17T15:30:14+05:00","action":"delete","status":"completed","details":{"path":"images/priroda/natura_459.jpg","size":1122228}}
{"date":"2026-09-17T15:30:14+05:00","action":"delete","status":"completed","details":{"path":"images/priroda/natura_460.jpg","size":1994551}}
{"date":"2026-09-17T15:30:14+05:00","action":"delete","status":"completed","details":{"path":"images/priroda/natura_464.jpg","size":1252979}}
{"date":"2026-09-17T15:30:14+05:00","action":"delete","status":"completed","details":{"path":"images/priroda/natura_465.jpg","size":1915008}}
{"date":"2026-09-17T15:30:14+05:00","action":"delete","status":"completed","details":{"path":"images/priroda/natura_466.jpg","size":1722224}}
{"date":"2026-09-17T15:30:14+05:00","action":"delete","status":"completed","details":{"path":"images/priroda/natura_468.jpg","size":1738238}}
{"date":"2026-09-17T15:30:15+05:00","action":"delete","status":"completed","details":{"path":"images/priroda/natura_470.jpg","size":1193581}}
{"date":"2026-09-17T15:30:15+05:00","action":"delete","status":"completed","details":{"path":"images/priroda/natura_471.jpg","size":1221132}}
{"date":"2026-09-17T15:30:15+05:00","action":"delete","status":"completed","details":{"path":"images/priroda/natura_475.jpg","size":1287256}}
{"date":"2026-09-17T15:30:15+05:00","action":"delete","status":"completed","details":{"path":"images/priroda/natura_483.jpg","size":1226051}}
{"date":"2026-09-17T15:30:15+05:00","action":"delete","status":"completed","details":{"path":"images/priroda/natura_491.jpg","size":1203125}}
{"date":"2026-09-17T15:30:15+05:00","action":"delete","status":"completed","details":{"path":"images/priroda/natura_492.jpg","size":2566182}}
{"date":"2026-09-17T15:30:16+05:00","action":"delete","status":"completed","details":{"path":"images/priroda/natura_495.jpg","size":1249692}}
{"date":"2026-09-17T15:30:16+05:00","action":"delete","status":"completed","details":{"path":"images/priroda/natura_496.jpg","size":1534348}}
{"date":"2026-09-17T15:30:16+05:00","action":"delete","status":"completed","details":{"path":"images/priroda/natura_497.jpg","size":1281073}}
{"date":"2026-09-17T15:30:16+05:00","action":"delete","status":"completed","details":{"path":"images/priroda/natura_499.jpg","size":1294010}}
{"date":"2026-09-17T15:30:16+05:00","action":"delete","status":"completed","details":{"path":"images/tekstury/computerdesktopwallpaperscollection444_020.jpg","size":1547623}}
{"date":"2026-09-17T15:30:16+05:00","action":"delete","status":"completed","details":{"path":"images/tekstury/computerdesktopwallpaperscollection444_097.jpg","size":1753660}}
{"date":"2026-09-17T15:30:17+05:00","action":"delete","status":"completed","details":{"path":"images/transport/1_3.jpg","size":1140019}}
{"date":"2026-09-17T15:30:17+05:00","action":"delete","status":"completed","details":{"path":"images/transport/auto_1.bmp","size":1179702}}
{"date":"2026-09-17T15:30:17+05:00","action":"delete","status":"completed","details":{"path":"images/transport/auto_1.png","size":3083068}}
{"date":"2026-09-17T15:30:17+05:00","action":"delete","status":"completed","details":{"path":"images/transport/auto_2.bmp","size":1622754}}
{"date":"2026-09-17T15:30:17+05:00","action":"delete","status":"completed","details":{"path":"images/transport/auto_4.bmp","size":1612742}}
{"date":"2026-09-17T15:30:17+05:00","action":"delete","status":"completed","details":{"path":"images/transport/auto_6.bmp","size":2353206}}
{"date":"2026-09-17T15:30:18+05:00","action":"delete","status":"completed","details":{"path":"images/transport/auto_8.jpg","size":1140019}}
{"date":"2026-09-17T15:30:18+05:00","action":"delete","status":"completed","details":{"path":"images/transport/chevrolet_camaro_1__6.jpg","size":1152371}}
{"date":"2026-09-17T15:30:18+05:00","action":"delete","status":"completed","details":{"path":"images/zveri/animals_4.jpg","size":1541753}}
{"date":"2026-09-17T15:30:18+05:00","action":"delete","status":"completed","details":{"path":"images/zveri/animals_76.jpg","size":1081073}}
{"date":"2026-09-17T15:30:18+05:00","action":"delete","status":"completed","details":{"path":"images/zveri/animals_77.jpg","size":1508456}}
{"date":"2026-09-17T15:30:19+05:00","action":"delete","status":"completed","details":{"path":"images/zveri/animals_78.jpg","size":1785938}}
{"date":"2026-09-17T15:30:19+05:00","action":"delete","status":"completed","details":{"path":"images/zveri/animals_119.jpg","size":1198261}}
{"date":"2026-09-17T15:30:19+05:00","action":"delete","status":"completed","details":{"path":"images/zveri/animals_151.jpg","size":5040876}}
{"date":"2026-09-17T15:30:19+05:00","action":"delete","status":"completed","details":{"path":"images/zveri/animals_152.jpg","size":5000207}}
{"date":"2026-09-17T15:30:19+05:00","action":"delete","status":"completed","details":{"path":"images/zveri/animals_153.jpg","size":4585093}}
{"date":"2026-09-17T15:30:19+05:00","action":"delete","status":"completed","details":{"path":"images/zveri/animals_154.jpg","size":3573616}}
{"date":"2026-09-17T15:30:20+05:00","action":"delete","status":"completed","details":{"path":"images/zveri/animals_155.jpg","size":4580618}}
{"date":"2026-09-17T15:30:20+05:00","action":"delete","status":"completed","details":{"path":"images/zveri/animals_162.jpg","size":1380596}}
{"date":"2026-09-17T15:30:20+05:00","action":"delete","status":"completed","details":{"path":"images/zveri/animals_166.jpg","size":1465909}}
{"date":"2026-09-17T15:30:20+05:00","action":"delete","status":"completed","details":{"path":"images/zveri/animals_167.jpg","size":1596211}}
{"date":"2026-09-17T15:30:20+05:00","action":"delete","status":"completed","details":{"path":"images/zveri/animals_168.jpg","size":1742848}}
{"date":"2026-09-17T15:30:20+05:00","action":"delete","status":"completed","details":{"path":"images/zveri/animals_169.jpg","size":2272295}}
{"date":"2026-09-17T15:30:21+05:00","action":"delete","status":"completed","details":{"path":"images/zveri/animals_170.jpg","size":1552337}}
{"date":"2026-09-17T15:30:21+05:00","action":"delete","status":"completed","details":{"path":"images/zveri/animals_171.jpg","size":1337474}}
{"date":"2026-09-17T15:30:21+05:00","action":"delete","status":"completed","details":{"path":"images/zveri/animals_172.jpg","size":1164165}}
{"date":"2026-09-17T15:30:21+05:00","action":"delete","status":"completed","details":{"path":"images/zveri/animals_173.jpg","size":1222303}}
{"date":"2026-09-17T15:30:21+05:00","action":"delete","status":"completed","details":{"path":"images/zveri/animals_178.jpg","size":2473356}}
{"date":"2026-09-17T15:30:21+05:00","action":"delete","status":"completed","details":{"path":"images/zveri/animals_179.jpg","size":1490777}}
{"date":"2026-09-17T15:30:22+05:00","action":"delete","status":"completed","details":{"path":"images/zveri/animals_180.jpg","size":2292282}}
{"date":"2026-09-17T15:30:22+05:00","action":"delete","status":"completed","details":{"path":"images/zveri/animals_181.jpg","size":1596888}}
{"date":"2026-09-17T15:30:22+05:00","action":"delete","status":"completed","details":{"path":"images/zveri/animals_190.jpg","size":1607324}}
{"date":"2026-09-17T15:30:22+05:00","action":"delete","status":"completed","details":{"path":"images/zveri/animals_192.jpg","size":1817731}}
{"date":"2026-09-17T15:30:22+05:00","action":"delete","status":"completed","details":{"path":"images/zveri/animals_194.jpg","size":2429427}}
{"date":"2026-09-17T15:30:23+05:00","action":"delete","status":"completed","details":{"path":"images/zveri/animals_195.jpg","size":1089389}}
{"date":"2026-09-17T15:30:23+05:00","action":"delete","status":"completed","details":{"path":"images/zveri/animals_196.jpg","size":1223055}}
{"date":"2026-09-17T15:30:23+05:00","action":"delete","status":"completed","details":{"path":"images/zveri/cat_3.jpg","size":1198261}}
{"date":"2026-09-17T15:30:58+05:00","action":"delete","status":"completed","details":{"path":"dsn/5d/d8/001/screenshot_8.png","size":146030}}
{"date":"2026-09-17T15:30:59+05:00","action":"delete","status":"completed","details":{"path":"dsn/5d/d8/001/thumb/screenshot_8.png","size":16205}}
{"date":"2026-09-17T15:30:59+05:00","action":"delete","status":"completed","details":{"path":"dsn/5d/fe/001/thumb/screenshot_16.png","size":63029}}
{"date":"2026-09-17T15:30:59+05:00","action":"delete","status":"completed","details":{"path":"dsn/5d/fe/002/screenshot_16.png","size":269222}}
{"date":"2026-09-17T15:30:59+05:00","action":"delete","status":"completed","details":{"path":"dsn/5d/fe/002/thumb/screenshot_16.png","size":14942}}
{"date":"2026-09-17T15:30:59+05:00","action":"delete","status":"completed","details":{"path":"dsn/5e/3c/001/thumb/images_3.jpg","size":8363}}
{"date":"2026-09-17T15:30:59+05:00","action":"delete","status":"completed","details":{"path":"dsn/5e/3c/002/thumb/images_3.jpg","size":8578}}
{"date":"2026-09-17T15:31:00+05:00","action":"delete","status":"completed","details":{"path":"dsn/5f/0f/001/4446.jpg","size":36666}}
{"date":"2026-09-17T15:31:00+05:00","action":"delete","status":"completed","details":{"path":"dsn/5f/0f/001/thumb/4446.jpg","size":2794}}
{"date":"2026-09-17T15:31:00+05:00","action":"delete","status":"completed","details":{"path":"dsn/5f/5f/001/s_gifmecamera_icon2.jpg","size":16857}}
{"date":"2026-09-17T15:31:00+05:00","action":"delete","status":"completed","details":{"path":"dsn/5f/5f/001/thumb/s_gifmecamera_icon2.jpg","size":3437}}
{"date":"2026-09-17T15:31:00+05:00","action":"delete","status":"completed","details":{"path":"dsn/5f/70/001/thumb/tortoisesvn_logo_hor468x64_f2a24201.png","size":9683}}
{"date":"2026-09-17T15:31:00+05:00","action":"delete","status":"completed","details":{"path":"dsn/5f/f5/001/images_19.jpg","size":9915}}
{"date":"2026-09-17T15:31:01+05:00","action":"delete","status":"completed","details":{"path":"dsn/5f/f5/001/thumb/images_19.jpg","size":6785}}
{"date":"2026-09-17T15:31:01+05:00","action":"delete","status":"completed","details":{"path":"dsn/6a/d4/001/thumb/screenshot_10.png","size":58410}}
{"date":"2026-09-17T15:31:01+05:00","action":"delete","status":"completed","details":{"path":"dsn/6b/91/001/thumb/dengi.jpg","size":27415}}
{"date":"2026-09-17T15:31:01+05:00","action":"delete","status":"completed","details":{"path":"dsn/6b/c7/001/image_44.jpg","size":66340}}
{"date":"2026-09-17T15:31:01+05:00","action":"delete","status":"completed","details":{"path":"dsn/6b/c7/001/thumb/image_44.jpg","size":11055}}
{"date":"2026-09-17T15:31:01+05:00","action":"delete","status":"completed","details":{"path":"dsn/6b/f0/001/s_unnamedfxr2b9ob.png","size":143751}}
{"date":"2026-09-17T15:31:02+05:00","action":"delete","status":"completed","details":{"path":"dsn/6b/f0/001/thumb/s_unnamedfxr2b9ob.png","size":28396}}
{"date":"2026-09-17T15:31:02+05:00","action":"delete","status":"completed","details":{"path":"dsn/6c/4e/001/thumb/redaktor_html_koda_dlya_proverki_-_skript_dlya_saita_-_25_iyulya_2012_-_skripty_d.png","size":29934}}
{"date":"2026-09-17T15:31:02+05:00","action":"delete","status":"completed","details":{"path":"dsn/6c/7e/001/thumb/font-awesome.png","size":107297}}
{"date":"2026-09-17T15:31:02+05:00","action":"delete","status":"completed","details":{"path":"dsn/6c/20/001/thumb/kcfinder2.gif","size":32258}}
{"date":"2026-09-17T15:31:02+05:00","action":"delete","status":"completed","details":{"path":"dsn/6c/65/001/thumb/udalenie_dublei_stranic.png","size":144194}}
{"date":"2026-09-17T15:31:02+05:00","action":"delete","status":"completed","details":{"path":"dsn/6c/a5/001/csht10.png","size":4149}}
{"date":"2026-09-17T15:31:03+05:00","action":"delete","status":"completed","details":{"path":"dsn/6c/c1/001/thumb/screenshot_14.png","size":94096}}
{"date":"2026-09-17T15:31:03+05:00","action":"delete","status":"completed","details":{"path":"dsn/6c/fe/001/thumb/veb-dizajn.jpg","size":82137}}
{"date":"2026-09-17T15:31:03+05:00","action":"delete","status":"completed","details":{"path":"dsn/6d/2b/002/thumb/2316.png","size":16736}}
{"date":"2026-09-17T15:31:03+05:00","action":"delete","status":"completed","details":{"path":"dsn/6d/7f/001/thumb/oboi_na_rabochii_stol_-_my_soft.png","size":98009}}
{"date":"2026-09-17T15:31:03+05:00","action":"delete","status":"completed","details":{"path":"dsn/6d/7f/002/thumb/oboi_na_rabochii_stol_-_my_soft.png","size":98009}}
{"date":"2026-09-17T15:31:03+05:00","action":"delete","status":"completed","details":{"path":"dsn/6d/41/001/1487943887318.jpg","size":28777}}
{"date":"2026-09-17T15:31:03+05:00","action":"delete","status":"completed","details":{"path":"dsn/6d/53/001/3184357.png","size":44879}}
{"date":"2026-09-17T15:31:04+05:00","action":"delete","status":"completed","details":{"path":"dsn/6d/95/001/thumb/3015178-slide-bootstrap.png","size":18032}}
{"date":"2026-09-17T15:31:04+05:00","action":"delete","status":"completed","details":{"path":"dsn/6d/a6/001/screenshot_37.png","size":80833}}
{"date":"2026-09-17T15:31:04+05:00","action":"delete","status":"completed","details":{"path":"dsn/6d/a6/001/thumb/screenshot_37.png","size":19980}}
{"date":"2026-09-17T15:31:04+05:00","action":"delete","status":"completed","details":{"path":"dsn/6d/d5/001/thumb/skachat_dle_hak_sliderelated_-_pohozhie_novosti_v_slide_box__dmitry_dark5ider_-_blog_besplatno.png","size":82372}}
{"date":"2026-09-17T15:31:04+05:00","action":"delete","status":"completed","details":{"path":"dsn/6e/51/001/thumb/megasound.png","size":52393}}
{"date":"2026-09-17T15:31:05+05:00","action":"delete","status":"completed","details":{"path":"dsn/6e/b3/001/thumb/707cf7fe15f1c0901605150e31a9bcf4.png","size":52723}}
{"date":"2026-09-17T15:31:05+05:00","action":"delete","status":"completed","details":{"path":"dsn/6f/19/001/thumb/animatedbooks_011.png","size":44209}}
{"date":"2026-09-17T15:31:05+05:00","action":"delete","status":"completed","details":{"path":"dsn/6f/43/001/thumb/screenshot_42.png","size":119356}}
{"date":"2026-09-17T15:31:05+05:00","action":"delete","status":"completed","details":{"path":"dsn/6f/77/001/lake_weatherhd___ozero_pogoda_hd_dlya_android.jpeg","size":30139}}
{"date":"2026-09-17T15:31:05+05:00","action":"delete","status":"completed","details":{"path":"dsn/6f/77/001/thumb/lake_weatherhd___ozero_pogoda_hd_dlya_android.jpeg","size":2659}}
{"date":"2026-09-17T15:31:05+05:00","action":"delete","status":"completed","details":{"path":"dsn/6f/d1/001/thumb/images_13.jpg","size":24540}}
{"date":"2026-09-17T15:31:06+05:00","action":"delete","status":"completed","details":{"path":"dsn/7a/8d/001/thumb/clickeffect.gif","size":3621}}
{"date":"2026-09-17T15:31:06+05:00","action":"delete","status":"completed","details":{"path":"dsn/7a/83/001/s_unnamed1_2.jpg","size":17216}}
{"date":"2026-09-17T15:31:06+05:00","action":"delete","status":"completed","details":{"path":"dsn/7a/83/001/thumb/s_unnamed1_2.jpg","size":3559}}
{"date":"2026-09-17T15:31:06+05:00","action":"delete","status":"completed","details":{"path":"dsn/7b/0e/001/thumb/warrior_chess_dlya_android1.png","size":51829}}
{"date":"2026-09-17T15:31:06+05:00","action":"delete","status":"completed","details":{"path":"dsn/7b/0e/001/warrior_chess_dlya_android1.png","size":920195}}
{"date":"2026-09-17T15:31:06+05:00","action":"delete","status":"completed","details":{"path":"dsn/7b/5c/001/thumb/korzina.jpg","size":69272}}
{"date":"2026-09-17T15:31:07+05:00","action":"delete","status":"completed","details":{"path":"dsn/7b/7a/001/images_28.jpg","size":7751}}
{"date":"2026-09-17T15:31:07+05:00","action":"delete","status":"completed","details":{"path":"dsn/7b/7a/001/thumb/images_28.jpg","size":4902}}
{"date":"2026-09-17T15:31:07+05:00","action":"delete","status":"completed","details":{"path":"dsn/7b/f5/001/thumb/p.png","size":68166}}
{"date":"2026-09-17T15:31:07+05:00","action":"delete","status":"completed","details":{"path":"dsn/7b/fb/001/3d_speed_car_parking_dlya_android.jpeg","size":26761}}
{"date":"2026-09-17T15:31:07+05:00","action":"delete","status":"completed","details":{"path":"dsn/7b/fb/001/thumb/3d_speed_car_parking_dlya_android.jpeg","size":5022}}
{"date":"2026-09-17T15:31:07+05:00","action":"delete","status":"completed","details":{"path":"dsn/7c/5f/001/bootskins.png","size":149396}}
{"date":"2026-09-17T15:31:07+05:00","action":"delete","status":"completed","details":{"path":"dsn/7c/5f/001/thumb/bootskins.png","size":24831}}
{"date":"2026-09-17T15:31:08+05:00","action":"delete","status":"completed","details":{"path":"dsn/7c/11/001/1469039866_1-2.jpg","size":136755}}
{"date":"2026-09-17T15:31:08+05:00","action":"delete","status":"completed","details":{"path":"dsn/7c/94/001/thumb/648d586f-4304-45af-8b63-0f3b3e20752b.png","size":160785}}
{"date":"2026-09-17T15:31:08+05:00","action":"delete","status":"completed","details":{"path":"dsn/7c/a3/001/thumb/81330918.png","size":36525}}
{"date":"2026-09-17T15:31:08+05:00","action":"delete","status":"completed","details":{"path":"dsn/7d/8d/001/1432729086_blokirovka-reklami-na-android.jpg","size":129190}}
{"date":"2026-09-17T15:31:08+05:00","action":"delete","status":"completed","details":{"path":"dsn/7d/35/001/thumb/05820753.jpg","size":17076}}
{"date":"2026-09-17T15:31:08+05:00","action":"delete","status":"completed","details":{"path":"dsn/7d/55/001/blade-d2.jpg","size":47426}}
{"date":"2026-09-17T15:31:09+05:00","action":"delete","status":"completed","details":{"path":"dsn/7d/55/001/thumb/blade-d2.jpg","size":3092}}
{"date":"2026-09-17T15:31:09+05:00","action":"delete","status":"completed","details":{"path":"dsn/7d/85/001/thumb/whatsapp.jpg","size":2918}}
{"date":"2026-09-17T15:31:09+05:00","action":"delete","status":"completed","details":{"path":"dsn/7d/85/001/whatsapp.jpg","size":30468}}
{"date":"2026-09-17T15:31:09+05:00","action":"delete","status":"completed","details":{"path":"dsn/7d/ab/001/56627356.jpeg","size":46448}}
{"date":"2026-09-17T15:31:09+05:00","action":"delete","status":"completed","details":{"path":"dsn/7d/ab/001/thumb/56627356.jpeg","size":5691}}
{"date":"2026-09-17T15:31:09+05:00","action":"delete","status":"completed","details":{"path":"dsn/7d/b3/001/eda.png","size":503585}}
{"date":"2026-09-17T15:31:10+05:00","action":"delete","status":"completed","details":{"path":"dsn/7d/b3/001/thumb/eda.png","size":99306}}
{"date":"2026-09-17T15:31:10+05:00","action":"delete","status":"completed","details":{"path":"dsn/7d/e9/001/4444.jpg","size":35809}}
{"date":"2026-09-17T15:31:10+05:00","action":"delete","status":"completed","details":{"path":"dsn/7d/e9/001/thumb/4444.jpg","size":2947}}
{"date":"2026-09-17T15:31:10+05:00","action":"delete","status":"completed","details":{"path":"dsn/7e/a2/001/s_3848298.jpg","size":24192}}
{"date":"2026-09-17T15:31:10+05:00","action":"delete","status":"completed","details":{"path":"dsn/7e/a2/001/thumb/s_3848298.jpg","size":4464}}
{"date":"2026-09-17T15:31:10+05:00","action":"delete","status":"completed","details":{"path":"dsn/7e/df/001/thumb/1321649044_podelitsya.png","size":21391}}
{"date":"2026-09-17T15:31:11+05:00","action":"delete","status":"completed","details":{"path":"dsn/7e/df/002/thumb/1321649044_podelitsya.png","size":21391}}
{"date":"2026-09-17T15:31:11+05:00","action":"delete","status":"completed","details":{"path":"dsn/7f/72/001/thumb/haki_i_skripty_next_generation_cms_-_palitra_cvetov_-_palitra_cvetov_3.png","size":43360}}
{"date":"2026-09-17T15:31:11+05:00","action":"delete","status":"completed","details":{"path":"dsn/7f/77/001/40-free-calligraphy-fonts.jpg","size":575469}}
{"date":"2026-09-17T15:31:11+05:00","action":"delete","status":"completed","details":{"path":"dsn/7f/77/001/thumb/40-free-calligraphy-fonts.jpg","size":2010}}
{"date":"2026-09-17T15:31:11+05:00","action":"delete","status":"completed","details":{"path":"dsn/7f/dc/001/thumb/images.jpg","size":7837}}
{"date":"2026-09-17T15:31:11+05:00","action":"delete","status":"completed","details":{"path":"dsn/7f/dc/002/thumb/images.jpg","size":13725}}
{"date":"2026-09-17T15:31:12+05:00","action":"delete","status":"completed","details":{"path":"dsn/7f/dc/003/thumb/images.jpg","size":5971}}
{"date":"2026-09-17T15:31:12+05:00","action":"delete","status":"completed","details":{"path":"dsn/7f/dc/004/thumb/images.jpg","size":7645}}
{"date":"2026-09-17T15:31:12+05:00","action":"delete","status":"completed","details":{"path":"dsn/7f/dc/005/thumb/images.jpg","size":20090}}
{"date":"2026-09-17T15:31:12+05:00","action":"delete","status":"completed","details":{"path":"dsn/7f/dc/006/thumb/images.jpg","size":7404}}
{"date":"2026-09-17T15:31:12+05:00","action":"delete","status":"completed","details":{"path":"dsn/7f/dc/007/thumb/images.jpg","size":4617}}
{"date":"2026-09-17T15:31:12+05:00","action":"delete","status":"completed","details":{"path":"dsn/7f/dc/008/thumb/images.jpg","size":4617}}
{"date":"2026-09-17T15:31:13+05:00","action":"delete","status":"completed","details":{"path":"dsn/7f/dc/009/thumb/images.jpg","size":22479}}
{"date":"2026-09-17T15:31:13+05:00","action":"delete","status":"completed","details":{"path":"dsn/7f/dc/010/thumb/images.jpg","size":37448}}
{"date":"2026-09-17T15:31:13+05:00","action":"delete","status":"completed","details":{"path":"dsn/7f/dc/011/thumb/images.jpg","size":23213}}
{"date":"2026-09-17T15:31:13+05:00","action":"delete","status":"completed","details":{"path":"dsn/8a/f0/001/s_unnamedcawytxgk.png","size":135172}}
{"date":"2026-09-17T15:31:13+05:00","action":"delete","status":"completed","details":{"path":"dsn/8a/f0/001/thumb/s_unnamedcawytxgk.png","size":27029}}
{"date":"2026-09-17T15:31:13+05:00","action":"delete","status":"completed","details":{"path":"dsn/8b/4b/001/s_glavnaja.jpg","size":22958}}
{"date":"2026-09-17T15:31:14+05:00","action":"delete","status":"completed","details":{"path":"dsn/8b/4b/001/thumb/s_glavnaja.jpg","size":4631}}
{"date":"2026-09-17T15:31:14+05:00","action":"delete","status":"completed","details":{"path":"dsn/8b/59/001/ds_arabic.png","size":71012}}
{"date":"2026-09-17T15:31:14+05:00","action":"delete","status":"completed","details":{"path":"dsn/8b/59/001/thumb/ds_arabic.png","size":11459}}
{"date":"2026-09-17T15:31:14+05:00","action":"delete","status":"completed","details":{"path":"dsn/8b/89/001/krome3.jpg","size":77992}}
{"date":"2026-09-17T15:31:14+05:00","action":"delete","status":"completed","details":{"path":"dsn/8b/89/001/thumb/krome3.jpg","size":3724}}
{"date":"2026-09-17T15:31:14+05:00","action":"delete","status":"completed","details":{"path":"dsn/8b/95/001/thumb/ad2.jpg","size":22371}}
{"date":"2026-09-17T15:31:15+05:00","action":"delete","status":"completed","details":{"path":"dsn/8b/b5/001/s_unnamed2.jpg","size":29282}}
{"date":"2026-09-17T15:31:15+05:00","action":"delete","status":"completed","details":{"path":"dsn/8b/b5/001/thumb/s_unnamed2.jpg","size":4951}}
{"date":"2026-09-17T15:31:15+05:00","action":"delete","status":"completed","details":{"path":"dsn/8d/0a/001/hts3.jpg","size":26341}}
{"date":"2026-09-17T15:31:15+05:00","action":"delete","status":"completed","details":{"path":"dsn/8d/0a/001/thumb/hts3.jpg","size":6481}}
{"date":"2026-09-17T15:31:15+05:00","action":"delete","status":"completed","details":{"path":"dsn/8d/9c/001/bd88523919eecd8ebcffedcc01fd371a.png","size":331892}}
{"date":"2026-09-17T15:31:15+05:00","action":"delete","status":"completed","details":{"path":"dsn/8d/9c/001/thumb/bd88523919eecd8ebcffedcc01fd371a.png","size":17209}}
{"date":"2026-09-17T15:31:16+05:00","action":"delete","status":"completed","details":{"path":"dsn/8d/65/001/nova.jpg","size":23420}}
{"date":"2026-09-17T15:31:16+05:00","action":"delete","status":"completed","details":{"path":"dsn/8d/65/001/thumb/nova.jpg","size":4528}}
{"date":"2026-09-17T15:31:16+05:00","action":"delete","status":"completed","details":{"path":"dsn/8d/75/001/thumb/kesh.gif","size":25260}}
{"date":"2026-09-17T15:31:16+05:00","action":"delete","status":"completed","details":{"path":"dsn/8d/ab/001/thumb/2025-05-15_14-43-36.png","size":37770}}
{"date":"2026-09-17T15:31:16+05:00","action":"delete","status":"completed","details":{"path":"dsn/8d/ee/001/1367915914_1.png","size":39900}}
{"date":"2026-09-17T15:31:16+05:00","action":"delete","status":"completed","details":{"path":"dsn/8d/ee/001/thumb/1367915914_1.png","size":13268}}
{"date":"2026-09-17T15:31:17+05:00","action":"delete","status":"completed","details":{"path":"dsn/8d/fb/001/thumb/jquery.png","size":56701}}
{"date":"2026-09-17T15:31:17+05:00","action":"delete","status":"completed","details":{"path":"dsn/8e/0b/001/thumb/redir.gif","size":33275}}
{"date":"2026-09-17T15:31:17+05:00","action":"delete","status":"completed","details":{"path":"dsn/8e/0b/002/thumb/redir.gif","size":20789}}
{"date":"2026-09-17T15:31:17+05:00","action":"delete","status":"completed","details":{"path":"dsn/8e/39/001/thumb/svoe.jpg","size":100270}}
{"date":"2026-09-17T15:31:17+05:00","action":"delete","status":"completed","details":{"path":"dsn/8e/a1/001/thumb/effekt_navedeniya_sleduyuszii_za_kursorom___pcvector_net.png","size":120116}}
{"date":"2026-09-17T15:31:17+05:00","action":"delete","status":"completed","details":{"path":"dsn/8e/cb/001/thumb/plus.gif","size":8947}}
{"date":"2026-09-17T15:31:18+05:00","action":"delete","status":"completed","details":{"path":"dsn/8e/dc/001/001_x.jpg","size":10637}}
{"date":"2026-09-17T15:31:18+05:00","action":"delete","status":"completed","details":{"path":"dsn/8e/dc/001/thumb/001_x.jpg","size":3841}}
{"date":"2026-09-17T15:31:18+05:00","action":"delete","status":"completed","details":{"path":"dsn/8e/f1/001/thumb/form.gif","size":17743}}
{"date":"2026-09-17T15:31:18+05:00","action":"delete","status":"completed","details":{"path":"dsn/8e/ff/001/thumb/screenshot_26.jpg","size":70158}}
{"date":"2026-09-17T15:31:18+05:00","action":"delete","status":"completed","details":{"path":"dsn/8f/6c/001/unnamed_1.png","size":296870}}
{"date":"2026-09-17T15:31:18+05:00","action":"delete","status":"completed","details":{"path":"dsn/8f/a0/001/thumb/1363434386.jpg","size":13985}}
{"date":"2026-09-17T15:31:18+05:00","action":"delete","status":"completed","details":{"path":"dsn/9a/6e/001/thumb/tsf-shell.png","size":30028}}
{"date":"2026-09-17T15:31:19+05:00","action":"delete","status":"completed","details":{"path":"dsn/9a/6e/001/tsf-shell.png","size":45453}}
{"date":"2026-09-17T15:31:19+05:00","action":"delete","status":"completed","details":{"path":"dsn/9a/77/001/thumb/ynwzdghdkx17p9.jpg","size":33815}}
{"date":"2026-09-17T15:31:19+05:00","action":"delete","status":"completed","details":{"path":"dsn/9a/77/001/ynwzdghdkx17p9.jpg","size":316306}}
{"date":"2026-09-17T15:31:19+05:00","action":"delete","status":"completed","details":{"path":"dsn/9b/37/001/thumb/2025-06-06_21-56-03.png","size":186611}}
{"date":"2026-09-17T15:31:19+05:00","action":"delete","status":"completed","details":{"path":"dsn/9b/37/002/thumb/2025-06-06_21-56-03.png","size":165433}}
{"date":"2026-09-17T15:31:20+05:00","action":"delete","status":"completed","details":{"path":"dsn/9c/05/001/hakery.jpg","size":2910}}
{"date":"2026-09-17T15:31:20+05:00","action":"delete","status":"completed","details":{"path":"dsn/9c/05/001/thumb/hakery.jpg","size":2213}}
{"date":"2026-09-17T15:31:20+05:00","action":"delete","status":"completed","details":{"path":"dsn/9c/05/001/thumb/win-1251-v-utf8.jpg","size":44434}}
{"date":"2026-09-17T15:31:20+05:00","action":"delete","status":"completed","details":{"path":"dsn/9c/06/001/talkingtomcat.jpg","size":18582}}
{"date":"2026-09-17T15:31:20+05:00","action":"delete","status":"completed","details":{"path":"dsn/9c/06/001/thumb/talkingtomcat.jpg","size":3682}}
{"date":"2026-09-17T15:31:20+05:00","action":"delete","status":"completed","details":{"path":"dsn/9c/7b/001/1469039912_1-17.jpg","size":59632}}
{"date":"2026-09-17T15:31:21+05:00","action":"delete","status":"completed","details":{"path":"dsn/9c/18/001/1442563351_1-41.jpg","size":41242}}
{"date":"2026-09-17T15:31:21+05:00","action":"delete","status":"completed","details":{"path":"dsn/9c/34/001/dxvoujg3wtxmywypwi9g462fnn2fwezd.jpg","size":91539}}
{"date":"2026-09-17T15:31:21+05:00","action":"delete","status":"completed","details":{"path":"dsn/9c/34/001/thumb/dxvoujg3wtxmywypwi9g462fnn2fwezd.jpg","size":4113}}
{"date":"2026-09-17T15:31:21+05:00","action":"delete","status":"completed","details":{"path":"dsn/9c/36/001/thumb/screenshot_14h_06m_43s.jpg","size":12521}}
{"date":"2026-09-17T15:31:21+05:00","action":"delete","status":"completed","details":{"path":"dsn/9c/c5/001/thumb/demo_for_blur_background_social_share_plugin.png","size":19589}}
{"date":"2026-09-17T15:31:21+05:00","action":"delete","status":"completed","details":{"path":"dsn/9c/d8/001/thumb/untitled-1.jpg","size":10608}}
{"date":"2026-09-17T15:31:22+05:00","action":"delete","status":"completed","details":{"path":"dsn/9d/0b/001/thumb/umi.jpg","size":3560}}
{"date":"2026-09-17T15:31:22+05:00","action":"delete","status":"completed","details":{"path":"dsn/9d/0b/001/umi.jpg","size":17840}}
{"date":"2026-09-17T15:31:22+05:00","action":"delete","status":"completed","details":{"path":"dsn/9d/3a/001/thumb/1355919712_ikinokz_net_cache.png","size":57190}}
{"date":"2026-09-17T15:31:22+05:00","action":"delete","status":"completed","details":{"path":"dsn/9d/7f/001/s_estrongs_file_explorer.jpg","size":15286}}
{"date":"2026-09-17T15:31:22+05:00","action":"delete","status":"completed","details":{"path":"dsn/9d/7f/001/thumb/s_estrongs_file_explorer.jpg","size":3194}}
{"date":"2026-09-17T15:31:22+05:00","action":"delete","status":"completed","details":{"path":"dsn/9d/8f/001/thumb/pop_up_title_ru.jpg","size":42089}}
{"date":"2026-09-17T15:31:23+05:00","action":"delete","status":"completed","details":{"path":"dsn/9d/42/001/11842447.jpg","size":64885}}
{"date":"2026-09-17T15:31:23+05:00","action":"delete","status":"completed","details":{"path":"dsn/9d/42/001/thumb/11842447.jpg","size":8970}}
{"date":"2026-09-17T15:31:23+05:00","action":"delete","status":"completed","details":{"path":"dsn/9d/d5/001/thumb/adaptivnaya_galereya_least_js__skripty_dlya_saitov.png","size":71313}}
{"date":"2026-09-17T15:31:23+05:00","action":"delete","status":"completed","details":{"path":"dsn/9e/4d/001/thumb/1474987471_prew.jpg","size":88235}}
{"date":"2026-09-17T15:31:23+05:00","action":"delete","status":"completed","details":{"path":"dsn/9e/82/002/thumb/padayuszii_sneg.jpg","size":102886}}
{"date":"2026-09-17T15:31:23+05:00","action":"delete","status":"completed","details":{"path":"dsn/9e/aa/001/opera_snimok_2021-08-30_120248_yandex_kz.png","size":507079}}
{"date":"2026-09-17T15:31:24+05:00","action":"delete","status":"completed","details":{"path":"dsn/9e/aa/001/thumb/opera_snimok_2021-08-30_120248_yandex_kz.png","size":57230}}
{"date":"2026-09-17T15:31:24+05:00","action":"delete","status":"completed","details":{"path":"dsn/9e/b6/001/12.png","size":182078}}
{"date":"2026-09-17T15:31:24+05:00","action":"delete","status":"completed","details":{"path":"dsn/9e/b6/001/thumb/12.png","size":24474}}
{"date":"2026-09-17T15:31:24+05:00","action":"delete","status":"completed","details":{"path":"dsn/9e/c9/001/thumb/responsivemenu-0.jpg","size":18605}}
{"date":"2026-09-17T15:31:24+05:00","action":"delete","status":"completed","details":{"path":"dsn/9f/0c/001/thumb/sticky-block.png","size":35319}}
{"date":"2026-09-17T15:31:24+05:00","action":"delete","status":"completed","details":{"path":"dsn/9f/4c/001/thumb/screenshot_12h_08m_32s.jpg","size":6489}}
{"date":"2026-09-17T15:31:24+05:00","action":"delete","status":"completed","details":{"path":"dsn/9f/ae/001/loker2.png","size":77525}}
{"date":"2026-09-17T15:31:25+05:00","action":"delete","status":"completed","details":{"path":"dsn/9f/ae/001/thumb/loker2.png","size":17013}}
{"date":"2026-09-17T15:31:25+05:00","action":"delete","status":"completed","details":{"path":"dsn/10/06/001/ljeantivirus_jpg.png","size":190743}}
{"date":"2026-09-17T15:31:25+05:00","action":"delete","status":"completed","details":{"path":"dsn/10/06/001/thumb/ljeantivirus_jpg.png","size":43428}}
{"date":"2026-09-17T15:31:25+05:00","action":"delete","status":"completed","details":{"path":"dsn/10/2d/001/thumb/screenshot_43.png","size":63882}}
{"date":"2026-09-17T15:31:25+05:00","action":"delete","status":"completed","details":{"path":"dsn/10/24/001/thumb/chet2.gif","size":14646}}
{"date":"2026-09-17T15:31:25+05:00","action":"delete","status":"completed","details":{"path":"dsn/10/24/002/thumb/chet2.gif","size":14282}}
{"date":"2026-09-17T15:31:26+05:00","action":"delete","status":"completed","details":{"path":"dsn/10/24/003/thumb/chet2.gif","size":6255}}
{"date":"2026-09-17T15:31:26+05:00","action":"delete","status":"completed","details":{"path":"dsn/10/e3/001/thumb/twitter.png","size":9185}}
{"date":"2026-09-17T15:31:26+05:00","action":"delete","status":"completed","details":{"path":"dsn/10/e3/001/twitter.png","size":28849}}
{"date":"2026-09-17T15:31:26+05:00","action":"delete","status":"completed","details":{"path":"dsn/10/fb/001/3.png","size":86754}}
{"date":"2026-09-17T15:31:26+05:00","action":"delete","status":"completed","details":{"path":"dsn/10/fb/001/thumb/3.png","size":22376}}
{"date":"2026-09-17T15:31:26+05:00","action":"delete","status":"completed","details":{"path":"dsn/10/fb/002/3.png","size":319343}}
{"date":"2026-09-17T15:31:27+05:00","action":"delete","status":"completed","details":{"path":"dsn/10/fb/002/thumb/3.png","size":10022}}
{"date":"2026-09-17T15:31:27+05:00","action":"delete","status":"completed","details":{"path":"dsn/11/8b/001/thumb/tul.gif","size":9464}}
{"date":"2026-09-17T15:31:27+05:00","action":"delete","status":"completed","details":{"path":"dsn/11/8c/001/lyubimye_kanaly_-_tv_-_glavnaya_stranica.png","size":550194}}
{"date":"2026-09-17T15:31:27+05:00","action":"delete","status":"completed","details":{"path":"dsn/11/8c/001/thumb/lyubimye_kanaly_-_tv_-_glavnaya_stranica.png","size":79546}}
{"date":"2026-09-17T15:31:27+05:00","action":"delete","status":"completed","details":{"path":"dsn/12/c2/001/thumb/scroll-default.png","size":35411}}
{"date":"2026-09-17T15:31:27+05:00","action":"delete","status":"completed","details":{"path":"dsn/12/f4/001/thumb/demo_for_css_and_jquery_content_tabs_effect.png","size":96146}}
{"date":"2026-09-17T15:31:28+05:00","action":"delete","status":"completed","details":{"path":"dsn/13/0b/001/thumb/33333333333.png","size":40382}}
{"date":"2026-09-17T15:31:28+05:00","action":"delete","status":"completed","details":{"path":"dsn/13/1d/001/fs2.jpg","size":198194}}
{"date":"2026-09-17T15:31:28+05:00","action":"delete","status":"completed","details":{"path":"dsn/13/1d/001/thumb/fs2.jpg","size":5871}}
{"date":"2026-09-17T15:31:28+05:00","action":"delete","status":"completed","details":{"path":"dsn/13/4c/001/22.jpg","size":80961}}
{"date":"2026-09-17T15:31:28+05:00","action":"delete","status":"completed","details":{"path":"dsn/13/4c/001/thumb/22.jpg","size":4167}}
{"date":"2026-09-17T15:31:28+05:00","action":"delete","status":"completed","details":{"path":"dsn/13/4c/002/22.jpg","size":51699}}
{"date":"2026-09-17T15:31:29+05:00","action":"delete","status":"completed","details":{"path":"dsn/13/4c/002/thumb/22.jpg","size":6521}}
{"date":"2026-09-17T15:31:29+05:00","action":"delete","status":"completed","details":{"path":"dsn/13/be/001/thumb/screenshot_50.jpg","size":88309}}
{"date":"2026-09-17T15:31:29+05:00","action":"delete","status":"completed","details":{"path":"dsn/13/f7/001/545248610cf8daab80e4.jpg","size":76223}}
{"date":"2026-09-17T15:31:29+05:00","action":"delete","status":"completed","details":{"path":"dsn/13/f7/001/thumb/545248610cf8daab80e4.jpg","size":7429}}
{"date":"2026-09-17T15:31:29+05:00","action":"delete","status":"completed","details":{"path":"dsn/14/d1/001/1_2.png","size":155410}}
{"date":"2026-09-17T15:31:29+05:00","action":"delete","status":"completed","details":{"path":"dsn/14/d1/001/thumb/1_2.png","size":7790}}
{"date":"2026-09-17T15:31:30+05:00","action":"delete","status":"completed","details":{"path":"dsn/14/e6/001/thumb/opera_snimok_2021-08-08_161530_yandex_kz.png","size":113081}}
{"date":"2026-09-17T15:31:30+05:00","action":"delete","status":"completed","details":{"path":"dsn/15/2a/001/thumb/reiting.gif","size":35921}}
{"date":"2026-09-17T15:31:30+05:00","action":"delete","status":"completed","details":{"path":"dsn/15/4e/001/thumb/preview.png","size":23696}}
{"date":"2026-09-17T15:31:30+05:00","action":"delete","status":"completed","details":{"path":"dsn/15/4e/002/thumb/preview.png","size":86494}}
{"date":"2026-09-17T15:31:30+05:00","action":"delete","status":"completed","details":{"path":"dsn/15/60/001/2.jpg","size":167489}}
{"date":"2026-09-17T15:31:30+05:00","action":"delete","status":"completed","details":{"path":"dsn/15/60/001/thumb/2.jpg","size":4887}}
{"date":"2026-09-17T15:31:31+05:00","action":"delete","status":"completed","details":{"path":"dsn/15/60/002/2.jpg","size":49507}}
{"date":"2026-09-17T15:31:31+05:00","action":"delete","status":"completed","details":{"path":"dsn/15/60/002/thumb/2.jpg","size":8049}}
{"date":"2026-09-17T15:31:31+05:00","action":"delete","status":"completed","details":{"path":"dsn/15/dd/001/thumb/xoverlay___sborka_css3_effektov_pri_navedenii.jpeg","size":25932}}
{"date":"2026-09-17T15:31:31+05:00","action":"delete","status":"completed","details":{"path":"dsn/16/b7/001/7061156.png","size":33039}}
{"date":"2026-09-17T15:31:31+05:00","action":"delete","status":"completed","details":{"path":"dsn/17/90/001/neon_cursors_windows.jpg","size":71598}}
{"date":"2026-09-17T15:33:29+05:00","action":"delete","status":"completed","details":{"path":"dsn/17/90/001/thumb/neon_cursors_windows.jpg","size":4074}}
{"date":"2026-09-17T15:33:29+05:00","action":"delete","status":"completed","details":{"path":"dsn/17/bf/001/340e419e5d8dffa1c9e0b21aee26bd45.jpg","size":82362}}
{"date":"2026-09-17T15:33:30+05:00","action":"delete","status":"completed","details":{"path":"dsn/17/bf/001/thumb/340e419e5d8dffa1c9e0b21aee26bd45.jpg","size":17690}}
{"date":"2026-09-17T15:33:30+05:00","action":"delete","status":"completed","details":{"path":"dsn/17/cd/001/1442563386_1-20.jpg","size":18852}}
{"date":"2026-09-17T15:33:30+05:00","action":"delete","status":"completed","details":{"path":"dsn/18/0a/001/thumb/screenshot_22h_45m_32s.jpg","size":14336}}
{"date":"2026-09-17T15:33:30+05:00","action":"delete","status":"completed","details":{"path":"dsn/18/6b/001/thumb/screen_2013_1_12_20-33-35_9.jpg","size":12506}}
{"date":"2026-09-17T15:33:30+05:00","action":"delete","status":"completed","details":{"path":"dsn/18/6c/001/thumb/screenshot_2.jpg","size":88809}}
{"date":"2026-09-17T15:33:31+05:00","action":"delete","status":"completed","details":{"path":"dsn/18/23/001/thumb/underground_racer_hd_dlya_android.png","size":35686}}
{"date":"2026-09-17T15:33:31+05:00","action":"delete","status":"completed","details":{"path":"dsn/18/23/001/underground_racer_hd_dlya_android.png","size":403231}}
{"date":"2026-09-17T15:33:31+05:00","action":"delete","status":"completed","details":{"path":"dsn/18/a1/001/7061144.png","size":21838}}
{"date":"2026-09-17T15:33:31+05:00","action":"delete","status":"completed","details":{"path":"dsn/18/e2/001/thumb/6.jpg","size":16628}}
{"date":"2026-09-17T15:33:31+05:00","action":"delete","status":"completed","details":{"path":"dsn/19/59/001/maxresdefault1.jpg","size":49581}}
{"date":"2026-09-17T15:33:32+05:00","action":"delete","status":"completed","details":{"path":"dsn/19/60/001/csr_racing_dlya_android.png","size":818424}}
{"date":"2026-09-17T15:33:32+05:00","action":"delete","status":"completed","details":{"path":"dsn/19/60/001/thumb/csr_racing_dlya_android.png","size":50787}}
{"date":"2026-09-17T15:33:32+05:00","action":"delete","status":"completed","details":{"path":"dsn/19/61/001/3022090.png","size":46128}}
{"date":"2026-09-17T15:33:32+05:00","action":"delete","status":"completed","details":{"path":"dsn/19/69/001/thumb/screenshot_16h_56m_03s.jpg","size":32468}}
{"date":"2026-09-17T15:33:32+05:00","action":"delete","status":"completed","details":{"path":"dsn/19/b8/002/thumb/polaroid.jpg","size":20402}}
{"date":"2026-09-17T15:33:33+05:00","action":"delete","status":"completed","details":{"path":"dsn/20/5d/001/screenshot_19.png","size":288538}}
{"date":"2026-09-17T15:33:33+05:00","action":"delete","status":"completed","details":{"path":"dsn/20/5d/001/thumb/screenshot_19.png","size":17031}}
{"date":"2026-09-17T15:33:33+05:00","action":"delete","status":"completed","details":{"path":"dsn/20/41/001/thumb/logo-big.jpg","size":62873}}
{"date":"2026-09-17T15:33:33+05:00","action":"delete","status":"completed","details":{"path":"dsn/20/41/002/thumb/logo-big.jpg","size":62873}}
{"date":"2026-09-17T15:33:33+05:00","action":"delete","status":"completed","details":{"path":"dsn/20/50/001/thumb/flash.png","size":43134}}
{"date":"2026-09-17T15:33:34+05:00","action":"delete","status":"completed","details":{"path":"dsn/20/e9/001/thumb/screenshot_132.png","size":91199}}
{"date":"2026-09-17T15:33:34+05:00","action":"delete","status":"completed","details":{"path":"dsn/21/7b/001/thumb/sneg.png","size":44658}}
{"date":"2026-09-17T15:33:34+05:00","action":"delete","status":"completed","details":{"path":"dsn/21/16/001/thumb/2025-02-10_22-41-57.png","size":6487}}
{"date":"2026-09-17T15:33:35+05:00","action":"delete","status":"completed","details":{"path":"dsn/21/25/001/thumb/grafik1.gif","size":34939}}
{"date":"2026-09-17T15:33:35+05:00","action":"delete","status":"completed","details":{"path":"dsn/21/d3/001/33_1.jpg","size":142617}}
{"date":"2026-09-17T15:33:35+05:00","action":"delete","status":"completed","details":{"path":"dsn/21/d3/001/thumb/33_1.jpg","size":9015}}
{"date":"2026-09-17T15:33:35+05:00","action":"delete","status":"completed","details":{"path":"dsn/21/d5/001/thumb/twig-templating-6-638.jpg","size":45862}}
{"date":"2026-09-17T15:33:35+05:00","action":"delete","status":"completed","details":{"path":"dsn/21/d5/002/thumb/twig-templating-6-638.jpg","size":45862}}
{"date":"2026-09-17T15:33:35+05:00","action":"delete","status":"completed","details":{"path":"dsn/21/ee/001/4k_rain_video_wallpaper2.jpg","size":8035}}
{"date":"2026-09-17T15:33:36+05:00","action":"delete","status":"completed","details":{"path":"dsn/21/ee/001/thumb/4k_rain_video_wallpaper2.jpg","size":5303}}
{"date":"2026-09-17T15:33:36+05:00","action":"delete","status":"completed","details":{"path":"dsn/23/b1/001/thumb/screen_2013_1_17_18-8-54_1.jpg","size":7992}}
{"date":"2026-09-17T15:33:36+05:00","action":"delete","status":"completed","details":{"path":"dsn/23/bb/001/thumb/play22jo.gif","size":3863}}
{"date":"2026-09-17T15:33:36+05:00","action":"delete","status":"completed","details":{"path":"dsn/24/2a/001/thumb/yamaha.png","size":30114}}
{"date":"2026-09-17T15:33:37+05:00","action":"delete","status":"completed","details":{"path":"dsn/24/2a/001/yamaha.png","size":239455}}
{"date":"2026-09-17T15:33:37+05:00","action":"delete","status":"completed","details":{"path":"dsn/24/50/001/thumb/inlinelinkstyles.png","size":50184}}
{"date":"2026-09-17T15:33:37+05:00","action":"delete","status":"completed","details":{"path":"dsn/24/55/001/thumb/knopka1.png","size":27860}}
{"date":"2026-09-17T15:33:37+05:00","action":"delete","status":"completed","details":{"path":"dsn/24/ba/001/apocalipsys-wp-collection.jpg","size":53060}}
{"date":"2026-09-17T15:33:38+05:00","action":"delete","status":"completed","details":{"path":"dsn/24/ba/001/thumb/apocalipsys-wp-collection.jpg","size":4266}}
{"date":"2026-09-17T15:33:38+05:00","action":"delete","status":"completed","details":{"path":"dsn/25/57/001/dq3xz.jpg","size":21116}}
{"date":"2026-09-17T15:33:38+05:00","action":"delete","status":"completed","details":{"path":"dsn/25/57/001/thumb/dq3xz.jpg","size":2140}}
{"date":"2026-09-17T15:33:38+05:00","action":"delete","status":"completed","details":{"path":"dsn/25/99/001/thumb/flash_2.png","size":8773}}
{"date":"2026-09-17T15:33:38+05:00","action":"delete","status":"completed","details":{"path":"dsn/25/c4/001/thumb/tabs_vk.jpg","size":8431}}
{"date":"2026-09-17T15:33:39+05:00","action":"delete","status":"completed","details":{"path":"dsn/25/df/001/thumb/2025-05-07_15-20-25.png","size":42073}}
{"date":"2026-09-17T15:33:39+05:00","action":"delete","status":"completed","details":{"path":"dsn/26/a8/001/3184359.png","size":38889}}
{"date":"2026-09-17T15:33:39+05:00","action":"delete","status":"completed","details":{"path":"dsn/26/aa/001/cubot.jpg","size":25334}}
{"date":"2026-09-17T15:33:39+05:00","action":"delete","status":"completed","details":{"path":"dsn/26/aa/001/thumb/cubot.jpg","size":3590}}
{"date":"2026-09-17T15:33:39+05:00","action":"delete","status":"completed","details":{"path":"dsn/26/c7/001/thumb/screenshot_89.png","size":39668}}
{"date":"2026-09-17T15:33:40+05:00","action":"delete","status":"completed","details":{"path":"dsn/27/1a/002/8033f46045f9.png","size":273260}}
{"date":"2026-09-17T15:33:40+05:00","action":"delete","status":"completed","details":{"path":"dsn/27/1a/002/thumb/8033f46045f9.png","size":29110}}
{"date":"2026-09-17T15:33:40+05:00","action":"delete","status":"completed","details":{"path":"dsn/27/7c/001/thumb/4e00bc6c3a608.png","size":86157}}
{"date":"2026-09-17T15:33:40+05:00","action":"delete","status":"completed","details":{"path":"dsn/27/9d/001/gsxazddmfbpcivna6fapkp7dnugie9uq.jpg","size":98806}}
{"date":"2026-09-17T15:33:40+05:00","action":"delete","status":"completed","details":{"path":"dsn/27/9d/001/thumb/gsxazddmfbpcivna6fapkp7dnugie9uq.jpg","size":4533}}
{"date":"2026-09-17T15:33:41+05:00","action":"delete","status":"completed","details":{"path":"dsn/27/26/001/15nb7wa2h8728x1jg3wtfhoxo.jpg","size":274922}}
{"date":"2026-09-17T15:33:41+05:00","action":"delete","status":"completed","details":{"path":"dsn/27/70/001/screenshot_20.png","size":258625}}
{"date":"2026-09-17T15:33:41+05:00","action":"delete","status":"completed","details":{"path":"dsn/27/70/001/thumb/screenshot_20.png","size":14402}}
{"date":"2026-09-17T15:33:42+05:00","action":"delete","status":"completed","details":{"path":"dsn/27/95/001/s_1397952420-underground-racer-hd-moga-4.jpg","size":18255}}
{"date":"2026-09-17T15:33:42+05:00","action":"delete","status":"completed","details":{"path":"dsn/27/95/001/thumb/s_1397952420-underground-racer-hd-moga-4.jpg","size":3595}}
{"date":"2026-09-17T15:33:42+05:00","action":"delete","status":"completed","details":{"path":"dsn/27/a3/001/thumb/adaptivnye_vkladki_na_jquery___pcvector_net.png","size":64813}}
{"date":"2026-09-17T15:33:42+05:00","action":"delete","status":"completed","details":{"path":"dsn/27/c6/001/sozdat.jpg","size":27760}}
{"date":"2026-09-17T15:33:42+05:00","action":"delete","status":"completed","details":{"path":"dsn/27/c6/001/thumb/sozdat.jpg","size":7491}}
{"date":"2026-09-17T15:33:43+05:00","action":"delete","status":"completed","details":{"path":"dsn/28/a6/001/thumb/404.jpg","size":10659}}
{"date":"2026-09-17T15:33:43+05:00","action":"delete","status":"completed","details":{"path":"dsn/29/00/001/thumb/demo_shablonov_dlya_next_generation_cms_-_glavnaya_stranica.png","size":41034}}
{"date":"2026-09-17T15:33:43+05:00","action":"delete","status":"completed","details":{"path":"dsn/29/4f/001/thumb/images_5.jpg","size":13477}}
{"date":"2026-09-17T15:33:43+05:00","action":"delete","status":"completed","details":{"path":"dsn/29/52/001/thumb/unnamed13.jpg","size":4487}}
{"date":"2026-09-17T15:33:43+05:00","action":"delete","status":"completed","details":{"path":"dsn/29/52/001/unnamed13.jpg","size":52742}}
{"date":"2026-09-17T15:33:43+05:00","action":"delete","status":"completed","details":{"path":"dsn/29/b3/001/ewv_3kpqzcm.jpg","size":46043}}
{"date":"2026-09-17T15:33:44+05:00","action":"delete","status":"completed","details":{"path":"dsn/29/b3/001/thumb/ewv_3kpqzcm.jpg","size":2473}}
{"date":"2026-09-17T15:33:44+05:00","action":"delete","status":"completed","details":{"path":"dsn/30/2b/001/f5543e64b601d1e651598e89cd14b01e.png","size":351351}}
{"date":"2026-09-17T15:33:44+05:00","action":"delete","status":"completed","details":{"path":"dsn/30/2b/001/thumb/f5543e64b601d1e651598e89cd14b01e.png","size":18398}}
{"date":"2026-09-17T15:33:44+05:00","action":"delete","status":"completed","details":{"path":"dsn/30/7f/001/thumb/hover_css___a_collection_of_css3_powered_hover_effects.jpeg","size":26436}}
{"date":"2026-09-17T15:33:44+05:00","action":"delete","status":"completed","details":{"path":"dsn/30/37/001/moto.jpg","size":25985}}
{"date":"2026-09-17T15:33:45+05:00","action":"delete","status":"completed","details":{"path":"dsn/30/cb/001/thumb/zdes_zhivut_multfilmy__-_mllife_org_-_smotret_multfilmy_onlain_-_glavnaya_stranica.png","size":124261}}
{"date":"2026-09-17T15:33:45+05:00","action":"delete","status":"completed","details":{"path":"dsn/30/cb/001/zdes_zhivut_multfilmy__-_mllife_org_-_smotret_multfilmy_onlain_-_glavnaya_stranica.png","size":807307}}
{"date":"2026-09-17T15:33:45+05:00","action":"delete","status":"completed","details":{"path":"dsn/30/f1/001/thumb/dialog.gif","size":12581}}
{"date":"2026-09-17T15:33:45+05:00","action":"delete","status":"completed","details":{"path":"dsn/31/6b/001/3184361.png","size":36589}}
{"date":"2026-09-17T15:33:45+05:00","action":"delete","status":"completed","details":{"path":"dsn/32/7c/001/thumb/zmeika.jpg","size":5794}}
{"date":"2026-09-17T15:33:45+05:00","action":"delete","status":"completed","details":{"path":"dsn/32/7c/001/zmeika.jpg","size":30888}}
{"date":"2026-09-17T15:33:46+05:00","action":"delete","status":"completed","details":{"path":"dsn/32/63/001/blackberry-venice-conexion-usb-650x349.jpg","size":42846}}
{"date":"2026-09-17T15:33:46+05:00","action":"delete","status":"completed","details":{"path":"dsn/32/63/001/thumb/blackberry-venice-conexion-usb-650x349.jpg","size":3371}}
{"date":"2026-09-17T15:33:46+05:00","action":"delete","status":"completed","details":{"path":"dsn/33/4f/001/b6ea8e9fab835bf21608583c34b.jpg","size":34372}}
{"date":"2026-09-17T15:33:46+05:00","action":"delete","status":"completed","details":{"path":"dsn/33/9b/001/thumb/tviter.jpg","size":3501}}
{"date":"2026-09-17T15:33:46+05:00","action":"delete","status":"completed","details":{"path":"dsn/33/9b/001/tviter.jpg","size":6810}}
{"date":"2026-09-17T15:33:46+05:00","action":"delete","status":"completed","details":{"path":"dsn/33/bb/001/ifon.jpeg","size":60747}}
{"date":"2026-09-17T15:33:47+05:00","action":"delete","status":"completed","details":{"path":"dsn/33/bb/001/thumb/ifon.jpeg","size":4828}}
{"date":"2026-09-17T15:33:47+05:00","action":"delete","status":"completed","details":{"path":"dsn/33/cb/001/thumb/1344847975_adaptivnyy-dizayn.png","size":18213}}
{"date":"2026-09-17T15:33:47+05:00","action":"delete","status":"completed","details":{"path":"dsn/33/d4/001/thumb/a510c4ca52c937f460a763fefeec2dac.png","size":122802}}
{"date":"2026-09-17T15:33:47+05:00","action":"delete","status":"completed","details":{"path":"dsn/34/29/001/s_unnamed1_1.jpg","size":21217}}
{"date":"2026-09-17T15:33:47+05:00","action":"delete","status":"completed","details":{"path":"dsn/34/29/001/thumb/s_unnamed1_1.jpg","size":4228}}
{"date":"2026-09-17T15:33:48+05:00","action":"delete","status":"completed","details":{"path":"dsn/34/29/002/s_unnamed1_1.jpg","size":25809}}
{"date":"2026-09-17T15:33:48+05:00","action":"delete","status":"completed","details":{"path":"dsn/34/29/002/thumb/s_unnamed1_1.jpg","size":4383}}
{"date":"2026-09-17T15:33:48+05:00","action":"delete","status":"completed","details":{"path":"dsn/34/29/003/s_unnamed1_1.jpg","size":23979}}
{"date":"2026-09-17T15:33:48+05:00","action":"delete","status":"completed","details":{"path":"dsn/34/29/003/thumb/s_unnamed1_1.jpg","size":4199}}
{"date":"2026-09-17T15:33:49+05:00","action":"delete","status":"completed","details":{"path":"dsn/34/63/001/hts1.jpg","size":30800}}
{"date":"2026-09-17T15:33:49+05:00","action":"delete","status":"completed","details":{"path":"dsn/34/63/001/thumb/hts1.jpg","size":7611}}
{"date":"2026-09-17T15:33:49+05:00","action":"delete","status":"completed","details":{"path":"dsn/34/75/001/skachannye_faily_2.jpg","size":7130}}
{"date":"2026-09-17T15:33:49+05:00","action":"delete","status":"completed","details":{"path":"dsn/34/75/001/thumb/skachannye_faily_2.jpg","size":9390}}
{"date":"2026-09-17T15:33:49+05:00","action":"delete","status":"completed","details":{"path":"dsn/34/c8/001/fs3.jpg","size":25480}}
{"date":"2026-09-17T15:33:49+05:00","action":"delete","status":"completed","details":{"path":"dsn/34/c8/001/thumb/fs3.jpg","size":5438}}
{"date":"2026-09-17T15:33:50+05:00","action":"delete","status":"completed","details":{"path":"dsn/34/e5/001/thumb/images_2.jpg","size":8106}}
{"date":"2026-09-17T15:33:50+05:00","action":"delete","status":"completed","details":{"path":"dsn/34/e5/002/thumb/images_2.jpg","size":3653}}
{"date":"2026-09-17T15:33:50+05:00","action":"delete","status":"completed","details":{"path":"dsn/34/e5/003/thumb/images_2.jpg","size":4997}}
{"date":"2026-09-17T15:33:50+05:00","action":"delete","status":"completed","details":{"path":"dsn/35/0a/001/ngcms_-_next_generation_cms_-_glavnaya_stranica.png","size":383459}}
{"date":"2026-09-17T15:33:50+05:00","action":"delete","status":"completed","details":{"path":"dsn/35/0a/001/thumb/ngcms_-_next_generation_cms_-_glavnaya_stranica.png","size":83068}}
{"date":"2026-09-17T15:33:51+05:00","action":"delete","status":"completed","details":{"path":"dsn/36/7f/001/thumb/2017-01-27_15-03-48.png","size":120045}}
{"date":"2026-09-17T15:33:51+05:00","action":"delete","status":"completed","details":{"path":"dsn/36/37/001/ifon.jpg","size":35726}}
{"date":"2026-09-17T15:33:51+05:00","action":"delete","status":"completed","details":{"path":"dsn/36/37/001/thumb/ifon.jpg","size":4479}}
{"date":"2026-09-17T15:33:51+05:00","action":"delete","status":"completed","details":{"path":"dsn/36/41/001/screenshot_2.png","size":314036}}
{"date":"2026-09-17T15:33:51+05:00","action":"delete","status":"completed","details":{"path":"dsn/36/41/001/thumb/screenshot_2.png","size":18130}}
{"date":"2026-09-17T15:33:51+05:00","action":"delete","status":"completed","details":{"path":"dsn/36/41/002/screenshot_2.png","size":884576}}
{"date":"2026-09-17T15:33:52+05:00","action":"delete","status":"completed","details":{"path":"dsn/36/41/002/thumb/screenshot_2.png","size":46507}}
{"date":"2026-09-17T15:33:52+05:00","action":"delete","status":"completed","details":{"path":"dsn/36/61/001/8755823.png","size":34152}}
{"date":"2026-09-17T15:33:52+05:00","action":"delete","status":"completed","details":{"path":"dsn/36/66/001/thumb/tab.gif","size":11989}}
{"date":"2026-09-17T15:33:52+05:00","action":"delete","status":"completed","details":{"path":"dsn/36/66/002/thumb/tab.gif","size":23205}}
{"date":"2026-09-17T15:33:52+05:00","action":"delete","status":"completed","details":{"path":"dsn/36/a1/001/thumb/233312312412.gif","size":2468}}
{"date":"2026-09-17T15:33:53+05:00","action":"delete","status":"completed","details":{"path":"dsn/36/ce/001/thumb/tbank2.png","size":27370}}
{"date":"2026-09-17T15:33:53+05:00","action":"delete","status":"completed","details":{"path":"dsn/36/f5/001/screenshot_13.png","size":211225}}
{"date":"2026-09-17T15:33:53+05:00","action":"delete","status":"completed","details":{"path":"dsn/36/f5/001/thumb/screenshot_13.png","size":24303}}
{"date":"2026-09-17T15:33:53+05:00","action":"delete","status":"completed","details":{"path":"dsn/36/f5/002/screenshot_13.png","size":609124}}
{"date":"2026-09-17T15:33:53+05:00","action":"delete","status":"completed","details":{"path":"dsn/36/f5/002/thumb/screenshot_13.png","size":57925}}
{"date":"2026-09-17T15:33:53+05:00","action":"delete","status":"completed","details":{"path":"dsn/37/79/001/fe9158081bd60a23623ac15b986749d6.jpeg","size":91136}}
{"date":"2026-09-17T15:33:54+05:00","action":"delete","status":"completed","details":{"path":"dsn/37/79/001/thumb/fe9158081bd60a23623ac15b986749d6.jpeg","size":28430}}
{"date":"2026-09-17T15:33:54+05:00","action":"delete","status":"completed","details":{"path":"dsn/37/b3/001/1367915914_2.png","size":38470}}
{"date":"2026-09-17T15:33:54+05:00","action":"delete","status":"completed","details":{"path":"dsn/37/b3/001/thumb/1367915914_2.png","size":12791}}
{"date":"2026-09-17T15:33:54+05:00","action":"delete","status":"completed","details":{"path":"dsn/37/f9/001/l_e_d_cursors_by_mr_blade-d52xmke.jpg","size":107771}}
{"date":"2026-09-17T15:33:54+05:00","action":"delete","status":"completed","details":{"path":"dsn/37/f9/001/thumb/l_e_d_cursors_by_mr_blade-d52xmke.jpg","size":31472}}
{"date":"2026-09-17T15:33:55+05:00","action":"delete","status":"completed","details":{"path":"dsn/38/2c/001/thumb/next_generation_cms____forum_podderzhki___vypadayuszee_menyu_pryachetsya_za_youtube_video___o_o.png","size":46432}}
{"date":"2026-09-17T15:33:55+05:00","action":"delete","status":"completed","details":{"path":"dsn/38/d1/001/11_1.jpg","size":57455}}
{"date":"2026-09-17T15:33:55+05:00","action":"delete","status":"completed","details":{"path":"dsn/38/d1/001/thumb/11_1.jpg","size":4087}}
{"date":"2026-09-17T15:33:55+05:00","action":"delete","status":"completed","details":{"path":"dsn/39/0b/001/lake_weatherhd___ozero_pogoda_hd_dlya_android2.jpeg","size":21703}}
{"date":"2026-09-17T15:33:55+05:00","action":"delete","status":"completed","details":{"path":"dsn/39/0b/001/thumb/lake_weatherhd___ozero_pogoda_hd_dlya_android2.jpeg","size":2088}}
{"date":"2026-09-17T15:33:55+05:00","action":"delete","status":"completed","details":{"path":"dsn/39/05/001/thumb/poisk.gif","size":22511}}
{"date":"2026-09-17T15:33:56+05:00","action":"delete","status":"completed","details":{"path":"dsn/39/05/002/thumb/poisk.gif","size":9857}}
{"date":"2026-09-17T15:33:56+05:00","action":"delete","status":"completed","details":{"path":"dsn/39/38/001/thumb/header.gif","size":55855}}
{"date":"2026-09-17T15:33:56+05:00","action":"delete","status":"completed","details":{"path":"dsn/39/40/002/scroll_yadro.jpg","size":27709}}
{"date":"2026-09-17T15:33:56+05:00","action":"delete","status":"completed","details":{"path":"dsn/39/40/002/thumb/scroll_yadro.jpg","size":7836}}
{"date":"2026-09-17T15:33:56+05:00","action":"delete","status":"completed","details":{"path":"dsn/39/bb/001/thumb/ads1.jpg","size":16054}}
{"date":"2026-09-17T15:33:56+05:00","action":"delete","status":"completed","details":{"path":"dsn/39/f4/001/thumb/button1.gif","size":27563}}
{"date":"2026-09-17T15:33:57+05:00","action":"delete","status":"completed","details":{"path":"dsn/40/92/001/thumb/ps6-overview_1.png","size":48733}}
{"date":"2026-09-17T15:33:57+05:00","action":"delete","status":"completed","details":{"path":"dsn/40/a4/001/9f9b1171594d141afae94d11626b6d83.jpg","size":175094}}
{"date":"2026-09-17T15:33:57+05:00","action":"delete","status":"completed","details":{"path":"dsn/40/a4/001/thumb/9f9b1171594d141afae94d11626b6d83.jpg","size":7455}}
{"date":"2026-09-17T15:33:57+05:00","action":"delete","status":"completed","details":{"path":"dsn/41/80/001/hardwood_backgammon_dlya_android2.png","size":149658}}
{"date":"2026-09-17T15:33:57+05:00","action":"delete","status":"completed","details":{"path":"dsn/41/80/001/thumb/hardwood_backgammon_dlya_android2.png","size":32936}}
{"date":"2026-09-17T15:33:57+05:00","action":"delete","status":"completed","details":{"path":"dsn/41/b5/001/thumb/images.png","size":18353}}
{"date":"2026-09-17T15:33:58+05:00","action":"delete","status":"completed","details":{"path":"dsn/41/c5/001/thumb/denwer.png","size":3985}}
{"date":"2026-09-17T15:33:58+05:00","action":"delete","status":"completed","details":{"path":"dsn/42/2b/001/thumb/screenshot_32.png","size":118477}}
{"date":"2026-09-17T15:33:58+05:00","action":"delete","status":"completed","details":{"path":"dsn/42/7a/001/thumb/mikrorazmetka-open-graph-2.jpg","size":37297}}
{"date":"2026-09-17T15:33:58+05:00","action":"delete","status":"completed","details":{"path":"dsn/42/c0/001/texture-wallpapers.jpg","size":127353}}
{"date":"2026-09-17T15:33:58+05:00","action":"delete","status":"completed","details":{"path":"dsn/42/c0/001/thumb/texture-wallpapers.jpg","size":3886}}
{"date":"2026-09-17T15:33:59+05:00","action":"delete","status":"completed","details":{"path":"dsn/43/d2/001/otkrytie-papki-komandoj-appdata.jpg","size":19906}}
{"date":"2026-09-17T15:33:59+05:00","action":"delete","status":"completed","details":{"path":"dsn/43/d2/001/thumb/otkrytie-papki-komandoj-appdata.jpg","size":7519}}
{"date":"2026-09-17T15:33:59+05:00","action":"delete","status":"completed","details":{"path":"dsn/43/f3/001/thumb/skript.jpg","size":24774}}
{"date":"2026-09-17T15:33:59+05:00","action":"delete","status":"completed","details":{"path":"dsn/44/ba/001/thumb/zagruzhennoe.jpg","size":12690}}
{"date":"2026-09-17T15:33:59+05:00","action":"delete","status":"completed","details":{"path":"dsn/44/ba/002/thumb/zagruzhennoe.jpg","size":13432}}
{"date":"2026-09-17T15:33:59+05:00","action":"delete","status":"completed","details":{"path":"dsn/44/ba/003/thumb/zagruzhennoe.jpg","size":8127}}
{"date":"2026-09-17T15:34:00+05:00","action":"delete","status":"completed","details":{"path":"dsn/44/ba/004/thumb/zagruzhennoe.jpg","size":9204}}
{"date":"2026-09-17T15:34:00+05:00","action":"delete","status":"completed","details":{"path":"dsn/44/ba/005/thumb/zagruzhennoe.jpg","size":6966}}
{"date":"2026-09-17T15:34:00+05:00","action":"delete","status":"completed","details":{"path":"dsn/44/ba/006/thumb/zagruzhennoe.jpg","size":6278}}
{"date":"2026-09-17T15:34:00+05:00","action":"delete","status":"completed","details":{"path":"dsn/44/ba/007/thumb/zagruzhennoe.jpg","size":6588}}
{"date":"2026-09-17T15:34:00+05:00","action":"delete","status":"completed","details":{"path":"dsn/44/ba/008/thumb/zagruzhennoe.jpg","size":7849}}
{"date":"2026-09-17T15:34:01+05:00","action":"delete","status":"completed","details":{"path":"dsn/44/ba/009/thumb/zagruzhennoe.jpg","size":6354}}
{"date":"2026-09-17T15:34:01+05:00","action":"delete","status":"completed","details":{"path":"dsn/44/d1/001/taiti-wallpapers.jpg","size":60939}}
{"date":"2026-09-17T15:34:01+05:00","action":"delete","status":"completed","details":{"path":"dsn/44/d1/001/thumb/taiti-wallpapers.jpg","size":4395}}
{"date":"2026-09-17T15:34:01+05:00","action":"delete","status":"completed","details":{"path":"dsn/44/dc/001/thumb/copyright.jpg","size":39336}}
{"date":"2026-09-17T15:34:01+05:00","action":"delete","status":"completed","details":{"path":"dsn/44/f7/001/thumb/1371584973_1346900835_file.png","size":47083}}
{"date":"2026-09-17T15:34:01+05:00","action":"delete","status":"completed","details":{"path":"dsn/44/f7/002/thumb/1371584973_1346900835_file.png","size":18523}}
{"date":"2026-09-17T15:34:02+05:00","action":"delete","status":"completed","details":{"path":"dsn/45/9c/001/thumb/underground_racer_hd_dlya_android2.png","size":35622}}
{"date":"2026-09-17T15:34:02+05:00","action":"delete","status":"completed","details":{"path":"dsn/45/9c/001/underground_racer_hd_dlya_android2.png","size":391755}}
{"date":"2026-09-17T15:34:02+05:00","action":"delete","status":"completed","details":{"path":"dsn/45/39/001/thumb/demonstracionnaya_installyaciya_next_generation_cms_-_glavnaya_stranica.png","size":51712}}
{"date":"2026-09-17T15:34:02+05:00","action":"delete","status":"completed","details":{"path":"dsn/45/b5/001/2_2.png","size":277776}}
{"date":"2026-09-17T15:34:02+05:00","action":"delete","status":"completed","details":{"path":"dsn/45/b5/001/thumb/2_2.png","size":13444}}
{"date":"2026-09-17T15:34:02+05:00","action":"delete","status":"completed","details":{"path":"dsn/45/e3/001/thumb/screenshot_48.png","size":36777}}
{"date":"2026-09-17T15:34:03+05:00","action":"delete","status":"completed","details":{"path":"dsn/46/47/001/sbros.png","size":217752}}
{"date":"2026-09-17T15:34:03+05:00","action":"delete","status":"completed","details":{"path":"dsn/46/47/001/thumb/sbros.png","size":19406}}
{"date":"2026-09-17T15:34:03+05:00","action":"delete","status":"completed","details":{"path":"dsn/47/3e/001/thumb/screenshot_151.png","size":69407}}
{"date":"2026-09-17T15:34:03+05:00","action":"delete","status":"completed","details":{"path":"dsn/47/8a/001/1366127309_poster.jpg","size":45832}}
{"date":"2026-09-17T15:34:03+05:00","action":"delete","status":"completed","details":{"path":"dsn/47/8a/001/thumb/1366127309_poster.jpg","size":28098}}
{"date":"2026-09-17T15:34:03+05:00","action":"delete","status":"completed","details":{"path":"dsn/47/36/001/thumb/0_4b60d_8fec6902_orig.jpg","size":37225}}
{"date":"2026-09-17T15:34:04+05:00","action":"delete","status":"completed","details":{"path":"dsn/47/36/002/thumb/0_4b60d_8fec6902_orig.jpg","size":37225}}
{"date":"2026-09-17T15:34:04+05:00","action":"delete","status":"completed","details":{"path":"dsn/48/73/002/thumb/1355130962_bez-imeni-1.png","size":29449}}
{"date":"2026-09-17T15:34:04+05:00","action":"delete","status":"completed","details":{"path":"dsn/48/ae/001/stroitelstvo_remont_i_dizain__stati__foto.png","size":368859}}
{"date":"2026-09-17T15:34:04+05:00","action":"delete","status":"completed","details":{"path":"dsn/48/ae/001/thumb/stroitelstvo_remont_i_dizain__stati__foto.png","size":80492}}
{"date":"2026-09-17T15:34:04+05:00","action":"delete","status":"completed","details":{"path":"dsn/48/d5/001/thumb/screenshot_18.jpg","size":43530}}
{"date":"2026-09-17T15:34:05+05:00","action":"delete","status":"completed","details":{"path":"dsn/49/3a/001/thumb/opera_snimok_2020-05-21_154507_ngcmshak_ru.png","size":76235}}
{"date":"2026-09-17T15:34:05+05:00","action":"delete","status":"completed","details":{"path":"dsn/49/36/001/thumb/screenshot_10h_54m_36s.jpg","size":27021}}
{"date":"2026-09-17T15:34:05+05:00","action":"delete","status":"completed","details":{"path":"dsn/49/c7/001/0aea7b70b5.jpg","size":47537}}
{"date":"2026-09-17T15:34:05+05:00","action":"delete","status":"completed","details":{"path":"dsn/49/c7/001/thumb/0aea7b70b5.jpg","size":5126}}
{"date":"2026-09-17T15:34:05+05:00","action":"delete","status":"completed","details":{"path":"dsn/49/e4/001/madzhong_pasyans_dlya_android1.png","size":223684}}
{"date":"2026-09-17T15:34:05+05:00","action":"delete","status":"completed","details":{"path":"dsn/49/e4/001/thumb/madzhong_pasyans_dlya_android1.png","size":46614}}
{"date":"2026-09-17T15:34:06+05:00","action":"delete","status":"completed","details":{"path":"dsn/50/4c/001/thumb/na_raione___glavnaya_stranica2.jpeg","size":26630}}
{"date":"2026-09-17T15:34:06+05:00","action":"delete","status":"completed","details":{"path":"dsn/50/18/001/thumb/paintnet_l.jpg","size":17061}}
{"date":"2026-09-17T15:34:06+05:00","action":"delete","status":"completed","details":{"path":"dsn/50/54/001/thumb/besplatnye_shablony_ng_cms_-_blog_dizain_iskusstvo_-_shablon_atom1.png","size":36537}}
{"date":"2026-09-17T15:34:06+05:00","action":"delete","status":"completed","details":{"path":"dsn/50/68/001/thumb/1512828804_h1-tags.jpg","size":36466}}
{"date":"2026-09-17T15:34:06+05:00","action":"delete","status":"completed","details":{"path":"dsn/50/bd/001/thumb/5fca85b6-a6b3-4ba2-a881-5eb1aaa9ddb7.png","size":122779}}
{"date":"2026-09-17T15:34:06+05:00","action":"delete","status":"completed","details":{"path":"dsn/50/ef/001/thumb/unnamedcaevva4s.png","size":49384}}
{"date":"2026-09-17T15:34:07+05:00","action":"delete","status":"completed","details":{"path":"dsn/50/fb/001/displayfusion_5_1_1_beta_71.png","size":73324}}
{"date":"2026-09-17T15:34:07+05:00","action":"delete","status":"completed","details":{"path":"dsn/50/fb/001/thumb/displayfusion_5_1_1_beta_71.png","size":8105}}
{"date":"2026-09-17T15:34:07+05:00","action":"delete","status":"completed","details":{"path":"dsn/51/03/001/thumb/ell.gif","size":21568}}
{"date":"2026-09-17T15:34:07+05:00","action":"delete","status":"completed","details":{"path":"dsn/51/4b/001/frama1.jpg","size":8220}}
{"date":"2026-09-17T15:34:18+05:00","action":"scan_step","status":"progress","details":{"processed":500,"total":10229}}
{"date":"2026-09-17T15:36:38+05:00","action":"delete","status":"missing","details":{"path":"dsn/17/90/001/thumb/neon_cursors_windows.jpg"}}
{"date":"2026-09-17T15:36:38+05:00","action":"delete","status":"missing","details":{"path":"dsn/17/bf/001/340e419e5d8dffa1c9e0b21aee26bd45.jpg"}}
{"date":"2026-09-17T15:36:38+05:00","action":"delete","status":"missing","details":{"path":"dsn/17/bf/001/thumb/340e419e5d8dffa1c9e0b21aee26bd45.jpg"}}
{"date":"2026-09-17T15:36:38+05:00","action":"delete","status":"missing","details":{"path":"dsn/17/cd/001/1442563386_1-20.jpg"}}
{"date":"2026-09-17T15:36:38+05:00","action":"delete","status":"missing","details":{"path":"dsn/18/0a/001/thumb/screenshot_22h_45m_32s.jpg"}}
{"date":"2026-09-17T15:36:38+05:00","action":"delete","status":"missing","details":{"path":"dsn/18/6b/001/thumb/screen_2013_1_12_20-33-35_9.jpg"}}
{"date":"2026-09-17T15:36:38+05:00","action":"delete","status":"missing","details":{"path":"dsn/18/6c/001/thumb/screenshot_2.jpg"}}
{"date":"2026-09-17T15:36:39+05:00","action":"delete","status":"missing","details":{"path":"dsn/18/23/001/thumb/underground_racer_hd_dlya_android.png"}}
{"date":"2026-09-17T15:36:39+05:00","action":"delete","status":"missing","details":{"path":"dsn/18/23/001/underground_racer_hd_dlya_android.png"}}
{"date":"2026-09-17T15:36:39+05:00","action":"delete","status":"missing","details":{"path":"dsn/18/a1/001/7061144.png"}}
{"date":"2026-09-17T15:36:39+05:00","action":"delete","status":"missing","details":{"path":"dsn/18/e2/001/thumb/6.jpg"}}
{"date":"2026-09-17T15:36:39+05:00","action":"delete","status":"missing","details":{"path":"dsn/19/59/001/maxresdefault1.jpg"}}
{"date":"2026-09-17T15:36:39+05:00","action":"delete","status":"missing","details":{"path":"dsn/19/60/001/csr_racing_dlya_android.png"}}
{"date":"2026-09-17T15:36:39+05:00","action":"delete","status":"missing","details":{"path":"dsn/19/60/001/thumb/csr_racing_dlya_android.png"}}
{"date":"2026-09-17T15:36:39+05:00","action":"delete","status":"missing","details":{"path":"dsn/19/61/001/3022090.png"}}
{"date":"2026-09-17T15:36:39+05:00","action":"delete","status":"missing","details":{"path":"dsn/19/69/001/thumb/screenshot_16h_56m_03s.jpg"}}
{"date":"2026-09-17T15:36:39+05:00","action":"delete","status":"missing","details":{"path":"dsn/19/b8/002/thumb/polaroid.jpg"}}
{"date":"2026-09-17T15:36:40+05:00","action":"delete","status":"missing","details":{"path":"dsn/20/5d/001/screenshot_19.png"}}
{"date":"2026-09-17T15:36:40+05:00","action":"delete","status":"missing","details":{"path":"dsn/20/5d/001/thumb/screenshot_19.png"}}
{"date":"2026-09-17T15:36:40+05:00","action":"delete","status":"missing","details":{"path":"dsn/20/41/001/thumb/logo-big.jpg"}}
{"date":"2026-09-17T15:36:40+05:00","action":"delete","status":"missing","details":{"path":"dsn/20/41/002/thumb/logo-big.jpg"}}
{"date":"2026-09-17T15:36:40+05:00","action":"delete","status":"missing","details":{"path":"dsn/20/50/001/thumb/flash.png"}}
{"date":"2026-09-17T15:36:40+05:00","action":"delete","status":"missing","details":{"path":"dsn/20/e9/001/thumb/screenshot_132.png"}}
{"date":"2026-09-17T15:36:40+05:00","action":"delete","status":"missing","details":{"path":"dsn/21/7b/001/thumb/sneg.png"}}
{"date":"2026-09-17T15:36:40+05:00","action":"delete","status":"missing","details":{"path":"dsn/21/16/001/thumb/2025-02-10_22-41-57.png"}}
{"date":"2026-09-17T15:36:40+05:00","action":"delete","status":"missing","details":{"path":"dsn/21/25/001/thumb/grafik1.gif"}}
{"date":"2026-09-17T15:36:40+05:00","action":"delete","status":"missing","details":{"path":"dsn/21/d3/001/33_1.jpg"}}
{"date":"2026-09-17T15:36:41+05:00","action":"delete","status":"missing","details":{"path":"dsn/21/d3/001/thumb/33_1.jpg"}}
{"date":"2026-09-17T15:36:41+05:00","action":"delete","status":"missing","details":{"path":"dsn/21/d5/001/thumb/twig-templating-6-638.jpg"}}
{"date":"2026-09-17T15:36:41+05:00","action":"delete","status":"missing","details":{"path":"dsn/21/d5/002/thumb/twig-templating-6-638.jpg"}}
{"date":"2026-09-17T15:36:41+05:00","action":"delete","status":"missing","details":{"path":"dsn/21/ee/001/4k_rain_video_wallpaper2.jpg"}}
{"date":"2026-09-17T15:36:41+05:00","action":"delete","status":"missing","details":{"path":"dsn/21/ee/001/thumb/4k_rain_video_wallpaper2.jpg"}}
{"date":"2026-09-17T15:36:41+05:00","action":"delete","status":"missing","details":{"path":"dsn/23/b1/001/thumb/screen_2013_1_17_18-8-54_1.jpg"}}
{"date":"2026-09-17T15:36:41+05:00","action":"delete","status":"missing","details":{"path":"dsn/23/bb/001/thumb/play22jo.gif"}}
{"date":"2026-09-17T15:36:41+05:00","action":"delete","status":"missing","details":{"path":"dsn/24/2a/001/thumb/yamaha.png"}}
{"date":"2026-09-17T15:36:41+05:00","action":"delete","status":"missing","details":{"path":"dsn/24/2a/001/yamaha.png"}}
{"date":"2026-09-17T15:36:41+05:00","action":"delete","status":"missing","details":{"path":"dsn/24/50/001/thumb/inlinelinkstyles.png"}}
{"date":"2026-09-17T15:36:42+05:00","action":"delete","status":"missing","details":{"path":"dsn/24/55/001/thumb/knopka1.png"}}
{"date":"2026-09-17T15:36:42+05:00","action":"delete","status":"missing","details":{"path":"dsn/24/ba/001/apocalipsys-wp-collection.jpg"}}
{"date":"2026-09-17T15:36:42+05:00","action":"delete","status":"missing","details":{"path":"dsn/24/ba/001/thumb/apocalipsys-wp-collection.jpg"}}
{"date":"2026-09-17T15:36:42+05:00","action":"delete","status":"missing","details":{"path":"dsn/25/57/001/dq3xz.jpg"}}
{"date":"2026-09-17T15:36:42+05:00","action":"delete","status":"missing","details":{"path":"dsn/25/57/001/thumb/dq3xz.jpg"}}
{"date":"2026-09-17T15:36:42+05:00","action":"delete","status":"missing","details":{"path":"dsn/25/99/001/thumb/flash_2.png"}}
{"date":"2026-09-17T15:36:42+05:00","action":"delete","status":"missing","details":{"path":"dsn/25/c4/001/thumb/tabs_vk.jpg"}}
{"date":"2026-09-17T15:36:42+05:00","action":"delete","status":"missing","details":{"path":"dsn/25/df/001/thumb/2025-05-07_15-20-25.png"}}
{"date":"2026-09-17T15:36:42+05:00","action":"delete","status":"missing","details":{"path":"dsn/26/a8/001/3184359.png"}}
{"date":"2026-09-17T15:36:42+05:00","action":"delete","status":"missing","details":{"path":"dsn/26/aa/001/cubot.jpg"}}
{"date":"2026-09-17T15:36:43+05:00","action":"delete","status":"missing","details":{"path":"dsn/26/aa/001/thumb/cubot.jpg"}}
{"date":"2026-09-17T15:36:43+05:00","action":"delete","status":"missing","details":{"path":"dsn/26/c7/001/thumb/screenshot_89.png"}}
{"date":"2026-09-17T15:36:43+05:00","action":"delete","status":"missing","details":{"path":"dsn/27/1a/002/8033f46045f9.png"}}
{"date":"2026-09-17T15:36:43+05:00","action":"delete","status":"missing","details":{"path":"dsn/27/1a/002/thumb/8033f46045f9.png"}}
{"date":"2026-09-17T15:36:43+05:00","action":"delete","status":"missing","details":{"path":"dsn/27/7c/001/thumb/4e00bc6c3a608.png"}}
{"date":"2026-09-17T15:36:43+05:00","action":"delete","status":"missing","details":{"path":"dsn/27/9d/001/gsxazddmfbpcivna6fapkp7dnugie9uq.jpg"}}
{"date":"2026-09-17T15:36:43+05:00","action":"delete","status":"missing","details":{"path":"dsn/27/9d/001/thumb/gsxazddmfbpcivna6fapkp7dnugie9uq.jpg"}}
{"date":"2026-09-17T15:36:43+05:00","action":"delete","status":"missing","details":{"path":"dsn/27/26/001/15nb7wa2h8728x1jg3wtfhoxo.jpg"}}
{"date":"2026-09-17T15:36:44+05:00","action":"delete","status":"missing","details":{"path":"dsn/27/70/001/screenshot_20.png"}}
{"date":"2026-09-17T15:36:44+05:00","action":"delete","status":"missing","details":{"path":"dsn/27/70/001/thumb/screenshot_20.png"}}
{"date":"2026-09-17T15:36:44+05:00","action":"delete","status":"missing","details":{"path":"dsn/27/95/001/s_1397952420-underground-racer-hd-moga-4.jpg"}}
{"date":"2026-09-17T15:36:44+05:00","action":"delete","status":"missing","details":{"path":"dsn/27/95/001/thumb/s_1397952420-underground-racer-hd-moga-4.jpg"}}
{"date":"2026-09-17T15:36:44+05:00","action":"delete","status":"missing","details":{"path":"dsn/27/a3/001/thumb/adaptivnye_vkladki_na_jquery___pcvector_net.png"}}
{"date":"2026-09-17T15:36:44+05:00","action":"delete","status":"missing","details":{"path":"dsn/27/c6/001/sozdat.jpg"}}
{"date":"2026-09-17T15:36:44+05:00","action":"delete","status":"missing","details":{"path":"dsn/27/c6/001/thumb/sozdat.jpg"}}
{"date":"2026-09-17T15:36:44+05:00","action":"delete","status":"missing","details":{"path":"dsn/28/a6/001/thumb/404.jpg"}}
{"date":"2026-09-17T15:36:44+05:00","action":"delete","status":"missing","details":{"path":"dsn/29/00/001/thumb/demo_shablonov_dlya_next_generation_cms_-_glavnaya_stranica.png"}}
{"date":"2026-09-17T15:36:44+05:00","action":"delete","status":"missing","details":{"path":"dsn/29/4f/001/thumb/images_5.jpg"}}
{"date":"2026-09-17T15:36:45+05:00","action":"delete","status":"missing","details":{"path":"dsn/29/52/001/thumb/unnamed13.jpg"}}
{"date":"2026-09-17T15:36:45+05:00","action":"delete","status":"missing","details":{"path":"dsn/29/52/001/unnamed13.jpg"}}
{"date":"2026-09-17T15:36:45+05:00","action":"delete","status":"missing","details":{"path":"dsn/29/b3/001/ewv_3kpqzcm.jpg"}}
{"date":"2026-09-17T15:36:45+05:00","action":"delete","status":"missing","details":{"path":"dsn/29/b3/001/thumb/ewv_3kpqzcm.jpg"}}
{"date":"2026-09-17T15:36:45+05:00","action":"delete","status":"missing","details":{"path":"dsn/30/2b/001/f5543e64b601d1e651598e89cd14b01e.png"}}
{"date":"2026-09-17T15:36:45+05:00","action":"delete","status":"missing","details":{"path":"dsn/30/2b/001/thumb/f5543e64b601d1e651598e89cd14b01e.png"}}
{"date":"2026-09-17T15:36:45+05:00","action":"delete","status":"missing","details":{"path":"dsn/30/7f/001/thumb/hover_css___a_collection_of_css3_powered_hover_effects.jpeg"}}
{"date":"2026-09-17T15:36:45+05:00","action":"delete","status":"missing","details":{"path":"dsn/30/37/001/moto.jpg"}}
{"date":"2026-09-17T15:36:45+05:00","action":"delete","status":"missing","details":{"path":"dsn/30/cb/001/thumb/zdes_zhivut_multfilmy__-_mllife_org_-_smotret_multfilmy_onlain_-_glavnaya_stranica.png"}}
{"date":"2026-09-17T15:36:46+05:00","action":"delete","status":"missing","details":{"path":"dsn/30/cb/001/zdes_zhivut_multfilmy__-_mllife_org_-_smotret_multfilmy_onlain_-_glavnaya_stranica.png"}}
{"date":"2026-09-17T15:36:46+05:00","action":"delete","status":"missing","details":{"path":"dsn/30/f1/001/thumb/dialog.gif"}}
{"date":"2026-09-17T15:36:46+05:00","action":"delete","status":"missing","details":{"path":"dsn/31/6b/001/3184361.png"}}
{"date":"2026-09-17T15:36:46+05:00","action":"delete","status":"missing","details":{"path":"dsn/32/7c/001/thumb/zmeika.jpg"}}
{"date":"2026-09-17T15:36:46+05:00","action":"delete","status":"missing","details":{"path":"dsn/32/7c/001/zmeika.jpg"}}
{"date":"2026-09-17T15:36:46+05:00","action":"delete","status":"missing","details":{"path":"dsn/32/63/001/blackberry-venice-conexion-usb-650x349.jpg"}}
{"date":"2026-09-17T15:36:46+05:00","action":"delete","status":"missing","details":{"path":"dsn/32/63/001/thumb/blackberry-venice-conexion-usb-650x349.jpg"}}
{"date":"2026-09-17T15:36:46+05:00","action":"delete","status":"missing","details":{"path":"dsn/33/4f/001/b6ea8e9fab835bf21608583c34b.jpg"}}
{"date":"2026-09-17T15:36:47+05:00","action":"delete","status":"missing","details":{"path":"dsn/33/9b/001/thumb/tviter.jpg"}}
{"date":"2026-09-17T15:36:47+05:00","action":"delete","status":"missing","details":{"path":"dsn/33/9b/001/tviter.jpg"}}
{"date":"2026-09-17T15:36:47+05:00","action":"delete","status":"missing","details":{"path":"dsn/33/bb/001/ifon.jpeg"}}
{"date":"2026-09-17T15:36:47+05:00","action":"delete","status":"missing","details":{"path":"dsn/33/bb/001/thumb/ifon.jpeg"}}
{"date":"2026-09-17T15:36:47+05:00","action":"delete","status":"missing","details":{"path":"dsn/33/cb/001/thumb/1344847975_adaptivnyy-dizayn.png"}}
{"date":"2026-09-17T15:36:47+05:00","action":"delete","status":"missing","details":{"path":"dsn/33/d4/001/thumb/a510c4ca52c937f460a763fefeec2dac.png"}}
{"date":"2026-09-17T15:36:47+05:00","action":"delete","status":"missing","details":{"path":"dsn/34/29/001/s_unnamed1_1.jpg"}}
{"date":"2026-09-17T15:36:47+05:00","action":"delete","status":"missing","details":{"path":"dsn/34/29/001/thumb/s_unnamed1_1.jpg"}}
{"date":"2026-09-17T15:36:48+05:00","action":"delete","status":"missing","details":{"path":"dsn/34/29/002/s_unnamed1_1.jpg"}}
{"date":"2026-09-17T15:36:48+05:00","action":"delete","status":"missing","details":{"path":"dsn/34/29/002/thumb/s_unnamed1_1.jpg"}}
{"date":"2026-09-17T15:36:48+05:00","action":"delete","status":"missing","details":{"path":"dsn/34/29/003/s_unnamed1_1.jpg"}}
{"date":"2026-09-17T15:36:48+05:00","action":"delete","status":"missing","details":{"path":"dsn/34/29/003/thumb/s_unnamed1_1.jpg"}}
{"date":"2026-09-17T15:36:48+05:00","action":"delete","status":"missing","details":{"path":"dsn/34/63/001/hts1.jpg"}}
{"date":"2026-09-17T15:36:48+05:00","action":"delete","status":"missing","details":{"path":"dsn/34/63/001/thumb/hts1.jpg"}}
{"date":"2026-09-17T15:36:48+05:00","action":"delete","status":"missing","details":{"path":"dsn/34/75/001/skachannye_faily_2.jpg"}}
{"date":"2026-09-17T15:36:48+05:00","action":"delete","status":"missing","details":{"path":"dsn/34/75/001/thumb/skachannye_faily_2.jpg"}}
{"date":"2026-09-17T15:36:48+05:00","action":"delete","status":"missing","details":{"path":"dsn/34/c8/001/fs3.jpg"}}
{"date":"2026-09-17T15:36:48+05:00","action":"delete","status":"missing","details":{"path":"dsn/34/c8/001/thumb/fs3.jpg"}}
{"date":"2026-09-17T15:36:49+05:00","action":"delete","status":"missing","details":{"path":"dsn/34/e5/001/thumb/images_2.jpg"}}
{"date":"2026-09-17T15:36:49+05:00","action":"delete","status":"missing","details":{"path":"dsn/34/e5/002/thumb/images_2.jpg"}}
{"date":"2026-09-17T15:36:49+05:00","action":"delete","status":"missing","details":{"path":"dsn/34/e5/003/thumb/images_2.jpg"}}
{"date":"2026-09-17T15:36:49+05:00","action":"delete","status":"missing","details":{"path":"dsn/35/0a/001/ngcms_-_next_generation_cms_-_glavnaya_stranica.png"}}
{"date":"2026-09-17T15:36:49+05:00","action":"delete","status":"missing","details":{"path":"dsn/35/0a/001/thumb/ngcms_-_next_generation_cms_-_glavnaya_stranica.png"}}
{"date":"2026-09-17T15:36:49+05:00","action":"delete","status":"missing","details":{"path":"dsn/36/7f/001/thumb/2017-01-27_15-03-48.png"}}
{"date":"2026-09-17T15:36:49+05:00","action":"delete","status":"missing","details":{"path":"dsn/36/37/001/ifon.jpg"}}
{"date":"2026-09-17T15:36:49+05:00","action":"delete","status":"missing","details":{"path":"dsn/36/37/001/thumb/ifon.jpg"}}
{"date":"2026-09-17T15:36:50+05:00","action":"delete","status":"missing","details":{"path":"dsn/36/41/001/screenshot_2.png"}}
{"date":"2026-09-17T15:36:50+05:00","action":"delete","status":"missing","details":{"path":"dsn/36/41/001/thumb/screenshot_2.png"}}
{"date":"2026-09-17T15:36:50+05:00","action":"delete","status":"missing","details":{"path":"dsn/36/41/002/screenshot_2.png"}}
{"date":"2026-09-17T15:36:50+05:00","action":"delete","status":"missing","details":{"path":"dsn/36/41/002/thumb/screenshot_2.png"}}
{"date":"2026-09-17T15:36:50+05:00","action":"delete","status":"missing","details":{"path":"dsn/36/61/001/8755823.png"}}
{"date":"2026-09-17T15:36:50+05:00","action":"delete","status":"missing","details":{"path":"dsn/36/66/001/thumb/tab.gif"}}
{"date":"2026-09-17T15:36:50+05:00","action":"delete","status":"missing","details":{"path":"dsn/36/66/002/thumb/tab.gif"}}
{"date":"2026-09-17T15:36:50+05:00","action":"delete","status":"missing","details":{"path":"dsn/36/a1/001/thumb/233312312412.gif"}}
{"date":"2026-09-17T15:36:51+05:00","action":"delete","status":"missing","details":{"path":"dsn/36/ce/001/thumb/tbank2.png"}}
{"date":"2026-09-17T15:36:51+05:00","action":"delete","status":"missing","details":{"path":"dsn/36/f5/001/screenshot_13.png"}}
{"date":"2026-09-17T15:36:51+05:00","action":"delete","status":"missing","details":{"path":"dsn/36/f5/001/thumb/screenshot_13.png"}}
{"date":"2026-09-17T15:36:51+05:00","action":"delete","status":"missing","details":{"path":"dsn/36/f5/002/screenshot_13.png"}}
{"date":"2026-09-17T15:36:51+05:00","action":"delete","status":"missing","details":{"path":"dsn/36/f5/002/thumb/screenshot_13.png"}}
{"date":"2026-09-17T15:36:51+05:00","action":"delete","status":"missing","details":{"path":"dsn/37/79/001/fe9158081bd60a23623ac15b986749d6.jpeg"}}
{"date":"2026-09-17T15:36:51+05:00","action":"delete","status":"missing","details":{"path":"dsn/37/79/001/thumb/fe9158081bd60a23623ac15b986749d6.jpeg"}}
{"date":"2026-09-17T15:36:51+05:00","action":"delete","status":"missing","details":{"path":"dsn/37/b3/001/1367915914_2.png"}}
{"date":"2026-09-17T15:36:52+05:00","action":"delete","status":"missing","details":{"path":"dsn/37/b3/001/thumb/1367915914_2.png"}}
{"date":"2026-09-17T15:36:52+05:00","action":"delete","status":"missing","details":{"path":"dsn/37/f9/001/l_e_d_cursors_by_mr_blade-d52xmke.jpg"}}
{"date":"2026-09-17T15:36:52+05:00","action":"delete","status":"missing","details":{"path":"dsn/37/f9/001/thumb/l_e_d_cursors_by_mr_blade-d52xmke.jpg"}}
{"date":"2026-09-17T15:36:52+05:00","action":"delete","status":"missing","details":{"path":"dsn/38/2c/001/thumb/next_generation_cms____forum_podderzhki___vypadayuszee_menyu_pryachetsya_za_youtube_video___o_o.png"}}
{"date":"2026-09-17T15:36:52+05:00","action":"delete","status":"missing","details":{"path":"dsn/38/d1/001/11_1.jpg"}}
{"date":"2026-09-17T15:36:52+05:00","action":"delete","status":"missing","details":{"path":"dsn/38/d1/001/thumb/11_1.jpg"}}
{"date":"2026-09-17T15:36:52+05:00","action":"delete","status":"missing","details":{"path":"dsn/39/0b/001/lake_weatherhd___ozero_pogoda_hd_dlya_android2.jpeg"}}
{"date":"2026-09-17T15:36:52+05:00","action":"delete","status":"missing","details":{"path":"dsn/39/0b/001/thumb/lake_weatherhd___ozero_pogoda_hd_dlya_android2.jpeg"}}
{"date":"2026-09-17T15:36:52+05:00","action":"delete","status":"missing","details":{"path":"dsn/39/05/001/thumb/poisk.gif"}}
{"date":"2026-09-17T15:36:52+05:00","action":"delete","status":"missing","details":{"path":"dsn/39/05/002/thumb/poisk.gif"}}
{"date":"2026-09-17T15:36:53+05:00","action":"delete","status":"missing","details":{"path":"dsn/39/38/001/thumb/header.gif"}}
{"date":"2026-09-17T15:36:53+05:00","action":"delete","status":"missing","details":{"path":"dsn/39/40/002/scroll_yadro.jpg"}}
{"date":"2026-09-17T15:36:53+05:00","action":"delete","status":"missing","details":{"path":"dsn/39/40/002/thumb/scroll_yadro.jpg"}}
{"date":"2026-09-17T15:36:53+05:00","action":"delete","status":"missing","details":{"path":"dsn/39/bb/001/thumb/ads1.jpg"}}
{"date":"2026-09-17T15:36:53+05:00","action":"delete","status":"missing","details":{"path":"dsn/39/f4/001/thumb/button1.gif"}}
{"date":"2026-09-17T15:36:53+05:00","action":"delete","status":"missing","details":{"path":"dsn/40/92/001/thumb/ps6-overview_1.png"}}
{"date":"2026-09-17T15:36:53+05:00","action":"delete","status":"missing","details":{"path":"dsn/40/a4/001/9f9b1171594d141afae94d11626b6d83.jpg"}}
{"date":"2026-09-17T15:36:53+05:00","action":"delete","status":"missing","details":{"path":"dsn/40/a4/001/thumb/9f9b1171594d141afae94d11626b6d83.jpg"}}
{"date":"2026-09-17T15:36:53+05:00","action":"delete","status":"missing","details":{"path":"dsn/41/80/001/hardwood_backgammon_dlya_android2.png"}}
{"date":"2026-09-17T15:36:54+05:00","action":"delete","status":"missing","details":{"path":"dsn/41/80/001/thumb/hardwood_backgammon_dlya_android2.png"}}
{"date":"2026-09-17T15:36:54+05:00","action":"delete","status":"missing","details":{"path":"dsn/41/b5/001/thumb/images.png"}}
{"date":"2026-09-17T15:36:54+05:00","action":"delete","status":"missing","details":{"path":"dsn/41/c5/001/thumb/denwer.png"}}
{"date":"2026-09-17T15:36:54+05:00","action":"delete","status":"missing","details":{"path":"dsn/42/2b/001/thumb/screenshot_32.png"}}
{"date":"2026-09-17T15:36:54+05:00","action":"delete","status":"missing","details":{"path":"dsn/42/7a/001/thumb/mikrorazmetka-open-graph-2.jpg"}}
{"date":"2026-09-17T15:36:54+05:00","action":"delete","status":"missing","details":{"path":"dsn/42/c0/001/texture-wallpapers.jpg"}}
{"date":"2026-09-17T15:36:54+05:00","action":"delete","status":"missing","details":{"path":"dsn/42/c0/001/thumb/texture-wallpapers.jpg"}}
{"date":"2026-09-17T15:36:54+05:00","action":"delete","status":"missing","details":{"path":"dsn/43/d2/001/otkrytie-papki-komandoj-appdata.jpg"}}
{"date":"2026-09-17T15:36:55+05:00","action":"delete","status":"missing","details":{"path":"dsn/43/d2/001/thumb/otkrytie-papki-komandoj-appdata.jpg"}}
{"date":"2026-09-17T15:36:55+05:00","action":"delete","status":"missing","details":{"path":"dsn/43/f3/001/thumb/skript.jpg"}}
{"date":"2026-09-17T15:36:55+05:00","action":"delete","status":"missing","details":{"path":"dsn/44/ba/001/thumb/zagruzhennoe.jpg"}}
{"date":"2026-09-17T15:36:55+05:00","action":"delete","status":"missing","details":{"path":"dsn/44/ba/002/thumb/zagruzhennoe.jpg"}}
{"date":"2026-09-17T15:36:55+05:00","action":"delete","status":"missing","details":{"path":"dsn/44/ba/003/thumb/zagruzhennoe.jpg"}}
{"date":"2026-09-17T15:36:55+05:00","action":"delete","status":"missing","details":{"path":"dsn/44/ba/004/thumb/zagruzhennoe.jpg"}}
{"date":"2026-09-17T15:36:55+05:00","action":"delete","status":"missing","details":{"path":"dsn/44/ba/005/thumb/zagruzhennoe.jpg"}}
{"date":"2026-09-17T15:36:55+05:00","action":"delete","status":"missing","details":{"path":"dsn/44/ba/006/thumb/zagruzhennoe.jpg"}}
{"date":"2026-09-17T15:36:55+05:00","action":"delete","status":"missing","details":{"path":"dsn/44/ba/007/thumb/zagruzhennoe.jpg"}}
{"date":"2026-09-17T15:36:56+05:00","action":"delete","status":"missing","details":{"path":"dsn/44/ba/008/thumb/zagruzhennoe.jpg"}}
{"date":"2026-09-17T15:36:56+05:00","action":"delete","status":"missing","details":{"path":"dsn/44/ba/009/thumb/zagruzhennoe.jpg"}}
{"date":"2026-09-17T15:36:56+05:00","action":"delete","status":"missing","details":{"path":"dsn/44/d1/001/taiti-wallpapers.jpg"}}
{"date":"2026-09-17T15:36:56+05:00","action":"delete","status":"missing","details":{"path":"dsn/44/d1/001/thumb/taiti-wallpapers.jpg"}}
{"date":"2026-09-17T15:36:56+05:00","action":"delete","status":"missing","details":{"path":"dsn/44/dc/001/thumb/copyright.jpg"}}
{"date":"2026-09-17T15:36:56+05:00","action":"delete","status":"missing","details":{"path":"dsn/44/f7/001/thumb/1371584973_1346900835_file.png"}}
{"date":"2026-09-17T15:36:56+05:00","action":"delete","status":"missing","details":{"path":"dsn/44/f7/002/thumb/1371584973_1346900835_file.png"}}
{"date":"2026-09-17T15:36:56+05:00","action":"delete","status":"missing","details":{"path":"dsn/45/9c/001/thumb/underground_racer_hd_dlya_android2.png"}}
{"date":"2026-09-17T15:36:56+05:00","action":"delete","status":"missing","details":{"path":"dsn/45/9c/001/underground_racer_hd_dlya_android2.png"}}
{"date":"2026-09-17T15:36:57+05:00","action":"delete","status":"missing","details":{"path":"dsn/45/39/001/thumb/demonstracionnaya_installyaciya_next_generation_cms_-_glavnaya_stranica.png"}}
{"date":"2026-09-17T15:36:57+05:00","action":"delete","status":"missing","details":{"path":"dsn/45/b5/001/2_2.png"}}
{"date":"2026-09-17T15:36:57+05:00","action":"delete","status":"missing","details":{"path":"dsn/45/b5/001/thumb/2_2.png"}}
{"date":"2026-09-17T15:36:57+05:00","action":"delete","status":"missing","details":{"path":"dsn/45/e3/001/thumb/screenshot_48.png"}}
{"date":"2026-09-17T15:36:57+05:00","action":"delete","status":"missing","details":{"path":"dsn/46/47/001/sbros.png"}}
{"date":"2026-09-17T15:36:57+05:00","action":"delete","status":"missing","details":{"path":"dsn/46/47/001/thumb/sbros.png"}}
{"date":"2026-09-17T15:36:57+05:00","action":"delete","status":"missing","details":{"path":"dsn/47/3e/001/thumb/screenshot_151.png"}}
{"date":"2026-09-17T15:36:57+05:00","action":"delete","status":"missing","details":{"path":"dsn/47/8a/001/1366127309_poster.jpg"}}
{"date":"2026-09-17T15:36:57+05:00","action":"delete","status":"missing","details":{"path":"dsn/47/8a/001/thumb/1366127309_poster.jpg"}}
{"date":"2026-09-17T15:36:58+05:00","action":"delete","status":"missing","details":{"path":"dsn/47/36/001/thumb/0_4b60d_8fec6902_orig.jpg"}}
{"date":"2026-09-17T15:36:58+05:00","action":"delete","status":"missing","details":{"path":"dsn/47/36/002/thumb/0_4b60d_8fec6902_orig.jpg"}}
{"date":"2026-09-17T15:36:58+05:00","action":"delete","status":"missing","details":{"path":"dsn/48/73/002/thumb/1355130962_bez-imeni-1.png"}}
{"date":"2026-09-17T15:36:58+05:00","action":"delete","status":"missing","details":{"path":"dsn/48/ae/001/stroitelstvo_remont_i_dizain__stati__foto.png"}}
{"date":"2026-09-17T15:36:58+05:00","action":"delete","status":"missing","details":{"path":"dsn/48/ae/001/thumb/stroitelstvo_remont_i_dizain__stati__foto.png"}}
{"date":"2026-09-17T15:36:58+05:00","action":"delete","status":"missing","details":{"path":"dsn/48/d5/001/thumb/screenshot_18.jpg"}}
{"date":"2026-09-17T15:36:58+05:00","action":"delete","status":"missing","details":{"path":"dsn/49/3a/001/thumb/opera_snimok_2020-05-21_154507_ngcmshak_ru.png"}}
{"date":"2026-09-17T15:36:58+05:00","action":"delete","status":"missing","details":{"path":"dsn/49/36/001/thumb/screenshot_10h_54m_36s.jpg"}}
{"date":"2026-09-17T15:36:59+05:00","action":"delete","status":"missing","details":{"path":"dsn/49/c7/001/0aea7b70b5.jpg"}}
{"date":"2026-09-17T15:36:59+05:00","action":"delete","status":"missing","details":{"path":"dsn/49/c7/001/thumb/0aea7b70b5.jpg"}}
{"date":"2026-09-17T15:36:59+05:00","action":"delete","status":"missing","details":{"path":"dsn/49/e4/001/madzhong_pasyans_dlya_android1.png"}}
{"date":"2026-09-17T15:36:59+05:00","action":"delete","status":"missing","details":{"path":"dsn/49/e4/001/thumb/madzhong_pasyans_dlya_android1.png"}}
{"date":"2026-09-17T15:36:59+05:00","action":"delete","status":"missing","details":{"path":"dsn/50/4c/001/thumb/na_raione___glavnaya_stranica2.jpeg"}}
{"date":"2026-09-17T15:36:59+05:00","action":"delete","status":"missing","details":{"path":"dsn/50/18/001/thumb/paintnet_l.jpg"}}
{"date":"2026-09-17T15:36:59+05:00","action":"delete","status":"missing","details":{"path":"dsn/50/54/001/thumb/besplatnye_shablony_ng_cms_-_blog_dizain_iskusstvo_-_shablon_atom1.png"}}
{"date":"2026-09-17T15:36:59+05:00","action":"delete","status":"missing","details":{"path":"dsn/50/68/001/thumb/1512828804_h1-tags.jpg"}}
{"date":"2026-09-17T15:36:59+05:00","action":"delete","status":"missing","details":{"path":"dsn/50/bd/001/thumb/5fca85b6-a6b3-4ba2-a881-5eb1aaa9ddb7.png"}}
{"date":"2026-09-17T15:36:59+05:00","action":"delete","status":"missing","details":{"path":"dsn/50/ef/001/thumb/unnamedcaevva4s.png"}}
{"date":"2026-09-17T15:37:00+05:00","action":"delete","status":"missing","details":{"path":"dsn/50/fb/001/displayfusion_5_1_1_beta_71.png"}}
{"date":"2026-09-17T15:37:00+05:00","action":"delete","status":"missing","details":{"path":"dsn/50/fb/001/thumb/displayfusion_5_1_1_beta_71.png"}}
{"date":"2026-09-17T15:37:00+05:00","action":"delete","status":"missing","details":{"path":"dsn/51/03/001/thumb/ell.gif"}}
{"date":"2026-09-17T15:37:00+05:00","action":"delete","status":"missing","details":{"path":"dsn/51/4b/001/frama1.jpg"}}
{"date":"2026-09-17T15:40:54+05:00","action":"delete","status":"completed","details":{"path":"dsn/51/4b/001/thumb/frama1.jpg","size":3130}}
{"date":"2026-09-17T15:40:54+05:00","action":"delete","status":"completed","details":{"path":"dsn/51/bc/001/thumb/91965283.png","size":33818}}
{"date":"2026-09-17T15:40:54+05:00","action":"delete","status":"completed","details":{"path":"dsn/52/03/001/thumb/screenshot_40.jpg","size":70577}}
{"date":"2026-09-17T15:40:54+05:00","action":"delete","status":"completed","details":{"path":"dsn/52/30/001/thumb/html5_logo_512-w480.jpg","size":8172}}
{"date":"2026-09-17T15:40:55+05:00","action":"delete","status":"completed","details":{"path":"dsn/52/b6/001/launcher-windows-phone-8-2.png","size":114789}}
{"date":"2026-09-17T15:40:55+05:00","action":"delete","status":"completed","details":{"path":"dsn/52/b6/001/thumb/launcher-windows-phone-8-2.png","size":18399}}
{"date":"2026-09-17T15:40:55+05:00","action":"delete","status":"completed","details":{"path":"dsn/52/dc/001/thumb/article202.jpg","size":19135}}
{"date":"2026-09-17T15:40:55+05:00","action":"delete","status":"completed","details":{"path":"dsn/52/e8/001/thumb/i-_1__a0cc2671.avif","size":9374}}
{"date":"2026-09-17T15:40:55+05:00","action":"delete","status":"completed","details":{"path":"dsn/53/5e/001/earth_screensaver_hd_.png","size":124993}}
{"date":"2026-09-17T15:40:56+05:00","action":"delete","status":"completed","details":{"path":"dsn/53/5e/001/thumb/earth_screensaver_hd_.png","size":17623}}
{"date":"2026-09-17T15:40:56+05:00","action":"delete","status":"completed","details":{"path":"dsn/53/8b/001/thumb/screenshot_6.png","size":46687}}
{"date":"2026-09-17T15:40:56+05:00","action":"delete","status":"completed","details":{"path":"dsn/53/14/001/thumb/2025-06-08_21-14-20.png","size":33160}}
{"date":"2026-09-17T15:40:56+05:00","action":"delete","status":"completed","details":{"path":"dsn/53/b6/001/1469039856_1-28.jpg","size":234334}}
{"date":"2026-09-17T15:40:56+05:00","action":"delete","status":"completed","details":{"path":"dsn/54/4b/001/gromkost.jpg","size":15874}}
{"date":"2026-09-17T15:40:56+05:00","action":"delete","status":"completed","details":{"path":"dsn/54/4b/001/thumb/gromkost.jpg","size":3422}}
{"date":"2026-09-17T15:40:57+05:00","action":"delete","status":"completed","details":{"path":"dsn/55/5e/001/opera_snimok_2021-10-27_195312_yandex_kz.png","size":255470}}
{"date":"2026-09-17T15:40:57+05:00","action":"delete","status":"completed","details":{"path":"dsn/55/5e/001/thumb/opera_snimok_2021-10-27_195312_yandex_kz.png","size":21545}}
{"date":"2026-09-17T15:40:57+05:00","action":"delete","status":"completed","details":{"path":"dsn/55/ef/001/thumb/2025-01-30_23-11-00.png","size":84996}}
{"date":"2026-09-17T15:40:57+05:00","action":"delete","status":"completed","details":{"path":"dsn/55/ef/002/thumb/2025-01-30_23-11-00.png","size":84996}}
{"date":"2026-09-17T15:40:57+05:00","action":"delete","status":"completed","details":{"path":"dsn/55/ef/003/thumb/2025-01-30_23-11-00.png","size":84996}}
{"date":"2026-09-17T15:40:57+05:00","action":"delete","status":"completed","details":{"path":"dsn/55/ef/004/thumb/2025-01-30_23-11-00.png","size":84996}}
{"date":"2026-09-17T15:40:58+05:00","action":"delete","status":"completed","details":{"path":"dsn/55/ef/005/thumb/2025-01-30_23-11-00.png","size":84996}}
{"date":"2026-09-17T15:40:58+05:00","action":"delete","status":"completed","details":{"path":"dsn/55/ef/006/thumb/2025-01-30_23-11-00.png","size":84996}}
{"date":"2026-09-17T15:40:58+05:00","action":"delete","status":"completed","details":{"path":"dsn/55/ef/007/thumb/2025-01-30_23-11-00.png","size":84996}}
{"date":"2026-09-17T15:40:58+05:00","action":"delete","status":"completed","details":{"path":"dsn/55/ef/008/thumb/2025-01-30_23-11-00.png","size":84996}}
{"date":"2026-09-17T15:40:58+05:00","action":"delete","status":"completed","details":{"path":"dsn/55/ef/009/thumb/2025-01-30_23-11-00.png","size":84996}}
{"date":"2026-09-17T15:40:58+05:00","action":"delete","status":"completed","details":{"path":"dsn/57/1a/001/3012____.rar","size":1009}}
{"date":"2026-09-17T15:40:59+05:00","action":"delete","status":"completed","details":{"path":"dsn/57/12/001/kkk.png","size":45322}}
{"date":"2026-09-17T15:40:59+05:00","action":"delete","status":"completed","details":{"path":"dsn/57/73/001/thumb/vopros.jpg","size":78730}}
{"date":"2026-09-17T15:40:59+05:00","action":"delete","status":"completed","details":{"path":"dsn/57/77/001/thumb/screen_2013_4_20_14-15-50_5.jpg","size":11416}}
{"date":"2026-09-17T15:40:59+05:00","action":"delete","status":"completed","details":{"path":"dsn/57/d1/001/thumb/spisok.png","size":79978}}
{"date":"2026-09-17T15:40:59+05:00","action":"delete","status":"completed","details":{"path":"dsn/58/3b/001/ambian.jpg","size":63133}}
{"date":"2026-09-17T15:40:59+05:00","action":"delete","status":"completed","details":{"path":"dsn/58/3b/001/thumb/ambian.jpg","size":5714}}
{"date":"2026-09-17T15:41:00+05:00","action":"delete","status":"completed","details":{"path":"dsn/58/3d/001/thumb/file_1501081112.jpg","size":107270}}
{"date":"2026-09-17T15:41:00+05:00","action":"delete","status":"completed","details":{"path":"dsn/58/18/001/image_23.jpg","size":67805}}
{"date":"2026-09-17T15:41:00+05:00","action":"delete","status":"completed","details":{"path":"dsn/58/18/001/thumb/image_23.jpg","size":9923}}
{"date":"2026-09-17T15:41:00+05:00","action":"delete","status":"completed","details":{"path":"dsn/58/c9/001/thumb/warrior_chess_dlya_android.png","size":55011}}
{"date":"2026-09-17T15:41:00+05:00","action":"delete","status":"completed","details":{"path":"dsn/58/c9/001/warrior_chess_dlya_android.png","size":1034629}}
{"date":"2026-09-17T15:41:00+05:00","action":"delete","status":"completed","details":{"path":"dsn/59/7e/001/thumb/traser.jpg","size":7064}}
{"date":"2026-09-17T15:41:01+05:00","action":"delete","status":"completed","details":{"path":"dsn/59/7e/001/traser.jpg","size":110228}}
{"date":"2026-09-17T15:41:01+05:00","action":"delete","status":"completed","details":{"path":"dsn/59/64/001/ff290caaf67a3178b2f5a8794ce13fff.jpg","size":34602}}
{"date":"2026-09-17T15:41:01+05:00","action":"delete","status":"completed","details":{"path":"dsn/59/64/001/thumb/ff290caaf67a3178b2f5a8794ce13fff.jpg","size":4432}}
{"date":"2026-09-17T15:41:01+05:00","action":"delete","status":"completed","details":{"path":"dsn/59/b2/001/11.png","size":222940}}
{"date":"2026-09-17T15:41:01+05:00","action":"delete","status":"completed","details":{"path":"dsn/59/b2/001/thumb/11.png","size":26905}}
{"date":"2026-09-17T15:41:01+05:00","action":"delete","status":"completed","details":{"path":"dsn/59/c2/001/thumb/syntax_highlighter_html.jpg","size":10827}}
{"date":"2026-09-17T15:41:02+05:00","action":"delete","status":"completed","details":{"path":"dsn/59/e2/001/opera_snimok_2021-10-27_195145_yandex_kz.png","size":561948}}
{"date":"2026-09-17T15:41:02+05:00","action":"delete","status":"completed","details":{"path":"dsn/59/e2/001/thumb/opera_snimok_2021-10-27_195145_yandex_kz.png","size":47672}}
{"date":"2026-09-17T15:41:02+05:00","action":"delete","status":"completed","details":{"path":"dsn/60/98/001/internetconnectiontools_4251.png","size":5831}}
{"date":"2026-09-17T15:41:02+05:00","action":"delete","status":"completed","details":{"path":"dsn/60/98/001/thumb/internetconnectiontools_4251.png","size":5717}}
{"date":"2026-09-17T15:41:02+05:00","action":"delete","status":"completed","details":{"path":"dsn/60/c9/001/emblem-work_2310.png","size":3037}}
{"date":"2026-09-17T15:41:02+05:00","action":"delete","status":"completed","details":{"path":"dsn/60/c9/001/thumb/emblem-work_2310.png","size":2669}}
{"date":"2026-09-17T15:41:03+05:00","action":"delete","status":"completed","details":{"path":"dsn/61/3a/001/csr_racing_dlya_android1.png","size":657277}}
{"date":"2026-09-17T15:41:03+05:00","action":"delete","status":"completed","details":{"path":"dsn/61/3a/001/thumb/csr_racing_dlya_android1.png","size":42198}}
{"date":"2026-09-17T15:41:03+05:00","action":"delete","status":"completed","details":{"path":"dsn/61/89/001/thumb/202837.jpg","size":23402}}
{"date":"2026-09-17T15:41:03+05:00","action":"delete","status":"completed","details":{"path":"dsn/61/c2/001/launcher-wp8-select.jpg","size":54596}}
{"date":"2026-09-17T15:41:03+05:00","action":"delete","status":"completed","details":{"path":"dsn/61/c2/001/thumb/launcher-wp8-select.jpg","size":6261}}
{"date":"2026-09-17T15:41:03+05:00","action":"delete","status":"completed","details":{"path":"dsn/61/c9/001/s75812405.jpg","size":32266}}
{"date":"2026-09-17T15:41:04+05:00","action":"delete","status":"completed","details":{"path":"dsn/61/c9/001/thumb/s75812405.jpg","size":6953}}
{"date":"2026-09-17T15:41:04+05:00","action":"delete","status":"completed","details":{"path":"dsn/62/43/001/thumb/xperia-z5-premium-front.jpg","size":4859}}
{"date":"2026-09-17T15:41:04+05:00","action":"delete","status":"completed","details":{"path":"dsn/62/43/001/xperia-z5-premium-front.jpg","size":48271}}
{"date":"2026-09-17T15:41:04+05:00","action":"delete","status":"completed","details":{"path":"dsn/62/49/002/thumb/abd01d.jpg","size":19219}}
{"date":"2026-09-17T15:41:04+05:00","action":"delete","status":"completed","details":{"path":"dsn/62/65/001/thumb/1303368284_minishow_souts_ru.jpg","size":18145}}
{"date":"2026-09-17T15:41:04+05:00","action":"delete","status":"completed","details":{"path":"dsn/62/95/001/screenshot_12.png","size":187269}}
{"date":"2026-09-17T15:41:05+05:00","action":"delete","status":"completed","details":{"path":"dsn/62/95/001/thumb/screenshot_12.png","size":37602}}
{"date":"2026-09-17T15:41:05+05:00","action":"delete","status":"completed","details":{"path":"dsn/62/95/002/screenshot_12.png","size":599907}}
{"date":"2026-09-17T15:41:05+05:00","action":"delete","status":"completed","details":{"path":"dsn/62/95/002/thumb/screenshot_12.png","size":57579}}
{"date":"2026-09-17T15:41:05+05:00","action":"delete","status":"completed","details":{"path":"dsn/62/bf/001/11.jpg","size":82161}}
{"date":"2026-09-17T15:41:05+05:00","action":"delete","status":"completed","details":{"path":"dsn/62/bf/001/thumb/11.jpg","size":4701}}
{"date":"2026-09-17T15:41:06+05:00","action":"delete","status":"completed","details":{"path":"dsn/62/bf/003/11.jpg","size":86841}}
{"date":"2026-09-17T15:41:06+05:00","action":"delete","status":"completed","details":{"path":"dsn/62/bf/003/thumb/11.jpg","size":7901}}
{"date":"2026-09-17T15:41:06+05:00","action":"delete","status":"completed","details":{"path":"dsn/62/e3/001/thumb/galerey.jpg","size":38457}}
{"date":"2026-09-17T15:41:06+05:00","action":"delete","status":"completed","details":{"path":"dsn/63/8e/001/3_3.png","size":171098}}
{"date":"2026-09-17T15:41:06+05:00","action":"delete","status":"completed","details":{"path":"dsn/63/8e/001/thumb/3_3.png","size":20017}}
{"date":"2026-09-17T15:41:06+05:00","action":"delete","status":"completed","details":{"path":"dsn/63/48/001/logonscreenrotator_thumb1.jpg","size":42264}}
{"date":"2026-09-17T15:41:07+05:00","action":"delete","status":"completed","details":{"path":"dsn/63/48/001/thumb/logonscreenrotator_thumb1.jpg","size":5127}}
{"date":"2026-09-17T15:41:07+05:00","action":"delete","status":"completed","details":{"path":"dsn/63/52/001/gsxazddmfbpcivna6fapkp7dnugie9uq_1.jpg","size":97980}}
{"date":"2026-09-17T15:41:07+05:00","action":"delete","status":"completed","details":{"path":"dsn/63/52/001/thumb/gsxazddmfbpcivna6fapkp7dnugie9uq_1.jpg","size":4507}}
{"date":"2026-09-17T15:41:07+05:00","action":"delete","status":"completed","details":{"path":"dsn/63/80/001/thumb/zagruzheno.png","size":131979}}
{"date":"2026-09-17T15:41:07+05:00","action":"delete","status":"completed","details":{"path":"dsn/63/98/001/thumb/knopka.gif","size":11673}}
{"date":"2026-09-17T15:41:07+05:00","action":"delete","status":"completed","details":{"path":"dsn/63/98/002/thumb/knopka.gif","size":29544}}
{"date":"2026-09-17T15:41:08+05:00","action":"delete","status":"completed","details":{"path":"dsn/63/e1/001/flat.jpg","size":276190}}
{"date":"2026-09-17T15:41:08+05:00","action":"delete","status":"completed","details":{"path":"dsn/63/e1/001/thumb/flat.jpg","size":3285}}
{"date":"2026-09-17T15:41:08+05:00","action":"delete","status":"completed","details":{"path":"dsn/63/e3/001/thumb/js-app-patterns1.jpg","size":28575}}
{"date":"2026-09-17T15:41:08+05:00","action":"delete","status":"completed","details":{"path":"dsn/64/6a/003/7e4891f971d67ec47260d4bce1b92a45-ud0ox.jpg","size":19160}}
{"date":"2026-09-17T15:41:08+05:00","action":"delete","status":"completed","details":{"path":"dsn/64/6a/003/thumb/7e4891f971d67ec47260d4bce1b92a45-ud0ox.jpg","size":6080}}
{"date":"2026-09-17T15:41:08+05:00","action":"delete","status":"completed","details":{"path":"dsn/64/6a/004/7e4891f971d67ec47260d4bce1b92a45-ud0ox.jpg","size":19160}}
{"date":"2026-09-17T15:41:09+05:00","action":"delete","status":"completed","details":{"path":"dsn/64/6a/004/thumb/7e4891f971d67ec47260d4bce1b92a45-ud0ox.jpg","size":6080}}
{"date":"2026-09-17T15:41:09+05:00","action":"delete","status":"completed","details":{"path":"dsn/64/33/001/thumb/domen_pri_prodvigenii.jpg","size":21407}}
{"date":"2026-09-17T15:41:09+05:00","action":"delete","status":"completed","details":{"path":"dsn/64/94/001/hardwood_backgammon_dlya_android1.png","size":136312}}
{"date":"2026-09-17T15:41:09+05:00","action":"delete","status":"completed","details":{"path":"dsn/64/94/001/thumb/hardwood_backgammon_dlya_android1.png","size":30426}}
{"date":"2026-09-17T15:41:09+05:00","action":"delete","status":"completed","details":{"path":"dsn/64/da/001/thumb/snimok_ekrana_19.png","size":91958}}
{"date":"2026-09-17T15:41:09+05:00","action":"delete","status":"completed","details":{"path":"dsn/65/5d/001/drweb-light.png","size":269421}}
{"date":"2026-09-17T15:41:10+05:00","action":"delete","status":"completed","details":{"path":"dsn/65/5d/001/thumb/drweb-light.png","size":15580}}
{"date":"2026-09-17T15:41:10+05:00","action":"delete","status":"completed","details":{"path":"dsn/65/62/001/2661c12697cd41bd088fa3547df63a51.jpg","size":22815}}
{"date":"2026-09-17T15:41:10+05:00","action":"delete","status":"completed","details":{"path":"dsn/65/62/001/thumb/2661c12697cd41bd088fa3547df63a51.jpg","size":4361}}
{"date":"2026-09-17T15:41:10+05:00","action":"delete","status":"completed","details":{"path":"dsn/65/68/001/thumb/ultrauxthemepatcher-303-en_1.png","size":39310}}
{"date":"2026-09-17T15:41:10+05:00","action":"delete","status":"completed","details":{"path":"dsn/65/68/001/ultrauxthemepatcher-303-en_1.png","size":214544}}
{"date":"2026-09-17T15:41:10+05:00","action":"delete","status":"completed","details":{"path":"dsn/66/11/001/thumb/hovereffectideas.jpg","size":45109}}
{"date":"2026-09-17T15:41:11+05:00","action":"delete","status":"completed","details":{"path":"dsn/66/22/001/thumb/forma.gif","size":44824}}
{"date":"2026-09-17T15:41:11+05:00","action":"delete","status":"completed","details":{"path":"dsn/66/db/001/thumb/rabstol_net_funny_03.jpg","size":23866}}
{"date":"2026-09-17T15:41:11+05:00","action":"delete","status":"completed","details":{"path":"dsn/66/e0/001/thumb/news.gif","size":16876}}
{"date":"2026-09-17T15:41:11+05:00","action":"delete","status":"completed","details":{"path":"dsn/67/49/001/59ba7f4f6f62fee760c141b2e276738e.jpg","size":36694}}
{"date":"2026-09-17T15:41:11+05:00","action":"delete","status":"completed","details":{"path":"dsn/67/49/001/thumb/59ba7f4f6f62fee760c141b2e276738e.jpg","size":5774}}
{"date":"2026-09-17T15:41:11+05:00","action":"delete","status":"completed","details":{"path":"dsn/67/71/001/thumb/kak-perenesti-sayt-s-denvera-na-hosting.jpg","size":16995}}
{"date":"2026-09-17T15:41:12+05:00","action":"delete","status":"completed","details":{"path":"dsn/67/b7/001/takova_eta_zhizn_-_glavnaya_stranica.png","size":271411}}
{"date":"2026-09-17T15:41:12+05:00","action":"delete","status":"completed","details":{"path":"dsn/67/b7/001/thumb/takova_eta_zhizn_-_glavnaya_stranica.png","size":82249}}
{"date":"2026-09-17T15:41:12+05:00","action":"delete","status":"completed","details":{"path":"dsn/68/0f/001/thumb/unnamed_5.jpg","size":7277}}
{"date":"2026-09-17T15:41:12+05:00","action":"delete","status":"completed","details":{"path":"dsn/68/0f/001/unnamed_5.jpg","size":29798}}
{"date":"2026-09-17T15:41:12+05:00","action":"delete","status":"completed","details":{"path":"dsn/68/9b/001/thumb/unnamedca5k8tuz.png","size":47893}}
{"date":"2026-09-17T15:41:13+05:00","action":"delete","status":"completed","details":{"path":"dsn/68/31/001/thumb/zagruzhennoe_2.png","size":50298}}
{"date":"2026-09-17T15:41:13+05:00","action":"delete","status":"completed","details":{"path":"dsn/68/31/001/zagruzhennoe_2.png","size":524735}}
{"date":"2026-09-17T15:41:13+05:00","action":"delete","status":"completed","details":{"path":"dsn/68/b6/001/thumb/antilich.jpg","size":7614}}
{"date":"2026-09-17T15:41:13+05:00","action":"delete","status":"completed","details":{"path":"dsn/68/f5/001/thumb/fourboxes.jpg","size":25602}}
{"date":"2026-09-17T15:41:13+05:00","action":"delete","status":"completed","details":{"path":"dsn/69/54/001/thumb/na_raione_-_panel_upravleniya1.png","size":64832}}
{"date":"2026-09-17T15:41:13+05:00","action":"delete","status":"completed","details":{"path":"dsn/69/96/001/1_2.jpg","size":26416}}
{"date":"2026-09-17T15:41:14+05:00","action":"delete","status":"completed","details":{"path":"dsn/69/96/001/thumb/1_2.jpg","size":7827}}
{"date":"2026-09-17T15:41:14+05:00","action":"delete","status":"completed","details":{"path":"dsn/70/09/001/thumb/klon.gif","size":5170}}
{"date":"2026-09-17T15:41:14+05:00","action":"delete","status":"completed","details":{"path":"dsn/70/7c/001/gadzhety-rabochego-stola.jpg","size":53836}}
{"date":"2026-09-17T15:41:14+05:00","action":"delete","status":"completed","details":{"path":"dsn/70/7c/001/thumb/gadzhety-rabochego-stola.jpg","size":9007}}
{"date":"2026-09-17T15:41:14+05:00","action":"delete","status":"completed","details":{"path":"dsn/70/bd/001/thumb/screenshot_16h_43m_43s.jpg","size":37631}}
{"date":"2026-09-17T15:41:14+05:00","action":"delete","status":"completed","details":{"path":"dsn/71/81/001/favicon-16x16.png","size":1431}}
{"date":"2026-09-17T15:41:15+05:00","action":"delete","status":"completed","details":{"path":"dsn/71/81/001/thumb/favicon-16x16.png","size":863}}
{"date":"2026-09-17T15:41:15+05:00","action":"delete","status":"completed","details":{"path":"dsn/72/9f/001/thumb/fiksirovannoe-gorizontalnoe-menyu-vverhu-saita-na-jquery.png","size":110827}}
{"date":"2026-09-17T15:41:15+05:00","action":"delete","status":"completed","details":{"path":"dsn/72/25/001/7776472b2ec44d0d032242a94da.jpg","size":37636}}
{"date":"2026-09-17T15:41:15+05:00","action":"delete","status":"completed","details":{"path":"dsn/72/46/001/thumb/bbb108d88c084789b3aaf12970a71a0f.png","size":112435}}
{"date":"2026-09-17T15:41:15+05:00","action":"delete","status":"completed","details":{"path":"dsn/73/36/001/dodge-wallpapers.jpg","size":101307}}
{"date":"2026-09-17T15:41:15+05:00","action":"delete","status":"completed","details":{"path":"dsn/73/36/001/thumb/dodge-wallpapers.jpg","size":4010}}
{"date":"2026-09-17T15:41:16+05:00","action":"delete","status":"completed","details":{"path":"dsn/73/36/001/thumb/maxresdefault.png","size":99902}}
{"date":"2026-09-17T15:41:16+05:00","action":"delete","status":"completed","details":{"path":"dsn/73/e9/001/zagruzheno_2.jpg","size":13048}}
{"date":"2026-09-17T15:41:16+05:00","action":"delete","status":"completed","details":{"path":"dsn/74/3d/001/snimok47.png","size":41516}}
{"date":"2026-09-17T15:41:16+05:00","action":"delete","status":"completed","details":{"path":"dsn/74/3d/001/thumb/snimok47.png","size":80762}}
{"date":"2026-09-17T15:41:16+05:00","action":"delete","status":"completed","details":{"path":"dsn/74/5b/001/thumb/screenshot_15h_06m_58s.jpg","size":35244}}
{"date":"2026-09-17T15:41:16+05:00","action":"delete","status":"completed","details":{"path":"dsn/74/7a/001/image28115835_4f6650da16aef9787d177286200753ce.jpg","size":108243}}
{"date":"2026-09-17T15:41:17+05:00","action":"delete","status":"completed","details":{"path":"dsn/74/7a/001/thumb/image28115835_4f6650da16aef9787d177286200753ce.jpg","size":4744}}
{"date":"2026-09-17T15:41:17+05:00","action":"delete","status":"completed","details":{"path":"dsn/74/ce/001/thumb/vb_vb_mishki.jpg","size":5529}}
{"date":"2026-09-17T15:41:17+05:00","action":"delete","status":"completed","details":{"path":"dsn/74/ce/001/vb_vb_mishki.jpg","size":116353}}
{"date":"2026-09-17T15:41:17+05:00","action":"delete","status":"completed","details":{"path":"dsn/74/d7/001/thumb/2014-07-14-tex-02.jpg","size":65147}}
{"date":"2026-09-17T15:41:17+05:00","action":"delete","status":"completed","details":{"path":"dsn/74/dd/001/thumb/cheki.gif","size":14113}}
{"date":"2026-09-17T15:41:17+05:00","action":"delete","status":"completed","details":{"path":"dsn/75/61/001/gugl.jpg","size":44712}}
{"date":"2026-09-17T15:41:18+05:00","action":"delete","status":"completed","details":{"path":"dsn/75/61/001/thumb/gugl.jpg","size":3687}}
{"date":"2026-09-17T15:41:18+05:00","action":"delete","status":"completed","details":{"path":"dsn/76/dd/001/thumb/1240552725_1234616204_157.jpg","size":5739}}
{"date":"2026-09-17T15:41:18+05:00","action":"delete","status":"completed","details":{"path":"dsn/77/b7/001/1367915914_0.jpg","size":50335}}
{"date":"2026-09-17T15:41:18+05:00","action":"delete","status":"completed","details":{"path":"dsn/77/b7/001/thumb/1367915914_0.jpg","size":3740}}
{"date":"2026-09-17T15:41:18+05:00","action":"delete","status":"completed","details":{"path":"dsn/77/d6/001/racing_rivals_dlya_android.jpeg","size":49145}}
{"date":"2026-09-17T15:41:18+05:00","action":"delete","status":"completed","details":{"path":"dsn/77/d6/001/thumb/racing_rivals_dlya_android.jpeg","size":5504}}
{"date":"2026-09-17T15:41:19+05:00","action":"delete","status":"completed","details":{"path":"dsn/78/3e/001/thumb/highlight_code_libs.png","size":20644}}
{"date":"2026-09-17T15:41:19+05:00","action":"delete","status":"completed","details":{"path":"dsn/78/a8/001/thumb/z.jpg","size":4274}}
{"date":"2026-09-17T15:41:19+05:00","action":"delete","status":"completed","details":{"path":"dsn/78/a8/001/z.jpg","size":56857}}
{"date":"2026-09-17T15:41:19+05:00","action":"delete","status":"completed","details":{"path":"dsn/78/dd/001/thumb/redirekt.jpg","size":20103}}
{"date":"2026-09-17T15:41:19+05:00","action":"delete","status":"completed","details":{"path":"dsn/78/e2/001/thumb/sticky_footer_-_skolzyaszee_menyu1.png","size":73752}}
{"date":"2026-09-17T15:41:19+05:00","action":"delete","status":"completed","details":{"path":"dsn/79/9b/001/3.jpg","size":42723}}
{"date":"2026-09-17T15:41:20+05:00","action":"delete","status":"completed","details":{"path":"dsn/79/9b/001/thumb/3.jpg","size":6145}}
{"date":"2026-09-17T15:41:20+05:00","action":"delete","status":"completed","details":{"path":"dsn/79/9b/002/3.jpg","size":252941}}
{"date":"2026-09-17T15:41:20+05:00","action":"delete","status":"completed","details":{"path":"dsn/79/9b/002/thumb/3.jpg","size":6483}}
{"date":"2026-09-17T15:41:20+05:00","action":"delete","status":"completed","details":{"path":"dsn/79/9b/003/3.jpg","size":36976}}
{"date":"2026-09-17T15:41:20+05:00","action":"delete","status":"completed","details":{"path":"dsn/79/9b/003/thumb/3.jpg","size":6198}}
{"date":"2026-09-17T15:41:20+05:00","action":"delete","status":"completed","details":{"path":"dsn/79/20/001/csr_racing_dlya_android2.png","size":685609}}
{"date":"2026-09-17T15:41:21+05:00","action":"delete","status":"completed","details":{"path":"dsn/79/20/001/thumb/csr_racing_dlya_android2.png","size":44458}}
{"date":"2026-09-17T15:41:21+05:00","action":"delete","status":"completed","details":{"path":"dsn/79/25/001/thumb/912441_3.gif","size":14343}}
{"date":"2026-09-17T15:41:21+05:00","action":"delete","status":"completed","details":{"path":"dsn/79/34/001/thumb/oriflame_vv_si_-_-_html_5_tegi.png","size":69534}}
{"date":"2026-09-17T15:41:21+05:00","action":"delete","status":"completed","details":{"path":"dsn/79/45/001/thumb/img.gif","size":45361}}
{"date":"2026-09-17T15:41:21+05:00","action":"delete","status":"completed","details":{"path":"dsn/79/b7/001/asus-zenwatch-3-hands-on-title-image.jpg","size":91748}}
{"date":"2026-09-17T15:41:21+05:00","action":"delete","status":"completed","details":{"path":"dsn/79/b7/001/thumb/asus-zenwatch-3-hands-on-title-image.jpg","size":4244}}
{"date":"2026-09-17T15:41:22+05:00","action":"delete","status":"completed","details":{"path":"dsn/80/5b/001/thumb/screenshot_12h_18m_46s.jpg","size":27164}}
{"date":"2026-09-17T15:41:22+05:00","action":"delete","status":"completed","details":{"path":"dsn/80/6b/001/thumb/semantic-structure-2.png","size":34898}}
{"date":"2026-09-17T15:41:22+05:00","action":"delete","status":"completed","details":{"path":"dsn/80/79/001/haki_i_skripty_next_generation_cms.png","size":1009687}}
{"date":"2026-09-17T15:41:22+05:00","action":"delete","status":"completed","details":{"path":"dsn/80/79/001/thumb/haki_i_skripty_next_generation_cms.png","size":146180}}
{"date":"2026-09-17T15:41:22+05:00","action":"delete","status":"completed","details":{"path":"dsn/80/ae/001/thumb/blueberry__prostoi_i_legkii_jquery_slaider_dlya_izobrazhenii_-_divosite.png","size":89315}}
{"date":"2026-09-17T15:41:23+05:00","action":"delete","status":"completed","details":{"path":"dsn/80/e0/001/thumb/2025-03-20_17-55-15.png","size":232781}}
{"date":"2026-09-17T15:41:23+05:00","action":"delete","status":"completed","details":{"path":"dsn/80/fa/001/thumb/unnamed_4.jpg","size":7724}}
{"date":"2026-09-17T15:41:23+05:00","action":"delete","status":"completed","details":{"path":"dsn/80/fa/001/unnamed_4.jpg","size":31675}}
{"date":"2026-09-17T15:41:23+05:00","action":"delete","status":"completed","details":{"path":"dsn/81/6d/001/thumb/1346858624_keyboardlayout.jpg","size":5635}}
{"date":"2026-09-17T15:41:23+05:00","action":"delete","status":"completed","details":{"path":"dsn/81/c2/001/isk.jpg","size":17562}}
{"date":"2026-09-17T15:41:23+05:00","action":"delete","status":"completed","details":{"path":"dsn/81/c2/001/thumb/isk.jpg","size":3732}}
{"date":"2026-09-17T15:41:24+05:00","action":"delete","status":"completed","details":{"path":"dsn/82/4d/001/thumb/screenshot_10h_38m_21s.jpg","size":14524}}
{"date":"2026-09-17T15:41:24+05:00","action":"delete","status":"completed","details":{"path":"dsn/82/26/001/thumb/screenshot_86.png","size":33278}}
{"date":"2026-09-17T15:41:24+05:00","action":"delete","status":"completed","details":{"path":"dsn/82/56/001/thumb/266.jpg","size":21425}}
{"date":"2026-09-17T15:41:24+05:00","action":"delete","status":"completed","details":{"path":"dsn/82/66/001/5.png","size":142790}}
{"date":"2026-09-17T15:41:24+05:00","action":"delete","status":"completed","details":{"path":"dsn/82/66/001/thumb/5.png","size":15573}}
{"date":"2026-09-17T15:41:24+05:00","action":"delete","status":"completed","details":{"path":"dsn/82/db/001/s_1_racing_rivals.jpg","size":16341}}
{"date":"2026-09-17T15:41:25+05:00","action":"delete","status":"completed","details":{"path":"dsn/82/db/001/thumb/s_1_racing_rivals.jpg","size":3854}}
{"date":"2026-09-17T15:41:25+05:00","action":"delete","status":"completed","details":{"path":"dsn/83/71/001/thumb/_pl61jqw1ia7w2r7at13fdzwqre.gif","size":11938}}
{"date":"2026-09-17T15:41:25+05:00","action":"delete","status":"completed","details":{"path":"dsn/83/74/001/thumb/screenshot_31.png","size":101575}}
{"date":"2026-09-17T15:41:25+05:00","action":"delete","status":"completed","details":{"path":"dsn/83/a4/001/pr_866_img_5296-500x500.jpg","size":25631}}
{"date":"2026-09-17T15:41:25+05:00","action":"delete","status":"completed","details":{"path":"dsn/83/a4/001/thumb/pr_866_img_5296-500x500.jpg","size":2477}}
{"date":"2026-09-17T15:41:25+05:00","action":"delete","status":"completed","details":{"path":"dsn/84/4f/001/multikalendar_kalendar_so_smenoi_fona_i_vida_v_zavisimosti_ot_vremeni_goda_-_flash_raznoe_-_katalog_failov_-_xflash_flash_animacii.png","size":23387}}
{"date":"2026-09-17T15:41:26+05:00","action":"delete","status":"completed","details":{"path":"dsn/84/4f/001/thumb/multikalendar_kalendar_so_smenoi_fona_i_vida_v_zavisimosti_ot_vremeni_goda_-_flash_raznoe_-_katalog_failov_-_xflash_flash_animacii.png","size":43134}}
{"date":"2026-09-17T15:41:26+05:00","action":"delete","status":"completed","details":{"path":"dsn/84/4f/002/multikalendar_kalendar_so_smenoi_fona_i_vida_v_zavisimosti_ot_vremeni_goda_-_flash_raznoe_-_katalog_failov_-_xflash_flash_animacii.png","size":23387}}
{"date":"2026-09-17T15:41:26+05:00","action":"delete","status":"completed","details":{"path":"dsn/84/4f/002/thumb/multikalendar_kalendar_so_smenoi_fona_i_vida_v_zavisimosti_ot_vremeni_goda_-_flash_raznoe_-_katalog_failov_-_xflash_flash_animacii.png","size":43134}}
{"date":"2026-09-17T15:41:26+05:00","action":"delete","status":"completed","details":{"path":"dsn/84/4f/003/multikalendar_kalendar_so_smenoi_fona_i_vida_v_zavisimosti_ot_vremeni_goda_-_flash_raznoe_-_katalog_failov_-_xflash_flash_animacii.png","size":23387}}
{"date":"2026-09-17T15:41:26+05:00","action":"delete","status":"completed","details":{"path":"dsn/84/4f/003/thumb/multikalendar_kalendar_so_smenoi_fona_i_vida_v_zavisimosti_ot_vremeni_goda_-_flash_raznoe_-_katalog_failov_-_xflash_flash_animacii.png","size":43134}}
{"date":"2026-09-17T15:41:26+05:00","action":"delete","status":"completed","details":{"path":"dsn/84/99/001/thumb/pages.png","size":7182}}
{"date":"2026-09-17T15:41:27+05:00","action":"delete","status":"completed","details":{"path":"dsn/84/d0/001/3_1.png","size":596999}}
{"date":"2026-09-17T15:41:27+05:00","action":"delete","status":"completed","details":{"path":"dsn/84/d0/001/thumb/3_1.png","size":22996}}
{"date":"2026-09-17T15:41:27+05:00","action":"delete","status":"completed","details":{"path":"dsn/85/3f/001/thumb/deskop___oboi__priroda___krasivye_vidy.jpeg","size":32209}}
{"date":"2026-09-17T15:41:27+05:00","action":"delete","status":"completed","details":{"path":"dsn/85/b6/001/screenshot_11.png","size":223323}}
{"date":"2026-09-17T15:41:27+05:00","action":"delete","status":"completed","details":{"path":"dsn/85/b6/001/thumb/screenshot_11.png","size":38748}}
{"date":"2026-09-17T15:41:27+05:00","action":"delete","status":"completed","details":{"path":"dsn/85/b6/002/screenshot_11.png","size":506628}}
{"date":"2026-09-17T15:41:28+05:00","action":"delete","status":"completed","details":{"path":"dsn/85/b6/002/thumb/screenshot_11.png","size":47932}}
{"date":"2026-09-17T15:41:28+05:00","action":"delete","status":"completed","details":{"path":"dsn/85/e7/001/446940_14.png","size":18960}}
{"date":"2026-09-17T15:42:02+05:00","action":"delete","status":"completed","details":{"path":"dsn/85/e7/001/thumb/446940_14.png","size":4188}}
{"date":"2026-09-17T15:42:02+05:00","action":"delete","status":"completed","details":{"path":"dsn/86/1c/001/meizu.jpg","size":28609}}
{"date":"2026-09-17T15:42:02+05:00","action":"delete","status":"completed","details":{"path":"dsn/86/1c/001/thumb/meizu.jpg","size":3882}}
{"date":"2026-09-17T15:42:02+05:00","action":"delete","status":"completed","details":{"path":"dsn/86/87/001/china-wallpapers-megapack.jpg","size":125643}}
{"date":"2026-09-17T15:42:02+05:00","action":"delete","status":"completed","details":{"path":"dsn/86/87/001/thumb/china-wallpapers-megapack.jpg","size":6264}}
{"date":"2026-09-17T15:42:02+05:00","action":"delete","status":"completed","details":{"path":"dsn/86/94/001/2837626.png","size":39474}}
{"date":"2026-09-17T15:42:03+05:00","action":"delete","status":"completed","details":{"path":"dsn/86/a3/001/skachat_oboi_dlya_rabochego_stola_v_arhivah__shirokoformatnye_oboi_skachat_arhiv__kollekcii_luchshie_kachestvennye_oboi_skachat_arhiv.png","size":219352}}
{"date":"2026-09-17T15:42:03+05:00","action":"delete","status":"completed","details":{"path":"dsn/86/a3/001/thumb/skachat_oboi_dlya_rabochego_stola_v_arhivah__shirokoformatnye_oboi_skachat_arhiv__kollekcii_luchshie_kachestvennye_oboi_skachat_arhiv.png","size":26979}}
{"date":"2026-09-17T15:42:03+05:00","action":"delete","status":"completed","details":{"path":"dsn/86/ad/001/besplatnye_shablony_ng_cms_-_glavnaya_stranica.png","size":343675}}
{"date":"2026-09-17T15:42:03+05:00","action":"delete","status":"completed","details":{"path":"dsn/86/ad/001/thumb/besplatnye_shablony_ng_cms_-_glavnaya_stranica.png","size":74316}}
{"date":"2026-09-17T15:42:03+05:00","action":"delete","status":"completed","details":{"path":"dsn/86/e7/001/thumb/fluks.gif","size":25889}}
{"date":"2026-09-17T15:42:03+05:00","action":"delete","status":"completed","details":{"path":"dsn/86/ea/001/daad1863029cefdf1df714e114ad0e5e.jpg","size":37413}}
{"date":"2026-09-17T15:42:04+05:00","action":"delete","status":"completed","details":{"path":"dsn/86/ea/001/thumb/daad1863029cefdf1df714e114ad0e5e.jpg","size":5923}}
{"date":"2026-09-17T15:42:04+05:00","action":"delete","status":"completed","details":{"path":"dsn/87/4a/001/thumb/polevye-cvety-2.jpg","size":26544}}
{"date":"2026-09-17T15:42:04+05:00","action":"delete","status":"completed","details":{"path":"dsn/87/62/001/thumb/notification.png","size":126759}}
{"date":"2026-09-17T15:42:04+05:00","action":"delete","status":"completed","details":{"path":"dsn/88/0a/002/scroll_ves.jpg","size":15150}}
{"date":"2026-09-17T15:42:04+05:00","action":"delete","status":"completed","details":{"path":"dsn/88/0a/002/thumb/scroll_ves.jpg","size":4650}}
{"date":"2026-09-17T15:42:04+05:00","action":"delete","status":"completed","details":{"path":"dsn/88/87/001/thumb/1d16bef878.png","size":34303}}
{"date":"2026-09-17T15:42:05+05:00","action":"delete","status":"completed","details":{"path":"dsn/88/dd/001/s03389052.jpg","size":33488}}
{"date":"2026-09-17T15:42:05+05:00","action":"delete","status":"completed","details":{"path":"dsn/88/dd/001/thumb/s03389052.jpg","size":8594}}
{"date":"2026-09-17T15:42:05+05:00","action":"delete","status":"completed","details":{"path":"dsn/89/34/001/thumb/copyprotect.jpg","size":92818}}
{"date":"2026-09-17T15:42:05+05:00","action":"delete","status":"completed","details":{"path":"dsn/90/9a/001/thumb/zagruzhennoe_3.jpg","size":9404}}
{"date":"2026-09-17T15:42:05+05:00","action":"delete","status":"completed","details":{"path":"dsn/90/9a/002/thumb/zagruzhennoe_3.jpg","size":7876}}
{"date":"2026-09-17T15:42:05+05:00","action":"delete","status":"completed","details":{"path":"dsn/90/40/001/thumb/screenshot_21h_06m_49s.jpg","size":18093}}
{"date":"2026-09-17T15:42:06+05:00","action":"delete","status":"completed","details":{"path":"dsn/90/ff/001/thumb/haki_i_skripty_next_generation_cms_-_palitra_cvetov_-_palitra_cvetov_1.png","size":25250}}
{"date":"2026-09-17T15:42:06+05:00","action":"delete","status":"completed","details":{"path":"dsn/91/44/001/norton_ms-03-720.png","size":76601}}
{"date":"2026-09-17T15:42:06+05:00","action":"delete","status":"completed","details":{"path":"dsn/91/44/001/thumb/norton_ms-03-720.png","size":8039}}
{"date":"2026-09-17T15:42:06+05:00","action":"delete","status":"completed","details":{"path":"dsn/91/44/002/norton_ms-03-720.png","size":93244}}
{"date":"2026-09-17T15:42:06+05:00","action":"delete","status":"completed","details":{"path":"dsn/91/44/002/thumb/norton_ms-03-720.png","size":13347}}
{"date":"2026-09-17T15:42:06+05:00","action":"delete","status":"completed","details":{"path":"dsn/91/60/001/artificial_sun.png","size":383727}}
{"date":"2026-09-17T15:42:07+05:00","action":"delete","status":"completed","details":{"path":"dsn/91/60/001/thumb/artificial_sun.png","size":66331}}
{"date":"2026-09-17T15:42:07+05:00","action":"delete","status":"completed","details":{"path":"dsn/91/66/001/s69253539.jpg","size":55251}}
{"date":"2026-09-17T15:42:07+05:00","action":"delete","status":"completed","details":{"path":"dsn/91/66/001/thumb/s69253539.jpg","size":55170}}
{"date":"2026-09-17T15:42:07+05:00","action":"delete","status":"completed","details":{"path":"dsn/91/67/001/thumb/fe54192a8936d4682f0bb01b6dec530c.jpg","size":6085}}
{"date":"2026-09-17T15:42:07+05:00","action":"delete","status":"completed","details":{"path":"dsn/91/70/001/thumb/haki_i_skripty_next_generation_cms___raznoe__nastroika_plaginov___ustanovka_dvizhka_ngcms.png","size":67384}}
{"date":"2026-09-17T15:42:08+05:00","action":"delete","status":"completed","details":{"path":"dsn/91/f8/001/media-tape_7601.png","size":2875}}
{"date":"2026-09-17T15:42:08+05:00","action":"delete","status":"completed","details":{"path":"dsn/91/f8/001/thumb/media-tape_7601.png","size":2719}}
{"date":"2026-09-17T15:42:08+05:00","action":"delete","status":"completed","details":{"path":"dsn/92/6b/001/razdel_contextmenuhandlers.png","size":39334}}
{"date":"2026-09-17T15:42:08+05:00","action":"delete","status":"completed","details":{"path":"dsn/92/6b/001/thumb/razdel_contextmenuhandlers.png","size":10540}}
{"date":"2026-09-17T15:42:08+05:00","action":"delete","status":"completed","details":{"path":"dsn/92/e2/001/thumb/tztu2ftkytm.jpg","size":18953}}
{"date":"2026-09-17T15:42:08+05:00","action":"delete","status":"completed","details":{"path":"dsn/93/6a/001/thumb/ui_tabs.jpg","size":7065}}
{"date":"2026-09-17T15:42:09+05:00","action":"delete","status":"completed","details":{"path":"dsn/93/81/001/thumb/images_1.jpg","size":7177}}
{"date":"2026-09-17T15:42:09+05:00","action":"delete","status":"completed","details":{"path":"dsn/93/81/002/thumb/images_1.jpg","size":12339}}
{"date":"2026-09-17T15:42:09+05:00","action":"delete","status":"completed","details":{"path":"dsn/93/81/003/thumb/images_1.jpg","size":5691}}
{"date":"2026-09-17T15:42:09+05:00","action":"delete","status":"completed","details":{"path":"dsn/93/81/004/thumb/images_1.jpg","size":5691}}
{"date":"2026-09-17T15:42:09+05:00","action":"delete","status":"completed","details":{"path":"dsn/93/81/005/thumb/images_1.jpg","size":5691}}
{"date":"2026-09-17T15:42:10+05:00","action":"delete","status":"completed","details":{"path":"dsn/93/81/006/thumb/images_1.jpg","size":5691}}
{"date":"2026-09-17T15:42:10+05:00","action":"delete","status":"completed","details":{"path":"dsn/93/81/007/thumb/images_1.jpg","size":11594}}
{"date":"2026-09-17T15:42:10+05:00","action":"delete","status":"completed","details":{"path":"dsn/93/81/008/thumb/images_1.jpg","size":8429}}
{"date":"2026-09-17T15:42:10+05:00","action":"delete","status":"completed","details":{"path":"dsn/94/2f/001/thumb/reklama.gif","size":32007}}
{"date":"2026-09-17T15:42:10+05:00","action":"delete","status":"completed","details":{"path":"dsn/94/d6/001/s74769737.jpg","size":44937}}
{"date":"2026-09-17T15:42:11+05:00","action":"delete","status":"completed","details":{"path":"dsn/94/d6/001/thumb/s74769737.jpg","size":10735}}
{"date":"2026-09-17T15:42:11+05:00","action":"delete","status":"completed","details":{"path":"dsn/95/70/001/thumb/images_4.jpg","size":5242}}
{"date":"2026-09-17T15:42:11+05:00","action":"delete","status":"completed","details":{"path":"dsn/95/70/002/thumb/images_4.jpg","size":12089}}
{"date":"2026-09-17T15:42:11+05:00","action":"delete","status":"completed","details":{"path":"dsn/96/be/001/thumb/menu2.gif","size":10899}}
{"date":"2026-09-17T15:42:11+05:00","action":"delete","status":"completed","details":{"path":"dsn/97/35/001/thumb/301.png","size":46133}}
{"date":"2026-09-17T15:42:11+05:00","action":"delete","status":"completed","details":{"path":"dsn/97/52/001/screenshot_38.png","size":557980}}
{"date":"2026-09-17T15:42:12+05:00","action":"delete","status":"completed","details":{"path":"dsn/97/52/001/thumb/screenshot_38.png","size":16435}}
{"date":"2026-09-17T15:42:12+05:00","action":"delete","status":"completed","details":{"path":"dsn/97/f7/001/thumb/vivo.jpg","size":3279}}
{"date":"2026-09-17T15:42:12+05:00","action":"delete","status":"completed","details":{"path":"dsn/97/f7/001/vivo.jpg","size":43704}}
{"date":"2026-09-17T15:42:12+05:00","action":"delete","status":"completed","details":{"path":"dsn/98/2d/001/1442563423_no-mans-sky-hello-games.jpg","size":38788}}
{"date":"2026-09-17T15:42:12+05:00","action":"delete","status":"completed","details":{"path":"dsn/98/35/001/thumb/windows-logon-screen-rotator-latest-version.jpg","size":5500}}
{"date":"2026-09-17T15:42:12+05:00","action":"delete","status":"completed","details":{"path":"dsn/98/35/001/windows-logon-screen-rotator-latest-version.jpg","size":80255}}
{"date":"2026-09-17T15:42:13+05:00","action":"delete","status":"completed","details":{"path":"dsn/98/76/001/44.jpg","size":57769}}
{"date":"2026-09-17T15:42:13+05:00","action":"delete","status":"completed","details":{"path":"dsn/98/76/001/thumb/44.jpg","size":3888}}
{"date":"2026-09-17T15:42:13+05:00","action":"delete","status":"completed","details":{"path":"dsn/98/76/002/44.jpg","size":121925}}
{"date":"2026-09-17T15:42:13+05:00","action":"delete","status":"completed","details":{"path":"dsn/98/76/002/thumb/44.jpg","size":8743}}
{"date":"2026-09-17T15:42:13+05:00","action":"delete","status":"completed","details":{"path":"dsn/98/ec/001/thumb/easy-tooltip.jpg","size":85686}}
{"date":"2026-09-17T15:42:13+05:00","action":"delete","status":"completed","details":{"path":"dsn/98/fb/001/thumb/screenshot_23h_20m_48s.jpg","size":41457}}
{"date":"2026-09-17T15:42:14+05:00","action":"delete","status":"completed","details":{"path":"dsn/99/0b/001/thumb/1440312804_y2l4gvqwimu.jpg","size":90251}}
{"date":"2026-09-17T15:42:14+05:00","action":"delete","status":"completed","details":{"path":"dsn/99/81/001/thumb/google-captcha-recaptcha-logo.jpg","size":46106}}
{"date":"2026-09-17T15:42:14+05:00","action":"delete","status":"completed","details":{"path":"dsn/99/88/001/qjpcnqdjja8.jpg","size":17140}}
{"date":"2026-09-17T15:42:14+05:00","action":"delete","status":"completed","details":{"path":"dsn/99/88/001/thumb/qjpcnqdjja8.jpg","size":3943}}
{"date":"2026-09-17T15:42:14+05:00","action":"delete","status":"completed","details":{"path":"dsn/a0/3e/001/thumb/titl.gif","size":62698}}
{"date":"2026-09-17T15:42:14+05:00","action":"delete","status":"completed","details":{"path":"dsn/a0/17/001/thumb/001.jpg","size":8453}}
{"date":"2026-09-17T15:42:15+05:00","action":"delete","status":"completed","details":{"path":"dsn/a0/ee/002/thumb/screen_2013_2_5_20-58-42_0.jpg","size":16969}}
{"date":"2026-09-17T15:42:15+05:00","action":"delete","status":"completed","details":{"path":"dsn/a0/f6/001/1367915914_4.png","size":38444}}
{"date":"2026-09-17T15:42:15+05:00","action":"delete","status":"completed","details":{"path":"dsn/a0/f6/001/thumb/1367915914_4.png","size":12769}}
{"date":"2026-09-17T15:42:15+05:00","action":"delete","status":"completed","details":{"path":"dsn/a1/4e/001/skaner3.jpg","size":27524}}
{"date":"2026-09-17T15:42:15+05:00","action":"delete","status":"completed","details":{"path":"dsn/a1/4e/001/thumb/skaner3.jpg","size":3181}}
{"date":"2026-09-17T15:42:15+05:00","action":"delete","status":"completed","details":{"path":"dsn/a1/35/001/thumb/1382321427.png","size":99170}}
{"date":"2026-09-17T15:42:16+05:00","action":"delete","status":"completed","details":{"path":"dsn/a1/dd/001/8755825.png","size":41002}}
{"date":"2026-09-17T15:42:16+05:00","action":"delete","status":"completed","details":{"path":"dsn/a3/30/001/thumb/knop.gif","size":28553}}
{"date":"2026-09-17T15:42:16+05:00","action":"delete","status":"completed","details":{"path":"dsn/a3/66/001/thumb/traser1.jpg","size":6008}}
{"date":"2026-09-17T15:42:16+05:00","action":"delete","status":"completed","details":{"path":"dsn/a3/66/001/traser1.jpg","size":31779}}
{"date":"2026-09-17T15:42:16+05:00","action":"delete","status":"completed","details":{"path":"dsn/a3/c4/001/screenshot_24.png","size":113943}}
{"date":"2026-09-17T15:42:16+05:00","action":"delete","status":"completed","details":{"path":"dsn/a3/c4/001/thumb/screenshot_24.png","size":7935}}
{"date":"2026-09-17T15:42:17+05:00","action":"delete","status":"completed","details":{"path":"dsn/a3/fa/001/img4.jpg","size":58655}}
{"date":"2026-09-17T15:42:17+05:00","action":"delete","status":"completed","details":{"path":"dsn/a3/fa/001/thumb/img4.jpg","size":4433}}
{"date":"2026-09-17T15:42:17+05:00","action":"delete","status":"completed","details":{"path":"dsn/a4/01/001/loker4.png","size":76651}}
{"date":"2026-09-17T15:42:17+05:00","action":"delete","status":"completed","details":{"path":"dsn/a4/01/001/thumb/loker4.png","size":16612}}
{"date":"2026-09-17T15:42:17+05:00","action":"delete","status":"completed","details":{"path":"dsn/a4/99/001/thumb/tweakslogonss2.jpg","size":3962}}
{"date":"2026-09-17T15:42:17+05:00","action":"delete","status":"completed","details":{"path":"dsn/a4/99/001/tweakslogonss2.jpg","size":34967}}
{"date":"2026-09-17T15:42:18+05:00","action":"delete","status":"completed","details":{"path":"dsn/a4/bc/001/thumb/f22c618f03e7019b84c69831946fa09d.png","size":32551}}
{"date":"2026-09-17T15:42:18+05:00","action":"delete","status":"completed","details":{"path":"dsn/a4/bc/002/thumb/f22c618f03e7019b84c69831946fa09d.png","size":32551}}
{"date":"2026-09-17T15:42:18+05:00","action":"delete","status":"completed","details":{"path":"dsn/a5/0c/001/screenshot_98.png","size":118265}}
{"date":"2026-09-17T15:42:18+05:00","action":"delete","status":"completed","details":{"path":"dsn/a5/4e/001/thumb/databases_large.jpg","size":82674}}
{"date":"2026-09-17T15:42:18+05:00","action":"delete","status":"completed","details":{"path":"dsn/a5/21/001/thumb/1327877825_zachita2_dleteam_ru.jpg","size":19514}}
{"date":"2026-09-17T15:42:18+05:00","action":"delete","status":"completed","details":{"path":"dsn/a5/81/001/screenshot_9.png","size":137653}}
{"date":"2026-09-17T15:42:19+05:00","action":"delete","status":"completed","details":{"path":"dsn/a5/81/001/thumb/screenshot_9.png","size":16015}}
{"date":"2026-09-17T15:42:19+05:00","action":"delete","status":"completed","details":{"path":"dsn/a5/a3/001/thumb/sql.jpg","size":60892}}
{"date":"2026-09-17T15:42:19+05:00","action":"delete","status":"completed","details":{"path":"dsn/a5/bb/001/thumb/novatory___pryzhki_po_vode__2_sezon__novye_serii___multik____youtube.png","size":10424}}
{"date":"2026-09-17T15:42:19+05:00","action":"delete","status":"completed","details":{"path":"dsn/a5/cf/001/thumb/demo_for_very_beautiful_css3_transition_animated_buttons.png","size":28726}}
{"date":"2026-09-17T15:42:19+05:00","action":"delete","status":"completed","details":{"path":"dsn/a5/d3/001/4600229.png","size":87980}}
{"date":"2026-09-17T15:42:19+05:00","action":"delete","status":"completed","details":{"path":"dsn/a5/f5/001/thumb/oblaco2.gif","size":23290}}
{"date":"2026-09-17T15:42:20+05:00","action":"delete","status":"completed","details":{"path":"dsn/a6/00/001/aston2-logo.jpg","size":12136}}
{"date":"2026-09-17T15:42:20+05:00","action":"delete","status":"completed","details":{"path":"dsn/a6/00/001/thumb/aston2-logo.jpg","size":5936}}
{"date":"2026-09-17T15:42:20+05:00","action":"delete","status":"completed","details":{"path":"dsn/a6/7d/001/thumb/uvedom.gif","size":46384}}
{"date":"2026-09-17T15:42:20+05:00","action":"delete","status":"completed","details":{"path":"dsn/a6/74/001/c9fc83ec721351de99ea8e74ff4368c1.jpeg","size":57285}}
{"date":"2026-09-17T15:42:20+05:00","action":"delete","status":"completed","details":{"path":"dsn/a6/74/001/thumb/c9fc83ec721351de99ea8e74ff4368c1.jpeg","size":7767}}
{"date":"2026-09-17T15:42:20+05:00","action":"delete","status":"completed","details":{"path":"dsn/a6/86/001/s_999.jpg","size":21881}}
{"date":"2026-09-17T15:42:21+05:00","action":"delete","status":"completed","details":{"path":"dsn/a6/86/001/thumb/s_999.jpg","size":3734}}
{"date":"2026-09-17T15:42:21+05:00","action":"delete","status":"completed","details":{"path":"dsn/a6/86/002/s_999.jpg","size":20720}}
{"date":"2026-09-17T15:42:21+05:00","action":"delete","status":"completed","details":{"path":"dsn/a6/86/002/thumb/s_999.jpg","size":3648}}
{"date":"2026-09-17T15:42:21+05:00","action":"delete","status":"completed","details":{"path":"dsn/a6/86/003/s_999.jpg","size":20625}}
{"date":"2026-09-17T15:42:21+05:00","action":"delete","status":"completed","details":{"path":"dsn/a6/86/003/thumb/s_999.jpg","size":3861}}
{"date":"2026-09-17T15:42:21+05:00","action":"delete","status":"completed","details":{"path":"dsn/a6/89/001/thumb/sicurezza-wordpress-guida-definitiva-htaccess.png","size":88958}}
{"date":"2026-09-17T15:42:22+05:00","action":"delete","status":"completed","details":{"path":"dsn/a7/ba/001/4k_rain_video_wallpaper.jpg","size":13084}}
{"date":"2026-09-17T15:42:22+05:00","action":"delete","status":"completed","details":{"path":"dsn/a7/ba/001/thumb/4k_rain_video_wallpaper.jpg","size":3798}}
{"date":"2026-09-17T15:42:22+05:00","action":"delete","status":"completed","details":{"path":"dsn/a8/0b/001/thumb/tag.gif","size":39161}}
{"date":"2026-09-17T15:42:22+05:00","action":"delete","status":"completed","details":{"path":"dsn/a8/4b/001/buheirf.jpg","size":29724}}
{"date":"2026-09-17T15:42:22+05:00","action":"delete","status":"completed","details":{"path":"dsn/a8/4b/001/thumb/buheirf.jpg","size":5495}}
{"date":"2026-09-17T15:42:22+05:00","action":"delete","status":"completed","details":{"path":"dsn/a8/9a/001/thumb/oficialnyi_veb-sait_google_analytics_veb-analitika_i_otchety__google_analytics.png","size":28778}}
{"date":"2026-09-17T15:42:23+05:00","action":"delete","status":"completed","details":{"path":"dsn/a8/26/001/racing_rivals_dlya_android1.jpeg","size":73652}}
{"date":"2026-09-17T15:42:23+05:00","action":"delete","status":"completed","details":{"path":"dsn/a8/26/001/thumb/racing_rivals_dlya_android1.jpeg","size":6626}}
{"date":"2026-09-17T15:42:23+05:00","action":"delete","status":"completed","details":{"path":"dsn/a8/56/001/51fe06a86045.jpg","size":20387}}
{"date":"2026-09-17T15:42:23+05:00","action":"delete","status":"completed","details":{"path":"dsn/a8/56/001/thumb/51fe06a86045.jpg","size":3424}}
{"date":"2026-09-17T15:42:23+05:00","action":"delete","status":"completed","details":{"path":"dsn/a8/ad/001/thumb/screenshot_23h_03m_05s.jpg","size":8745}}
{"date":"2026-09-17T15:42:23+05:00","action":"delete","status":"completed","details":{"path":"dsn/a8/e2/001/5efd3d078921bb1727b8c05e1668e879.jpeg","size":70050}}
{"date":"2026-09-17T15:42:24+05:00","action":"delete","status":"completed","details":{"path":"dsn/a8/e2/001/thumb/5efd3d078921bb1727b8c05e1668e879.jpeg","size":9979}}
{"date":"2026-09-17T15:42:24+05:00","action":"delete","status":"completed","details":{"path":"dsn/a9/70/001/blog_ne_o_glavnom_-_glavnaya_stranica.png","size":297810}}
{"date":"2026-09-17T15:42:24+05:00","action":"delete","status":"completed","details":{"path":"dsn/a9/70/001/thumb/blog_ne_o_glavnom_-_glavnaya_stranica.png","size":74631}}
{"date":"2026-09-17T15:42:24+05:00","action":"delete","status":"completed","details":{"path":"dsn/a9/b6/001/thumb/screenshot_46.jpg","size":55251}}
{"date":"2026-09-17T15:42:24+05:00","action":"delete","status":"completed","details":{"path":"dsn/aa/55/001/thumb/teksturnye_fotografii_ukrainskogo_podvizhnogo_sostava_-_glavnaya_stranica1.png","size":122509}}
{"date":"2026-09-17T15:42:24+05:00","action":"delete","status":"completed","details":{"path":"dsn/aa/80/001/thumb/609605da12db.gif","size":2395}}
{"date":"2026-09-17T15:42:25+05:00","action":"delete","status":"completed","details":{"path":"dsn/aa/94/001/thumb/abc0824f2b06.jpg","size":45552}}
{"date":"2026-09-17T15:42:25+05:00","action":"delete","status":"completed","details":{"path":"dsn/aa/c9/001/s_bez_imeni1.jpg","size":15251}}
{"date":"2026-09-17T15:42:25+05:00","action":"delete","status":"completed","details":{"path":"dsn/aa/c9/001/thumb/s_bez_imeni1.jpg","size":3673}}
{"date":"2026-09-17T15:42:25+05:00","action":"delete","status":"completed","details":{"path":"dsn/ab/5d/001/c0117808f783.jpg","size":51288}}
{"date":"2026-09-17T15:42:25+05:00","action":"delete","status":"completed","details":{"path":"dsn/ab/5d/001/thumb/c0117808f783.jpg","size":9670}}
{"date":"2026-09-17T15:42:26+05:00","action":"delete","status":"completed","details":{"path":"dsn/ab/92/001/roslavl-kaliningrad_tury_v_polshu_evropu_pribaltiku__novogodnie_tury__ekskursii_po_kaliningradu_i_oblasti__shkolnye_t-1.png","size":623768}}
{"date":"2026-09-17T15:42:26+05:00","action":"delete","status":"completed","details":{"path":"dsn/ab/92/001/thumb/roslavl-kaliningrad_tury_v_polshu_evropu_pribaltiku__novogodnie_tury__ekskursii_po_kaliningradu_i_oblasti__shkolnye_t-1.png","size":94567}}
{"date":"2026-09-17T15:42:26+05:00","action":"delete","status":"completed","details":{"path":"dsn/ac/83/001/divan.jpg","size":375215}}
{"date":"2026-09-17T15:42:26+05:00","action":"delete","status":"completed","details":{"path":"dsn/ac/83/001/thumb/divan.jpg","size":3297}}
{"date":"2026-09-17T15:42:26+05:00","action":"delete","status":"completed","details":{"path":"dsn/ac/b9/001/1469039899_1-20.jpg","size":132499}}
{"date":"2026-09-17T15:42:26+05:00","action":"delete","status":"completed","details":{"path":"dsn/ad/4a/001/thumb/lightboxl.gif","size":16936}}
{"date":"2026-09-17T15:42:27+05:00","action":"delete","status":"completed","details":{"path":"dsn/ad/7f/001/thumb/0000.jpg","size":102745}}
{"date":"2026-09-17T15:42:27+05:00","action":"delete","status":"completed","details":{"path":"dsn/ad/39/001/circle_dock3.gif","size":16821}}
{"date":"2026-09-17T15:42:27+05:00","action":"delete","status":"completed","details":{"path":"dsn/ad/66/001/thumb/windows8-launcher-v1_5.jpg","size":3635}}
{"date":"2026-09-17T15:42:27+05:00","action":"delete","status":"completed","details":{"path":"dsn/ad/66/001/windows8-launcher-v1_5.jpg","size":38738}}
{"date":"2026-09-17T15:42:27+05:00","action":"delete","status":"completed","details":{"path":"dsn/ad/b3/001/thumb/miralinks.gif","size":26480}}
{"date":"2026-09-17T15:42:27+05:00","action":"delete","status":"completed","details":{"path":"dsn/ad/d0/001/counter-strike_1_6.png","size":528802}}
{"date":"2026-09-17T15:42:28+05:00","action":"delete","status":"completed","details":{"path":"dsn/ad/d0/001/thumb/counter-strike_1_6.png","size":81384}}
{"date":"2026-09-17T15:42:28+05:00","action":"delete","status":"completed","details":{"path":"dsn/ae/0e/001/thumb/input.gif","size":1982}}
{"date":"2026-09-17T15:42:28+05:00","action":"delete","status":"completed","details":{"path":"dsn/ae/41/001/thumb/screenshot_50.png","size":30340}}
{"date":"2026-09-17T15:42:28+05:00","action":"delete","status":"completed","details":{"path":"dsn/ae/56/001/10.jpg","size":9839}}
{"date":"2026-09-17T15:42:28+05:00","action":"delete","status":"completed","details":{"path":"dsn/ae/56/001/thumb/10.jpg","size":4483}}
{"date":"2026-09-17T15:42:28+05:00","action":"delete","status":"completed","details":{"path":"dsn/ae/99/001/thumb/1284990701.jpg","size":17514}}
{"date":"2026-09-17T15:42:29+05:00","action":"delete","status":"completed","details":{"path":"dsn/ae/e1/001/zagruzheno_6.jpg","size":9251}}
{"date":"2026-09-17T15:42:29+05:00","action":"delete","status":"completed","details":{"path":"dsn/af/4a/001/thumb/screenshot_15h_25m_31s.jpg","size":28487}}
{"date":"2026-09-17T15:42:29+05:00","action":"delete","status":"completed","details":{"path":"dsn/af/5d/001/thumb/screenshot_19h_56m_40s.jpg","size":31422}}
{"date":"2026-09-17T15:42:29+05:00","action":"delete","status":"completed","details":{"path":"dsn/af/6a/001/thumb/34.gif","size":18847}}
{"date":"2026-09-17T15:42:29+05:00","action":"delete","status":"completed","details":{"path":"dsn/af/9c/001/s_kartinka.jpg","size":15640}}
{"date":"2026-09-17T15:42:29+05:00","action":"delete","status":"completed","details":{"path":"dsn/af/9c/001/thumb/s_kartinka.jpg","size":3701}}
{"date":"2026-09-17T15:42:30+05:00","action":"delete","status":"completed","details":{"path":"dsn/af/49/001/thumb/screenshot_35.png","size":28016}}
{"date":"2026-09-17T15:42:30+05:00","action":"delete","status":"completed","details":{"path":"dsn/af/55/001/thumb/screen_2013_1_8_1-1-17_9.jpg","size":17350}}
{"date":"2026-09-17T15:42:30+05:00","action":"delete","status":"completed","details":{"path":"dsn/af/b9/001/capture-high-quality-video-recording-your-samsung-galaxy-s3s-screen_w654.jpg","size":31382}}
{"date":"2026-09-17T15:42:30+05:00","action":"delete","status":"completed","details":{"path":"dsn/af/b9/001/thumb/capture-high-quality-video-recording-your-samsung-galaxy-s3s-screen_w654.jpg","size":4116}}
{"date":"2026-09-17T15:42:30+05:00","action":"delete","status":"completed","details":{"path":"dsn/af/be/001/thumb/bar.gif","size":16486}}
{"date":"2026-09-17T15:42:30+05:00","action":"delete","status":"completed","details":{"path":"dsn/af/f1/001/thumb/table2-1.jpg","size":7005}}
{"date":"2026-09-17T15:42:31+05:00","action":"delete","status":"completed","details":{"path":"dsn/b0/0f/001/dab5300261ef24088a65341b1ea1e85d.jpeg","size":35558}}
{"date":"2026-09-17T15:42:31+05:00","action":"delete","status":"completed","details":{"path":"dsn/b0/0f/001/thumb/dab5300261ef24088a65341b1ea1e85d.jpeg","size":6136}}
{"date":"2026-09-17T15:42:31+05:00","action":"delete","status":"completed","details":{"path":"dsn/b0/b5/001/thumb/screenshot_23.png","size":45888}}
{"date":"2026-09-17T15:42:31+05:00","action":"delete","status":"completed","details":{"path":"dsn/b0/d2/001/thumb/trainz_railroad_simulator_in_ukraine_-_golovna_storinka.png","size":107502}}
{"date":"2026-09-17T15:42:31+05:00","action":"delete","status":"completed","details":{"path":"dsn/b0/d2/001/trainz_railroad_simulator_in_ukraine_-_golovna_storinka.png","size":705239}}
{"date":"2026-09-17T15:42:31+05:00","action":"delete","status":"completed","details":{"path":"dsn/b0/e0/001/thumb/play22.gif","size":20792}}
{"date":"2026-09-17T15:42:32+05:00","action":"delete","status":"completed","details":{"path":"dsn/b1/28/001/thumb/timeline-thumb.jpg","size":60280}}
{"date":"2026-09-17T15:42:32+05:00","action":"delete","status":"completed","details":{"path":"dsn/b1/65/001/thumb/underground_racer_hd_dlya_android1.png","size":26699}}
{"date":"2026-09-17T15:42:32+05:00","action":"delete","status":"completed","details":{"path":"dsn/b1/65/001/underground_racer_hd_dlya_android1.png","size":257408}}
{"date":"2026-09-17T15:42:32+05:00","action":"delete","status":"completed","details":{"path":"dsn/b1/df/001/thumb/screenshot_25.png","size":18053}}
{"date":"2026-09-17T15:42:32+05:00","action":"delete","status":"completed","details":{"path":"dsn/b1/f1/001/thumb/vatsap1.jpg","size":4876}}
{"date":"2026-09-17T15:42:32+05:00","action":"delete","status":"completed","details":{"path":"dsn/b1/f1/001/vatsap1.jpg","size":75837}}
{"date":"2026-09-17T15:42:33+05:00","action":"delete","status":"completed","details":{"path":"dsn/b1/f9/001/1442563324_1-2.jpg","size":29954}}
{"date":"2026-09-17T15:42:33+05:00","action":"delete","status":"completed","details":{"path":"dsn/b2/1f/001/thumb/35.jpg","size":17025}}
{"date":"2026-09-17T15:42:33+05:00","action":"delete","status":"completed","details":{"path":"dsn/b3/24/001/222.png","size":235790}}
{"date":"2026-09-17T15:42:33+05:00","action":"delete","status":"completed","details":{"path":"dsn/b3/24/001/thumb/222.png","size":33109}}
{"date":"2026-09-17T15:42:33+05:00","action":"delete","status":"completed","details":{"path":"dsn/b3/60/001/thumb/pagin.jpg","size":5375}}
{"date":"2026-09-17T15:42:34+05:00","action":"delete","status":"completed","details":{"path":"dsn/b4/83/001/thumb/01587788.png","size":15624}}
{"date":"2026-09-17T15:42:34+05:00","action":"delete","status":"completed","details":{"path":"dsn/b4/87/001/thumb/twig.png","size":74102}}
{"date":"2026-09-17T15:42:34+05:00","action":"delete","status":"completed","details":{"path":"dsn/b4/fb/001/image_19.jpg","size":41223}}
{"date":"2026-09-17T15:42:34+05:00","action":"delete","status":"completed","details":{"path":"dsn/b4/fb/001/thumb/image_19.jpg","size":4716}}
{"date":"2026-09-17T15:42:34+05:00","action":"delete","status":"completed","details":{"path":"dsn/b4/fd/001/003_x.jpg","size":8536}}
{"date":"2026-09-17T15:42:34+05:00","action":"delete","status":"completed","details":{"path":"dsn/b4/fd/001/thumb/003_x.jpg","size":3573}}
{"date":"2026-09-17T15:42:35+05:00","action":"delete","status":"completed","details":{"path":"dsn/b5/3d/001/thumb/65149581_1286780960_colors.png","size":63194}}
{"date":"2026-09-17T15:42:35+05:00","action":"delete","status":"completed","details":{"path":"dsn/b5/64/001/neon-glow-icon-pack.png","size":39353}}
{"date":"2026-09-17T15:42:35+05:00","action":"delete","status":"completed","details":{"path":"dsn/b5/64/001/thumb/neon-glow-icon-pack.png","size":28706}}
{"date":"2026-09-17T15:42:35+05:00","action":"delete","status":"completed","details":{"path":"dsn/b5/e8/001/thumb/zagruzheno.jpg","size":11286}}
{"date":"2026-09-17T15:42:35+05:00","action":"delete","status":"completed","details":{"path":"dsn/b5/e8/002/zagruzheno.jpg","size":13100}}
{"date":"2026-09-17T15:42:35+05:00","action":"delete","status":"completed","details":{"path":"dsn/b6/80/001/thumb/1362439713_sucks.png","size":108076}}
{"date":"2026-09-17T15:42:36+05:00","action":"delete","status":"completed","details":{"path":"dsn/b6/89/001/thumb/nofollow-noindex.jpg","size":13805}}
{"date":"2026-09-17T15:44:01+05:00","action":"delete","status":"completed","details":{"path":"images/priroda/natura_324.jpg","size":1042486}}
{"date":"2026-09-17T15:44:01+05:00","action":"delete","status":"completed","details":{"path":"images/fentazi/inside_the_forest___part_ii_by_blinck.jpg","size":1038677}}
{"date":"2026-09-17T15:44:01+05:00","action":"delete","status":"completed","details":{"path":"images/zveri/animals_83.jpg","size":1032699}}
{"date":"2026-09-17T15:44:01+05:00","action":"delete","status":"completed","details":{"path":"images/priroda/natura_348.jpg","size":1029254}}
{"date":"2026-09-17T15:44:02+05:00","action":"delete","status":"completed","details":{"path":"images/priroda/natura_222.jpg","size":1024078}}
{"date":"2026-09-17T15:44:02+05:00","action":"delete","status":"completed","details":{"path":"images/priroda/natura_328.jpg","size":1023985}}
{"date":"2026-09-17T15:44:02+05:00","action":"delete","status":"completed","details":{"path":"images/priroda/natura_161.jpg","size":1022410}}
{"date":"2026-09-17T15:44:02+05:00","action":"delete","status":"completed","details":{"path":"images/igry/games_83.jpg","size":1021832}}
{"date":"2026-09-17T15:44:02+05:00","action":"delete","status":"completed","details":{"path":"images/igry/games_104.jpg","size":1021823}}
{"date":"2026-09-17T15:44:02+05:00","action":"delete","status":"completed","details":{"path":"images/priroda/natura_97.jpg","size":1016646}}
{"date":"2026-09-17T15:44:03+05:00","action":"delete","status":"completed","details":{"path":"images/priroda/natura_472.jpg","size":1012995}}
{"date":"2026-09-17T15:44:03+05:00","action":"delete","status":"completed","details":{"path":"images/fony/fone_41.jpg","size":1011536}}
{"date":"2026-09-17T15:44:03+05:00","action":"delete","status":"completed","details":{"path":"og/8684c6564358649f4f34e32c9e02058c_og.png","size":1006394}}
{"date":"2026-09-17T15:44:03+05:00","action":"delete","status":"completed","details":{"path":"images/arhitektura/architecture_39.jpg","size":1000492}}
{"date":"2026-09-17T15:44:03+05:00","action":"delete","status":"completed","details":{"path":"images/zveri/animals_197.jpg","size":998389}}
{"date":"2026-09-17T15:44:03+05:00","action":"delete","status":"completed","details":{"path":"images/priroda/natura_181.jpg","size":996211}}
{"date":"2026-09-17T15:44:04+05:00","action":"delete","status":"completed","details":{"path":"images/igry/games_31.jpg","size":995341}}
{"date":"2026-09-17T15:44:04+05:00","action":"delete","status":"completed","details":{"path":"images/zveri/animals_184.jpg","size":993919}}
{"date":"2026-09-17T15:44:04+05:00","action":"delete","status":"completed","details":{"path":"images/priroda/natura_196.jpg","size":992578}}
{"date":"2026-09-17T15:44:04+05:00","action":"delete","status":"completed","details":{"path":"images/abstraktnye/abstract_10.jpg","size":988938}}
{"date":"2026-09-17T15:44:04+05:00","action":"delete","status":"completed","details":{"path":"images/priroda/natura_489.jpg","size":988860}}
{"date":"2026-09-17T15:44:04+05:00","action":"delete","status":"completed","details":{"path":"images/fony/fone_8.jpg","size":987817}}
{"date":"2026-09-17T15:44:05+05:00","action":"delete","status":"completed","details":{"path":"images/priroda/natura_2.jpg","size":987365}}
{"date":"2026-09-17T15:44:05+05:00","action":"delete","status":"completed","details":{"path":"images/priroda/natura_458.jpg","size":981735}}
{"date":"2026-09-17T15:44:05+05:00","action":"delete","status":"completed","details":{"path":"images/priroda/natura_91.jpg","size":977619}}
{"date":"2026-09-17T15:44:05+05:00","action":"delete","status":"completed","details":{"path":"images/priroda/natura_456.jpg","size":973122}}
{"date":"2026-09-17T15:44:05+05:00","action":"delete","status":"completed","details":{"path":"images/priroda/natura_64.jpg","size":967977}}
{"date":"2026-09-17T15:44:05+05:00","action":"delete","status":"completed","details":{"path":"images/priroda/natura_100.jpg","size":966537}}
{"date":"2026-09-17T15:44:06+05:00","action":"delete","status":"completed","details":{"path":"images/priroda/natura_451.jpg","size":965720}}
{"date":"2026-09-17T15:44:06+05:00","action":"delete","status":"completed","details":{"path":"images/igry/by_mr_dinomit_37.jpg","size":963372}}
{"date":"2026-09-17T15:44:06+05:00","action":"delete","status":"completed","details":{"path":"images/priroda/natura_237.jpg","size":956807}}
{"date":"2026-09-17T15:44:06+05:00","action":"delete","status":"completed","details":{"path":"images/priroda/natura_289.jpg","size":954278}}
{"date":"2026-09-17T15:44:06+05:00","action":"delete","status":"completed","details":{"path":"images/priroda/natura_247.jpg","size":952410}}
{"date":"2026-09-17T15:44:07+05:00","action":"delete","status":"completed","details":{"path":"dsn/d8/06/001/proekt_-ty_dizainer-_-_glavnaya_stranica.png","size":949621}}
{"date":"2026-09-17T15:44:07+05:00","action":"delete","status":"completed","details":{"path":"images/priroda/natura_173.jpg","size":947319}}
{"date":"2026-09-17T15:44:07+05:00","action":"delete","status":"completed","details":{"path":"images/igry/games_84.jpg","size":947143}}
{"date":"2026-09-17T15:44:07+05:00","action":"delete","status":"completed","details":{"path":"images/priroda/natura_1.jpg","size":943247}}
{"date":"2026-09-17T15:44:07+05:00","action":"delete","status":"completed","details":{"path":"images/zveri/animals_82.jpg","size":942444}}
{"date":"2026-09-17T15:44:07+05:00","action":"delete","status":"completed","details":{"path":"images/zveri/animals_81.jpg","size":941393}}
{"date":"2026-09-17T15:44:08+05:00","action":"delete","status":"completed","details":{"path":"images/priroda/natura_1954.jpg","size":939141}}
{"date":"2026-09-17T15:44:08+05:00","action":"delete","status":"completed","details":{"path":"images/priroda/natura_498.jpg","size":938712}}
{"date":"2026-09-17T15:44:08+05:00","action":"delete","status":"completed","details":{"path":"images/devushki/girls_165.jpg","size":938424}}
{"date":"2026-09-17T15:44:08+05:00","action":"delete","status":"completed","details":{"path":"images/zveri/animals_160.jpg","size":934995}}
{"date":"2026-09-17T15:44:08+05:00","action":"delete","status":"completed","details":{"path":"images/fentazi/cold__warm__and_snowy_by_blinck-d3kfict.jpg","size":933964}}
{"date":"2026-09-17T15:44:08+05:00","action":"delete","status":"completed","details":{"path":"images/priroda/natura_138.jpg","size":931252}}
{"date":"2026-09-17T15:44:09+05:00","action":"delete","status":"completed","details":{"path":"images/priroda/natura_454.jpg","size":925751}}
{"date":"2026-09-17T15:44:09+05:00","action":"delete","status":"completed","details":{"path":"images/priroda/natura_344.jpg","size":923034}}
{"date":"2026-09-17T15:44:09+05:00","action":"delete","status":"completed","details":{"path":"images/priroda/natura_306.jpg","size":916486}}
{"date":"2026-09-17T15:44:09+05:00","action":"delete","status":"completed","details":{"path":"images/devushki/girls_132.jpg","size":916403}}
{"date":"2026-09-17T15:44:09+05:00","action":"delete","status":"completed","details":{"path":"images/priroda/natura_310.jpg","size":914198}}
{"date":"2026-09-17T15:44:09+05:00","action":"delete","status":"completed","details":{"path":"images/priroda/natura_326.jpg","size":914198}}
{"date":"2026-09-17T15:44:10+05:00","action":"delete","status":"completed","details":{"path":"images/priroda/natura_216.jpg","size":914147}}
{"date":"2026-09-17T15:44:10+05:00","action":"delete","status":"completed","details":{"path":"images/priroda/natura_482.jpg","size":912847}}
{"date":"2026-09-17T15:44:10+05:00","action":"delete","status":"completed","details":{"path":"dsn/cc/fa/001/warrior_chess_dlya_android2.png","size":909696}}
{"date":"2026-09-17T15:44:11+05:00","action":"delete","status":"completed","details":{"path":"images/igry/games_151.jpg","size":908449}}
{"date":"2026-09-17T15:44:11+05:00","action":"delete","status":"completed","details":{"path":"images/priroda/natura_108.jpg","size":907026}}
{"date":"2026-09-17T15:44:11+05:00","action":"delete","status":"completed","details":{"path":"images/igry/games_140.jpg","size":903901}}
{"date":"2026-09-17T15:44:11+05:00","action":"delete","status":"completed","details":{"path":"images/arhitektura/architecture_23.jpg","size":902224}}
{"date":"2026-09-17T15:44:11+05:00","action":"delete","status":"completed","details":{"path":"images/fentazi/forgotten_lands_i_by_blinck-d3a7uom.jpg","size":899629}}
{"date":"2026-09-17T15:44:11+05:00","action":"delete","status":"completed","details":{"path":"images/zveri/animals_121.jpg","size":899029}}
{"date":"2026-09-17T15:44:12+05:00","action":"delete","status":"completed","details":{"path":"images/zveri/cat_5.jpg","size":899029}}
{"date":"2026-09-17T15:44:12+05:00","action":"delete","status":"completed","details":{"path":"images/tekstury/computerdesktopwallpaperscollection444_022.jpg","size":897319}}
{"date":"2026-09-17T15:44:12+05:00","action":"delete","status":"completed","details":{"path":"images/priroda/natura_111.jpg","size":895590}}
{"date":"2026-09-17T15:44:12+05:00","action":"delete","status":"completed","details":{"path":"images/priroda/natura_461.jpg","size":895507}}
{"date":"2026-09-17T15:44:12+05:00","action":"delete","status":"completed","details":{"path":"images/fentazi/enchanted_lake_by_blinck-d4ofok3.jpg","size":895327}}
{"date":"2026-09-17T15:44:12+05:00","action":"delete","status":"completed","details":{"path":"images/priroda/natura_9.jpg","size":894497}}
{"date":"2026-09-17T15:44:13+05:00","action":"delete","status":"completed","details":{"path":"images/fentazi/moss_and_stones_by_blinck-d4gyfcw.jpg","size":893402}}
{"date":"2026-09-17T15:44:13+05:00","action":"delete","status":"completed","details":{"path":"images/kosmos/kosmos_198.jpg","size":893046}}
{"date":"2026-09-17T15:44:13+05:00","action":"delete","status":"completed","details":{"path":"images/zveri/animals_146.jpg","size":891952}}
{"date":"2026-09-17T15:44:13+05:00","action":"delete","status":"completed","details":{"path":"images/devushki/girls_142.jpg","size":889093}}
{"date":"2026-09-17T15:44:13+05:00","action":"delete","status":"completed","details":{"path":"images/igry/games_126.jpg","size":885964}}
{"date":"2026-09-17T15:44:13+05:00","action":"delete","status":"completed","details":{"path":"images/3d/3dgrafics_109.jpg","size":885677}}
{"date":"2026-09-17T15:44:14+05:00","action":"delete","status":"completed","details":{"path":"images/fony/fone_40.jpg","size":885506}}
{"date":"2026-09-17T15:44:14+05:00","action":"delete","status":"completed","details":{"path":"og/8502dea7104664d992549c4742869e6f_og.png","size":884447}}
{"date":"2026-09-17T15:44:14+05:00","action":"delete","status":"completed","details":{"path":"images/fentazi/forest_stream_attempt_4a_by_andrekosslick-d58woyc.jpg","size":884014}}
{"date":"2026-09-17T15:44:14+05:00","action":"delete","status":"completed","details":{"path":"images/priroda/natura_218.jpg","size":883180}}
{"date":"2026-09-17T15:44:14+05:00","action":"delete","status":"completed","details":{"path":"images/fentazi/yggdrasil_ii_by_blinck-d566uc6.jpg","size":882717}}
{"date":"2026-09-17T15:44:15+05:00","action":"delete","status":"completed","details":{"path":"images/igry/by_mr_dinomit_43.jpg","size":882014}}
{"date":"2026-09-17T15:44:15+05:00","action":"delete","status":"completed","details":{"path":"images/priroda/natura_474.jpg","size":881698}}
{"date":"2026-09-17T15:44:15+05:00","action":"delete","status":"completed","details":{"path":"images/zveri/animals_185.jpg","size":880669}}
{"date":"2026-09-17T15:44:15+05:00","action":"delete","status":"completed","details":{"path":"images/igry/games_49.jpg","size":876347}}
{"date":"2026-09-17T15:44:15+05:00","action":"delete","status":"completed","details":{"path":"images/devushki/girls_249.jpg","size":874952}}
{"date":"2026-09-17T15:44:15+05:00","action":"delete","status":"completed","details":{"path":"images/devushki/girls_252.jpg","size":874411}}
{"date":"2026-09-17T15:44:16+05:00","action":"delete","status":"completed","details":{"path":"images/priroda/natura_67.jpg","size":872133}}
{"date":"2026-09-17T15:44:16+05:00","action":"delete","status":"completed","details":{"path":"images/igry/games_149.jpg","size":869743}}
{"date":"2026-09-17T15:44:16+05:00","action":"delete","status":"completed","details":{"path":"images/devushki/girls_149.jpg","size":865629}}
{"date":"2026-09-17T15:44:16+05:00","action":"delete","status":"completed","details":{"path":"images/devushki/girls_219.jpg","size":862007}}
{"date":"2026-09-17T15:44:16+05:00","action":"delete","status":"completed","details":{"path":"images/priroda/natura_159.jpg","size":860209}}
{"date":"2026-09-17T15:44:17+05:00","action":"delete","status":"completed","details":{"path":"images/devushki/girls_183.jpg","size":857554}}
{"date":"2026-09-17T15:44:17+05:00","action":"delete","status":"completed","details":{"path":"images/priroda/natura_463.jpg","size":856823}}
{"date":"2026-09-17T15:44:17+05:00","action":"delete","status":"completed","details":{"path":"images/priroda/natura_383.jpg","size":856562}}
{"date":"2026-09-17T15:44:17+05:00","action":"delete","status":"completed","details":{"path":"images/igry/games_41.jpg","size":853564}}
{"date":"2026-09-17T15:44:17+05:00","action":"delete","status":"completed","details":{"path":"images/igry/games_18.jpg","size":853207}}
{"date":"2026-09-17T15:44:17+05:00","action":"delete","status":"completed","details":{"path":"images/kosmos/kosmos_178.jpg","size":851854}}
{"date":"2026-09-17T15:44:18+05:00","action":"delete","status":"completed","details":{"path":"images/priroda/natura_131.jpg","size":850912}}
{"date":"2026-09-17T15:44:18+05:00","action":"delete","status":"completed","details":{"path":"images/fentazi/farthest_land_by_blinck-d4trfkp.jpg","size":847492}}
{"date":"2026-09-17T15:44:18+05:00","action":"delete","status":"completed","details":{"path":"images/priroda/natura_195.jpg","size":846366}}
{"date":"2026-09-17T15:44:18+05:00","action":"delete","status":"completed","details":{"path":"images/priroda/0iev59-mountains-lake-landscape-nature.jpg","size":845029}}
{"date":"2026-09-17T15:44:18+05:00","action":"delete","status":"completed","details":{"path":"images/priroda/natura_304.jpg","size":844814}}
{"date":"2026-09-17T15:44:18+05:00","action":"delete","status":"completed","details":{"path":"images/igry/games_13.jpg","size":843159}}
{"date":"2026-09-17T15:44:19+05:00","action":"delete","status":"completed","details":{"path":"images/fentazi/landscape_by_andreasrocha-d5d6ycs.jpg","size":841012}}
{"date":"2026-09-17T15:44:19+05:00","action":"delete","status":"completed","details":{"path":"images/fentazi/clarity_by_korbox.jpg","size":840002}}
{"date":"2026-09-17T15:44:19+05:00","action":"delete","status":"completed","details":{"path":"images/devushki/girls_174.jpg","size":838965}}
{"date":"2026-09-17T15:44:19+05:00","action":"delete","status":"completed","details":{"path":"images/igry/games_95.jpg","size":838039}}
{"date":"2026-09-17T15:44:19+05:00","action":"delete","status":"completed","details":{"path":"images/fentazi/enchanted_forest_ii_by_blinck-d2znf06.jpg","size":834751}}
{"date":"2026-09-17T15:44:19+05:00","action":"delete","status":"completed","details":{"path":"images/zveri/animals_193.jpg","size":834016}}
{"date":"2026-09-17T15:44:20+05:00","action":"delete","status":"completed","details":{"path":"images/zveri/animals_124.jpg","size":831867}}
{"date":"2026-09-17T15:44:20+05:00","action":"delete","status":"completed","details":{"path":"images/zveri/cat_8.jpg","size":831867}}
{"date":"2026-09-17T15:44:20+05:00","action":"delete","status":"completed","details":{"path":"images/igry/games_120.jpg","size":830781}}
{"date":"2026-09-17T15:44:20+05:00","action":"delete","status":"completed","details":{"path":"images/priroda/natura_453.jpg","size":829502}}
{"date":"2026-09-17T15:44:20+05:00","action":"delete","status":"completed","details":{"path":"images/priroda/natura_440.jpg","size":825062}}
{"date":"2026-09-17T15:44:20+05:00","action":"delete","status":"completed","details":{"path":"images/devushki/girls_129.jpg","size":824242}}
{"date":"2026-09-17T15:44:20+05:00","action":"delete","status":"completed","details":{"path":"images/priroda/natura_144.jpg","size":822710}}
{"date":"2026-09-17T15:44:21+05:00","action":"delete","status":"completed","details":{"path":"images/devushki/girls_220.jpg","size":821018}}
{"date":"2026-09-17T15:44:21+05:00","action":"delete","status":"completed","details":{"path":"images/zveri/animals_198.jpg","size":820600}}
{"date":"2026-09-17T15:44:21+05:00","action":"delete","status":"completed","details":{"path":"images/priroda/natura_192.jpg","size":816198}}
{"date":"2026-09-17T15:44:21+05:00","action":"delete","status":"completed","details":{"path":"images/fentazi/exile_by_blinck-d5bxy1e.jpg","size":814549}}
{"date":"2026-09-17T15:44:21+05:00","action":"delete","status":"completed","details":{"path":"images/priroda/natura_285.jpg","size":814416}}
{"date":"2026-09-17T15:44:21+05:00","action":"delete","status":"completed","details":{"path":"images/fentazi/gruneflind_valley_by_grungetv-d5nqifu.jpg","size":813693}}
{"date":"2026-09-17T15:44:22+05:00","action":"delete","status":"completed","details":{"path":"images/zveri/animals_13.jpg","size":813275}}
{"date":"2026-09-17T15:44:22+05:00","action":"delete","status":"completed","details":{"path":"images/igry/games_81.jpg","size":813082}}
{"date":"2026-09-17T15:44:22+05:00","action":"delete","status":"completed","details":{"path":"images/priroda/natura_213.jpg","size":811876}}
{"date":"2026-09-17T15:44:22+05:00","action":"delete","status":"completed","details":{"path":"images/zveri/animals_144.jpg","size":808932}}
{"date":"2026-09-17T15:44:22+05:00","action":"delete","status":"completed","details":{"path":"images/zveri/animals_174.jpg","size":804879}}
{"date":"2026-09-17T15:44:22+05:00","action":"delete","status":"completed","details":{"path":"images/priroda/natura_37.jpg","size":804739}}
{"date":"2026-09-17T15:44:23+05:00","action":"delete","status":"completed","details":{"path":"images/zveri/animals_66.jpg","size":804689}}
{"date":"2026-09-17T15:44:23+05:00","action":"delete","status":"completed","details":{"path":"images/igry/5.jpg","size":804471}}
{"date":"2026-09-17T15:44:23+05:00","action":"delete","status":"completed","details":{"path":"images/igry/games_7.jpg","size":804471}}
{"date":"2026-09-17T15:44:23+05:00","action":"delete","status":"completed","details":{"path":"images/igry/by_mr_dinomit_38.jpg","size":803540}}
{"date":"2026-09-17T15:44:23+05:00","action":"delete","status":"completed","details":{"path":"images/zveri/animals_117.jpg","size":800548}}
{"date":"2026-09-17T15:44:23+05:00","action":"delete","status":"completed","details":{"path":"images/zveri/cat_1.jpg","size":800548}}
{"date":"2026-09-17T15:44:24+05:00","action":"delete","status":"completed","details":{"path":"images/fentazi/dust_and_ashes_by_blinck-d3fnfa1.jpg","size":798877}}
{"date":"2026-09-17T15:44:24+05:00","action":"delete","status":"completed","details":{"path":"images/arhitektura/architecture_1.jpg","size":792519}}
{"date":"2026-09-17T15:44:24+05:00","action":"delete","status":"completed","details":{"path":"images/fentazi/commission___forest_by_blinck-d4etffo.jpg","size":791964}}
{"date":"2026-09-17T15:44:24+05:00","action":"delete","status":"completed","details":{"path":"images/zveri/animals_120.jpg","size":791150}}
{"date":"2026-09-17T15:44:24+05:00","action":"delete","status":"completed","details":{"path":"images/zveri/cat_4.jpg","size":791150}}
{"date":"2026-09-17T15:44:24+05:00","action":"delete","status":"completed","details":{"path":"images/fony/fone_32.jpg","size":790732}}
{"date":"2026-09-17T15:44:25+05:00","action":"delete","status":"completed","details":{"path":"images/arhitektura/architecture_159.jpg","size":787333}}
{"date":"2026-09-17T15:44:25+05:00","action":"delete","status":"completed","details":{"path":"images/devushki/055_wpyu_devushki.jpg","size":786663}}
{"date":"2026-09-17T15:44:25+05:00","action":"delete","status":"completed","details":{"path":"images/igry/games_56.jpg","size":786173}}
{"date":"2026-09-17T15:44:25+05:00","action":"delete","status":"completed","details":{"path":"images/priroda/natura_203.jpg","size":785252}}
{"date":"2026-09-17T15:44:25+05:00","action":"delete","status":"completed","details":{"path":"images/devushki/girls_96.jpg","size":784500}}
{"date":"2026-09-17T15:44:25+05:00","action":"delete","status":"completed","details":{"path":"images/devushki/girls_106.jpg","size":783273}}
{"date":"2026-09-17T15:44:26+05:00","action":"delete","status":"completed","details":{"path":"images/devushki/girls_97.jpg","size":783146}}
{"date":"2026-09-17T15:44:26+05:00","action":"delete","status":"completed","details":{"path":"images/devushki/girls_98.jpg","size":780514}}
{"date":"2026-09-17T15:44:26+05:00","action":"delete","status":"completed","details":{"path":"images/devushki/girls_145.jpg","size":780463}}
{"date":"2026-09-17T15:44:26+05:00","action":"delete","status":"completed","details":{"path":"images/devushki/girls_166.jpg","size":778984}}
{"date":"2026-09-17T15:44:26+05:00","action":"delete","status":"completed","details":{"path":"images/devushki/girls_162.jpg","size":778530}}
{"date":"2026-09-17T15:44:26+05:00","action":"delete","status":"completed","details":{"path":"images/fony/fone_30.jpg","size":778514}}
{"date":"2026-09-17T15:44:27+05:00","action":"delete","status":"completed","details":{"path":"images/priroda/natura_232.jpg","size":777021}}
{"date":"2026-09-17T15:44:27+05:00","action":"delete","status":"completed","details":{"path":"images/devushki/girls_99.jpg","size":774424}}
{"date":"2026-09-17T15:44:27+05:00","action":"delete","status":"completed","details":{"path":"images/devushki/girls_100.jpg","size":773828}}
{"date":"2026-09-17T15:44:27+05:00","action":"delete","status":"completed","details":{"path":"images/igry/9.jpg","size":771299}}
{"date":"2026-09-17T15:44:27+05:00","action":"delete","status":"completed","details":{"path":"images/igry/games_11.jpg","size":771299}}
{"date":"2026-09-17T15:44:27+05:00","action":"delete","status":"completed","details":{"path":"images/fentazi/game_project_03_by_puyoakira-d4fwag4.jpg","size":771028}}
{"date":"2026-09-17T15:44:28+05:00","action":"delete","status":"completed","details":{"path":"images/devushki/girls_101.jpg","size":770666}}
{"date":"2026-09-17T15:44:28+05:00","action":"delete","status":"completed","details":{"path":"images/devushki/girls_218.jpg","size":770346}}
{"date":"2026-09-17T15:44:28+05:00","action":"delete","status":"completed","details":{"path":"images/priroda/natura_103.jpg","size":769370}}
{"date":"2026-09-17T15:44:28+05:00","action":"delete","status":"completed","details":{"path":"images/priroda/natura_205.jpg","size":769280}}
{"date":"2026-09-17T15:44:28+05:00","action":"delete","status":"completed","details":{"path":"images/devushki/girls_102.jpg","size":767821}}
{"date":"2026-09-17T15:44:28+05:00","action":"delete","status":"completed","details":{"path":"images/devushki/girls_103.jpg","size":761964}}
{"date":"2026-09-17T15:44:29+05:00","action":"delete","status":"completed","details":{"path":"images/devushki/girls_104.jpg","size":761069}}
{"date":"2026-09-17T15:44:29+05:00","action":"delete","status":"completed","details":{"path":"images/igry/games_106.jpg","size":760623}}
{"date":"2026-09-17T15:44:29+05:00","action":"delete","status":"completed","details":{"path":"images/devushki/girls_105.jpg","size":757087}}
{"date":"2026-09-17T15:44:29+05:00","action":"delete","status":"completed","details":{"path":"images/devushki/girls_232.jpg","size":756544}}
{"date":"2026-09-17T15:44:29+05:00","action":"delete","status":"completed","details":{"path":"images/devushki/10.jpg","size":756264}}
{"date":"2026-09-17T15:44:29+05:00","action":"delete","status":"completed","details":{"path":"images/devushki/girls_19.jpg","size":756264}}
{"date":"2026-09-17T15:44:30+05:00","action":"delete","status":"completed","details":{"path":"images/igry/games_122.jpg","size":755578}}
{"date":"2026-09-17T15:44:30+05:00","action":"delete","status":"completed","details":{"path":"images/priroda/natura_129.jpg","size":754088}}
{"date":"2026-09-17T15:44:30+05:00","action":"delete","status":"completed","details":{"path":"dsn/e7/1b/001/solar_system_hd_deluxe_edition_dlya_android3.png","size":753834}}
{"date":"2026-09-17T15:44:30+05:00","action":"delete","status":"completed","details":{"path":"images/zveri/animals_51.jpg","size":753656}}
{"date":"2026-09-17T15:44:30+05:00","action":"delete","status":"completed","details":{"path":"images/zveri/animals_43.jpg","size":750642}}
{"date":"2026-09-17T15:44:30+05:00","action":"delete","status":"completed","details":{"path":"images/devushki/girls_20.jpg","size":750261}}
{"date":"2026-09-17T15:44:31+05:00","action":"delete","status":"completed","details":{"path":"images/igry/games_121.jpg","size":749973}}
{"date":"2026-09-17T15:44:31+05:00","action":"delete","status":"completed","details":{"path":"images/igry/games_136.jpg","size":748769}}
{"date":"2026-09-17T15:44:31+05:00","action":"delete","status":"completed","details":{"path":"images/priroda/natura_123.jpg","size":747694}}
{"date":"2026-09-17T15:44:31+05:00","action":"delete","status":"completed","details":{"path":"dsn/ef/c3/001/screenshot_45.png","size":746873}}
{"date":"2026-09-17T15:44:31+05:00","action":"delete","status":"completed","details":{"path":"images/devushki/girls_21.jpg","size":746285}}
{"date":"2026-09-17T15:44:31+05:00","action":"delete","status":"completed","details":{"path":"images/priroda/natura_94.jpg","size":745147}}
{"date":"2026-09-17T15:44:32+05:00","action":"delete","status":"completed","details":{"path":"images/devushki/094_wpyu_devushki.jpg","size":744757}}
{"date":"2026-09-17T15:44:32+05:00","action":"delete","status":"completed","details":{"path":"images/default/gif_1533099826.gif","size":743476}}
{"date":"2026-09-17T15:44:32+05:00","action":"delete","status":"completed","details":{"path":"images/devushki/girls_231.jpg","size":740940}}
{"date":"2026-09-17T15:44:32+05:00","action":"delete","status":"completed","details":{"path":"images/priroda/natura_74.jpg","size":740693}}
{"date":"2026-09-17T15:44:32+05:00","action":"delete","status":"completed","details":{"path":"images/priroda/0b0b81371140-1.jpg","size":740622}}
{"date":"2026-09-17T15:44:32+05:00","action":"delete","status":"completed","details":{"path":"images/priroda/natura_446.jpg","size":739658}}
{"date":"2026-09-17T15:44:32+05:00","action":"delete","status":"completed","details":{"path":"images/zveri/animals_80.jpg","size":738901}}
{"date":"2026-09-17T15:44:33+05:00","action":"delete","status":"completed","details":{"path":"images/devushki/056_wpyu_devushki.jpg","size":738059}}
{"date":"2026-09-17T15:44:33+05:00","action":"delete","status":"completed","details":{"path":"images/igry/games_27.jpg","size":737943}}
{"date":"2026-09-17T15:44:33+05:00","action":"delete","status":"completed","details":{"path":"images/arhitektura/architecture_34.jpg","size":736319}}
{"date":"2026-09-17T15:44:33+05:00","action":"delete","status":"completed","details":{"path":"images/devushki/girls_22.jpg","size":735670}}
{"date":"2026-09-17T15:44:33+05:00","action":"delete","status":"completed","details":{"path":"images/priroda/natura_121.jpg","size":735434}}
{"date":"2026-09-17T15:44:33+05:00","action":"delete","status":"completed","details":{"path":"images/zveri/animals_127.jpg","size":729251}}
{"date":"2026-09-17T15:44:34+05:00","action":"delete","status":"completed","details":{"path":"images/zveri/animals_125.jpg","size":727640}}
{"date":"2026-09-17T15:44:34+05:00","action":"delete","status":"completed","details":{"path":"images/zveri/cat_9.jpg","size":727640}}
{"date":"2026-09-17T15:44:34+05:00","action":"delete","status":"completed","details":{"path":"images/arhitektura/architecture_144.jpg","size":726940}}
{"date":"2026-09-17T15:44:34+05:00","action":"delete","status":"completed","details":{"path":"images/devushki/girls_23.jpg","size":726531}}
{"date":"2026-09-17T15:44:34+05:00","action":"delete","status":"completed","details":{"path":"dsn/f5/c5/001/haki_i_skripty_next_generation_cms_-_interfeis_slaidshou_i_animaciya_-_slaider_kontenta_slidejs_na_jquery.png","size":725895}}
{"date":"2026-09-17T15:44:34+05:00","action":"delete","status":"completed","details":{"path":"images/devushki/girls_24.jpg","size":725156}}
{"date":"2026-09-17T15:44:35+05:00","action":"delete","status":"completed","details":{"path":"images/igry/games_228.jpg","size":724565}}
{"date":"2026-09-17T15:44:35+05:00","action":"delete","status":"completed","details":{"path":"images/arhitektura/architecture_16.jpg","size":724540}}
{"date":"2026-09-17T15:46:18+05:00","action":"scan","status":"started","details":[]}
{"date":"2026-09-17T15:46:22+05:00","action":"scan","status":"completed","details":{"files":9629,"source_errors":[]}}
{"date":"2026-09-17T15:48:34+05:00","action":"delete","status":"completed","details":{"path":"dsn/bd/0c/001/tooltip.rar","size":1611}}
{"date":"2026-09-17T15:48:34+05:00","action":"delete","status":"completed","details":{"path":"dsn/c6/9e/001/archangel.zip","size":124148}}
{"date":"2026-09-17T15:48:34+05:00","action":"delete","status":"completed","details":{"path":"dsn/fa/3a/001/fail_url.zip","size":915}}
{"date":"2026-09-17T15:48:35+05:00","action":"delete","status":"completed","details":{"path":"files/default/another-reputation-system_v1_5.zip","size":61121}}
{"date":"2026-09-17T15:48:35+05:00","action":"delete","status":"completed","details":{"path":"files/default/composer_patches.zip","size":1729}}
{"date":"2026-09-17T15:48:35+05:00","action":"delete","status":"completed","details":{"path":"files/default/downloads.zip","size":952}}
{"date":"2026-09-17T15:49:50+05:00","action":"delete","status":"completed","details":{"path":"dsn/b6/97/001/logonscreenrotatorsettings1.jpg","size":38499}}
{"date":"2026-09-17T15:49:50+05:00","action":"delete","status":"completed","details":{"path":"dsn/b6/97/001/thumb/logonscreenrotatorsettings1.jpg","size":4777}}
{"date":"2026-09-17T15:49:50+05:00","action":"delete","status":"completed","details":{"path":"dsn/b6/d9/001/thumb/notepad_logo.png","size":11620}}
{"date":"2026-09-17T15:49:50+05:00","action":"delete","status":"completed","details":{"path":"dsn/b6/e2/001/circle-dock-screenshot.jpg","size":69775}}
{"date":"2026-09-17T15:49:51+05:00","action":"delete","status":"completed","details":{"path":"dsn/b7/d2/001/thumb/font.gif","size":15797}}
{"date":"2026-09-17T15:49:51+05:00","action":"delete","status":"completed","details":{"path":"dsn/b8/6f/001/4445.jpg","size":44855}}
{"date":"2026-09-17T15:49:51+05:00","action":"delete","status":"completed","details":{"path":"dsn/b8/6f/001/thumb/4445.jpg","size":3712}}
{"date":"2026-09-17T15:49:51+05:00","action":"delete","status":"completed","details":{"path":"dsn/b8/b7/001/thumb/screenshot_34.jpg","size":57336}}
{"date":"2026-09-17T15:49:51+05:00","action":"delete","status":"completed","details":{"path":"dsn/b8/e4/001/s_glav.jpg","size":21315}}
{"date":"2026-09-17T15:49:52+05:00","action":"delete","status":"completed","details":{"path":"dsn/b8/e4/001/thumb/s_glav.jpg","size":3899}}
{"date":"2026-09-17T15:49:52+05:00","action":"delete","status":"completed","details":{"path":"dsn/b8/e5/001/thumb/screenshot_46.png","size":5383}}
{"date":"2026-09-17T15:49:52+05:00","action":"delete","status":"completed","details":{"path":"dsn/b8/fd/001/thumb/rrurs.gif","size":23445}}
{"date":"2026-09-17T15:49:52+05:00","action":"delete","status":"completed","details":{"path":"dsn/b9/8d/001/0b9c2j36uo0ud1kxrgut9goxh.jpg","size":529930}}
{"date":"2026-09-17T15:49:52+05:00","action":"delete","status":"completed","details":{"path":"dsn/b9/58/001/thumb/screenshot_11h_52m_05s.jpg","size":7312}}
{"date":"2026-09-17T15:49:52+05:00","action":"delete","status":"completed","details":{"path":"dsn/ba/60/001/thumb/copy.jpg","size":48779}}
{"date":"2026-09-17T15:49:53+05:00","action":"delete","status":"completed","details":{"path":"dsn/ba/b0/001/kortana.jpg","size":8344}}
{"date":"2026-09-17T15:49:53+05:00","action":"delete","status":"completed","details":{"path":"dsn/ba/b0/001/thumb/kortana.jpg","size":4328}}
{"date":"2026-09-17T15:49:53+05:00","action":"delete","status":"completed","details":{"path":"dsn/ba/bb/001/thumb/1379219263_screenshot_5.png","size":23070}}
{"date":"2026-09-17T15:49:53+05:00","action":"delete","status":"completed","details":{"path":"dsn/bc/9f/001/thumb/sliderpro-responsive-jquery-wordpress-slider.png","size":45468}}
{"date":"2026-09-17T15:49:53+05:00","action":"delete","status":"completed","details":{"path":"dsn/bc/65/001/thumb/screenshot_22h_14m_06s.jpg","size":10201}}
{"date":"2026-09-17T15:49:54+05:00","action":"delete","status":"completed","details":{"path":"dsn/bc/e0/001/e2a9b3d9d820.jpg","size":32996}}
{"date":"2026-09-17T15:49:54+05:00","action":"delete","status":"completed","details":{"path":"dsn/bc/e0/001/thumb/e2a9b3d9d820.jpg","size":4447}}
{"date":"2026-09-17T15:49:54+05:00","action":"delete","status":"completed","details":{"path":"dsn/bc/f0/001/package_games_1497.png","size":7417}}
{"date":"2026-09-17T15:49:54+05:00","action":"delete","status":"completed","details":{"path":"dsn/bc/f0/001/thumb/package_games_1497.png","size":6790}}
{"date":"2026-09-17T15:49:54+05:00","action":"delete","status":"completed","details":{"path":"dsn/bd/48/001/10256408.png","size":12240}}
{"date":"2026-09-17T15:49:54+05:00","action":"delete","status":"completed","details":{"path":"dsn/bd/76/001/image_22.jpg","size":29886}}
{"date":"2026-09-17T15:49:55+05:00","action":"delete","status":"completed","details":{"path":"dsn/bd/76/001/thumb/image_22.jpg","size":7108}}
{"date":"2026-09-17T15:49:55+05:00","action":"delete","status":"completed","details":{"path":"dsn/bd/d1/001/s_bs.png","size":64349}}
{"date":"2026-09-17T15:49:55+05:00","action":"delete","status":"completed","details":{"path":"dsn/bd/d1/001/thumb/s_bs.png","size":14496}}
{"date":"2026-09-17T15:49:55+05:00","action":"delete","status":"completed","details":{"path":"dsn/bd/e3/001/hayden-panettiere-wallpapers.jpg","size":75139}}
{"date":"2026-09-17T15:49:55+05:00","action":"delete","status":"completed","details":{"path":"dsn/bd/e3/001/thumb/hayden-panettiere-wallpapers.jpg","size":4717}}
{"date":"2026-09-17T15:49:55+05:00","action":"delete","status":"completed","details":{"path":"dsn/be/87/001/nature-landscape-2-500x375.jpg","size":65295}}
{"date":"2026-09-17T15:49:56+05:00","action":"delete","status":"completed","details":{"path":"dsn/be/87/001/thumb/nature-landscape-2-500x375.jpg","size":5544}}
{"date":"2026-09-17T15:49:56+05:00","action":"delete","status":"completed","details":{"path":"dsn/be/b2/001/displayfusion_5_1_1_beta_72.png","size":81644}}
{"date":"2026-09-17T15:49:56+05:00","action":"delete","status":"completed","details":{"path":"dsn/be/b2/001/thumb/displayfusion_5_1_1_beta_72.png","size":15323}}
{"date":"2026-09-17T15:49:56+05:00","action":"delete","status":"completed","details":{"path":"dsn/bf/1a/001/thumb/132789800_5722516_videobg_1.jpg","size":77320}}
{"date":"2026-09-17T15:49:56+05:00","action":"delete","status":"completed","details":{"path":"dsn/bf/33/001/thumb/2022-01-27_16-45-06.png","size":140073}}
{"date":"2026-09-17T15:49:57+05:00","action":"delete","status":"completed","details":{"path":"dsn/bf/47/001/thumb/screenshot_1.png","size":6937}}
{"date":"2026-09-17T15:49:57+05:00","action":"delete","status":"completed","details":{"path":"dsn/bf/47/002/thumb/screenshot_1.png","size":56487}}
{"date":"2026-09-17T15:49:57+05:00","action":"delete","status":"completed","details":{"path":"dsn/bf/99/001/frama.jpg","size":23779}}
{"date":"2026-09-17T15:49:57+05:00","action":"delete","status":"completed","details":{"path":"dsn/bf/99/001/thumb/frama.jpg","size":3108}}
{"date":"2026-09-17T15:49:57+05:00","action":"delete","status":"completed","details":{"path":"dsn/bf/ca/001/thumb/screenshot_88.png","size":59311}}
{"date":"2026-09-17T15:49:57+05:00","action":"delete","status":"completed","details":{"path":"dsn/bf/ca/002/thumb/screenshot_88.png","size":70456}}
{"date":"2026-09-17T15:49:58+05:00","action":"delete","status":"completed","details":{"path":"dsn/c0/0b/001/13.png","size":110448}}
{"date":"2026-09-17T15:49:58+05:00","action":"delete","status":"completed","details":{"path":"dsn/c0/0b/001/thumb/13.png","size":15770}}
{"date":"2026-09-17T15:49:58+05:00","action":"delete","status":"completed","details":{"path":"dsn/c0/39/001/thumb/post-33742-0-65260400-1388129431.jpg","size":100453}}
{"date":"2026-09-17T15:49:58+05:00","action":"delete","status":"completed","details":{"path":"dsn/c0/76/001/thumb/demka___html5___tegi_i_atributy_html5.png","size":4110}}
{"date":"2026-09-17T15:49:58+05:00","action":"delete","status":"completed","details":{"path":"dsn/c1/38/001/3022089.png","size":107403}}
{"date":"2026-09-17T15:49:58+05:00","action":"delete","status":"completed","details":{"path":"dsn/c1/59/001/thumb/animation-3.jpg","size":4618}}
{"date":"2026-09-17T15:49:59+05:00","action":"delete","status":"completed","details":{"path":"dsn/c1/ad/001/racing_rivals_dlya_android2.jpeg","size":68433}}
{"date":"2026-09-17T15:49:59+05:00","action":"delete","status":"completed","details":{"path":"dsn/c1/ad/001/thumb/racing_rivals_dlya_android2.jpeg","size":7025}}
{"date":"2026-09-17T15:49:59+05:00","action":"delete","status":"completed","details":{"path":"dsn/c1/ae/001/thumb/screenshot_47.png","size":58525}}
{"date":"2026-09-17T15:49:59+05:00","action":"delete","status":"completed","details":{"path":"dsn/c2/6d/001/thumb/demo_for_a_colorful_clock_with_css__jquery.png","size":30438}}
{"date":"2026-09-17T15:49:59+05:00","action":"delete","status":"completed","details":{"path":"dsn/c2/73/001/2_1.jpg","size":41333}}
{"date":"2026-09-17T15:49:59+05:00","action":"delete","status":"completed","details":{"path":"dsn/c2/73/001/thumb/2_1.jpg","size":7019}}
{"date":"2026-09-17T15:50:00+05:00","action":"delete","status":"completed","details":{"path":"dsn/c2/f8/001/thumb/zagruzhennoe_1.jpg","size":8824}}
{"date":"2026-09-17T15:50:00+05:00","action":"delete","status":"completed","details":{"path":"dsn/c2/f8/002/thumb/zagruzhennoe_1.jpg","size":11260}}
{"date":"2026-09-17T15:50:00+05:00","action":"delete","status":"completed","details":{"path":"dsn/c2/f8/003/thumb/zagruzhennoe_1.jpg","size":11176}}
{"date":"2026-09-17T15:50:00+05:00","action":"delete","status":"completed","details":{"path":"dsn/c2/f8/004/thumb/zagruzhennoe_1.jpg","size":4318}}
{"date":"2026-09-17T15:50:00+05:00","action":"delete","status":"completed","details":{"path":"dsn/c2/f8/005/thumb/zagruzhennoe_1.jpg","size":7368}}
{"date":"2026-09-17T15:50:01+05:00","action":"delete","status":"completed","details":{"path":"dsn/c2/f8/006/thumb/zagruzhennoe_1.jpg","size":26133}}
{"date":"2026-09-17T15:50:01+05:00","action":"delete","status":"completed","details":{"path":"dsn/c3/3f/001/madzhong_pasyans_dlya_android2.png","size":213196}}
{"date":"2026-09-17T15:50:01+05:00","action":"delete","status":"completed","details":{"path":"dsn/c3/3f/001/thumb/madzhong_pasyans_dlya_android2.png","size":40883}}
{"date":"2026-09-17T15:50:01+05:00","action":"delete","status":"completed","details":{"path":"dsn/c3/6f/001/thumb/apache-htaccess.jpg","size":80595}}
{"date":"2026-09-17T15:50:01+05:00","action":"delete","status":"completed","details":{"path":"dsn/c3/7a/001/thumb/2025-03-11_14-03-40.png","size":165190}}
{"date":"2026-09-17T15:50:02+05:00","action":"delete","status":"completed","details":{"path":"dsn/c3/7c/001/thumb/2025-03-03_12-57-49.png","size":24542}}
{"date":"2026-09-17T15:50:02+05:00","action":"delete","status":"completed","details":{"path":"dsn/c3/47/001/6ktw2gy40k1a7ry35g98p3qr7.jpg","size":300547}}
{"date":"2026-09-17T15:50:02+05:00","action":"delete","status":"completed","details":{"path":"dsn/c3/95/001/thumb/demka_-_glavnaya_stranica1.png","size":52867}}
{"date":"2026-09-17T15:50:02+05:00","action":"delete","status":"completed","details":{"path":"dsn/c3/d1/001/thumb/button3.jpg","size":13054}}
{"date":"2026-09-17T15:50:02+05:00","action":"delete","status":"completed","details":{"path":"dsn/c4/06/001/3d_speed_car_parking_dlya_android2.jpeg","size":36172}}
{"date":"2026-09-17T15:50:02+05:00","action":"delete","status":"completed","details":{"path":"dsn/c4/06/001/thumb/3d_speed_car_parking_dlya_android2.jpeg","size":6812}}
{"date":"2026-09-17T15:50:03+05:00","action":"delete","status":"completed","details":{"path":"dsn/c4/6e/001/screenshot_7.png","size":146178}}
{"date":"2026-09-17T15:50:03+05:00","action":"delete","status":"completed","details":{"path":"dsn/c4/6e/001/thumb/screenshot_7.png","size":11962}}
{"date":"2026-09-17T15:50:03+05:00","action":"delete","status":"completed","details":{"path":"dsn/c4/7f/001/s51195704.jpg","size":35899}}
{"date":"2026-09-17T15:50:03+05:00","action":"delete","status":"completed","details":{"path":"dsn/c4/7f/001/thumb/s51195704.jpg","size":9251}}
{"date":"2026-09-17T15:50:03+05:00","action":"delete","status":"completed","details":{"path":"dsn/c4/8b/001/blokirovszik.jpg","size":57483}}
{"date":"2026-09-17T15:50:04+05:00","action":"delete","status":"completed","details":{"path":"dsn/c4/8b/001/thumb/blokirovszik.jpg","size":4454}}
{"date":"2026-09-17T15:50:04+05:00","action":"delete","status":"completed","details":{"path":"dsn/c4/16/001/thumb/screen_2013_2_12_16-19-43_3.jpg","size":1835}}
{"date":"2026-09-17T15:50:04+05:00","action":"delete","status":"completed","details":{"path":"dsn/c4/37/001/thumb/1312025718_moomenu.png","size":33190}}
{"date":"2026-09-17T15:50:04+05:00","action":"delete","status":"completed","details":{"path":"dsn/c4/af/001/thumb/airena_wallapack_133_21.jpg","size":3650}}
{"date":"2026-09-17T15:50:04+05:00","action":"delete","status":"completed","details":{"path":"dsn/c5/12/001/norton_ms-01-720.png","size":99379}}
{"date":"2026-09-17T15:50:05+05:00","action":"delete","status":"completed","details":{"path":"dsn/c5/12/001/thumb/norton_ms-01-720.png","size":7164}}
{"date":"2026-09-17T15:50:05+05:00","action":"delete","status":"completed","details":{"path":"dsn/c5/dd/001/thumb/slideoutreloaded1.png","size":37021}}
{"date":"2026-09-17T15:50:05+05:00","action":"delete","status":"completed","details":{"path":"dsn/c5/f3/001/thumb/zagruzhennoe_10.jpg","size":9324}}
{"date":"2026-09-17T15:50:05+05:00","action":"delete","status":"completed","details":{"path":"dsn/c6/47/001/thumb/chto-takoe-rss-1280x720.png","size":185566}}
{"date":"2026-09-17T15:50:05+05:00","action":"delete","status":"completed","details":{"path":"dsn/c6/cb/001/s_gunnerweatherwallpaper-m.jpg","size":19184}}
{"date":"2026-09-17T15:50:05+05:00","action":"delete","status":"completed","details":{"path":"dsn/c6/cb/001/thumb/s_gunnerweatherwallpaper-m.jpg","size":3904}}
{"date":"2026-09-17T15:50:06+05:00","action":"delete","status":"completed","details":{"path":"dsn/c7/4a/001/thumb/traser3.jpg","size":6154}}
{"date":"2026-09-17T15:50:06+05:00","action":"delete","status":"completed","details":{"path":"dsn/c7/4a/001/traser3.jpg","size":31194}}
{"date":"2026-09-17T15:50:06+05:00","action":"delete","status":"completed","details":{"path":"dsn/c7/73/001/screenshot_49.png","size":304166}}
{"date":"2026-09-17T15:50:06+05:00","action":"delete","status":"completed","details":{"path":"dsn/c7/73/001/thumb/screenshot_49.png","size":12961}}
{"date":"2026-09-17T15:50:06+05:00","action":"delete","status":"completed","details":{"path":"dsn/c7/76/001/thumb/screenshot_23h_23m_59s.jpg","size":103473}}
{"date":"2026-09-17T15:50:06+05:00","action":"delete","status":"completed","details":{"path":"dsn/c7/99/001/loker.png","size":20721}}
{"date":"2026-09-17T15:50:07+05:00","action":"delete","status":"completed","details":{"path":"dsn/c7/99/001/thumb/loker.png","size":8590}}
{"date":"2026-09-17T15:50:07+05:00","action":"delete","status":"completed","details":{"path":"dsn/c7/cf/001/c52f6f03551cd0633c49847392b735df.jpg","size":53635}}
{"date":"2026-09-17T15:50:07+05:00","action":"delete","status":"completed","details":{"path":"dsn/c7/cf/001/thumb/c52f6f03551cd0633c49847392b735df.jpg","size":6559}}
{"date":"2026-09-17T15:50:07+05:00","action":"delete","status":"completed","details":{"path":"dsn/c7/e9/001/thumb/browser-caching-defined-270955.png","size":26223}}
{"date":"2026-09-17T15:50:07+05:00","action":"delete","status":"completed","details":{"path":"dsn/c8/0c/001/thumb/zagruzhennoe_9.jpg","size":16732}}
{"date":"2026-09-17T15:50:08+05:00","action":"delete","status":"completed","details":{"path":"dsn/c8/25/001/1432726748_adblock-plus.jpg","size":16120}}
{"date":"2026-09-17T15:50:08+05:00","action":"delete","status":"completed","details":{"path":"dsn/c8/52/001/alcatel-onetouch-fierce-xl-windows_story.jpg","size":30559}}
{"date":"2026-09-17T15:50:08+05:00","action":"delete","status":"completed","details":{"path":"dsn/c8/52/001/thumb/alcatel-onetouch-fierce-xl-windows_story.jpg","size":2917}}
{"date":"2026-09-17T15:50:08+05:00","action":"delete","status":"completed","details":{"path":"dsn/c8/75/001/thumb/format.gif","size":22989}}
{"date":"2026-09-17T15:50:08+05:00","action":"delete","status":"completed","details":{"path":"dsn/c8/f8/001/thumb/i-_1__07b2c531.avif","size":9374}}
{"date":"2026-09-17T15:50:08+05:00","action":"delete","status":"completed","details":{"path":"dsn/c9/09/002/mobila.jpg","size":44104}}
{"date":"2026-09-17T15:50:09+05:00","action":"delete","status":"completed","details":{"path":"dsn/c9/09/002/thumb/mobila.jpg","size":2793}}
{"date":"2026-09-17T15:50:09+05:00","action":"delete","status":"completed","details":{"path":"dsn/c9/8d/001/thumb/search.gif","size":9490}}
{"date":"2026-09-17T15:50:09+05:00","action":"delete","status":"completed","details":{"path":"dsn/c9/ce/001/thumb/avto_slajder.jpg","size":12854}}
{"date":"2026-09-17T15:50:09+05:00","action":"delete","status":"completed","details":{"path":"dsn/ca/2c/001/10715586.png","size":37603}}
{"date":"2026-09-17T15:50:09+05:00","action":"delete","status":"completed","details":{"path":"dsn/ca/ef/001/snimok52345.png","size":25324}}
{"date":"2026-09-17T15:50:10+05:00","action":"delete","status":"completed","details":{"path":"dsn/ca/ef/001/thumb/snimok52345.png","size":95573}}
{"date":"2026-09-17T15:50:10+05:00","action":"delete","status":"completed","details":{"path":"dsn/cb/61/001/39a447887d64b0852a55772e8f8b34db.jpg","size":32991}}
{"date":"2026-09-17T15:50:10+05:00","action":"delete","status":"completed","details":{"path":"dsn/cb/61/001/thumb/39a447887d64b0852a55772e8f8b34db.jpg","size":5789}}
{"date":"2026-09-17T15:50:10+05:00","action":"delete","status":"completed","details":{"path":"dsn/cb/78/001/thumb/formate.gif","size":15200}}
{"date":"2026-09-17T15:50:10+05:00","action":"delete","status":"completed","details":{"path":"dsn/cb/ed/001/skaner.jpg","size":11450}}
{"date":"2026-09-17T15:50:10+05:00","action":"delete","status":"completed","details":{"path":"dsn/cb/ed/001/thumb/skaner.jpg","size":2680}}
{"date":"2026-09-17T15:50:11+05:00","action":"delete","status":"completed","details":{"path":"dsn/cc/5c/001/thumb/win1201.jpg","size":5592}}
{"date":"2026-09-17T15:50:11+05:00","action":"delete","status":"completed","details":{"path":"dsn/cc/5c/001/win1201.jpg","size":20106}}
{"date":"2026-09-17T15:50:11+05:00","action":"delete","status":"completed","details":{"path":"dsn/cc/fa/001/thumb/warrior_chess_dlya_android2.png","size":50370}}
{"date":"2026-09-17T15:50:11+05:00","action":"delete","status":"completed","details":{"path":"dsn/cd/17/001/demons-and-monsters.jpg","size":78951}}
{"date":"2026-09-17T15:50:11+05:00","action":"delete","status":"completed","details":{"path":"dsn/cd/17/001/thumb/demons-and-monsters.jpg","size":6417}}
{"date":"2026-09-17T15:50:11+05:00","action":"delete","status":"completed","details":{"path":"dsn/cd/17/001/thumb/link.gif","size":16581}}
{"date":"2026-09-17T15:50:12+05:00","action":"delete","status":"completed","details":{"path":"dsn/cd/21/001/thumb/tpl_image.png","size":124212}}
{"date":"2026-09-17T15:50:12+05:00","action":"delete","status":"completed","details":{"path":"dsn/cd/21/002/thumb/tpl_image.png","size":112724}}
{"date":"2026-09-17T15:50:12+05:00","action":"delete","status":"completed","details":{"path":"dsn/cd/21/003/thumb/tpl_image.png","size":144464}}
{"date":"2026-09-17T15:50:12+05:00","action":"delete","status":"completed","details":{"path":"dsn/cd/21/004/thumb/tpl_image.png","size":132400}}
{"date":"2026-09-17T15:50:12+05:00","action":"delete","status":"completed","details":{"path":"dsn/cd/21/005/thumb/tpl_image.png","size":63941}}
{"date":"2026-09-17T15:50:12+05:00","action":"delete","status":"completed","details":{"path":"dsn/cd/21/006/thumb/tpl_image.png","size":145843}}
{"date":"2026-09-17T15:50:13+05:00","action":"delete","status":"completed","details":{"path":"dsn/cd/21/007/thumb/tpl_image.png","size":112922}}
{"date":"2026-09-17T15:50:13+05:00","action":"delete","status":"completed","details":{"path":"dsn/cd/21/008/thumb/tpl_image.png","size":145086}}
{"date":"2026-09-17T15:50:13+05:00","action":"delete","status":"completed","details":{"path":"dsn/cd/21/009/thumb/tpl_image.png","size":45427}}
{"date":"2026-09-17T15:50:13+05:00","action":"delete","status":"completed","details":{"path":"dsn/cd/21/010/thumb/tpl_image.png","size":113000}}
{"date":"2026-09-17T15:50:13+05:00","action":"delete","status":"completed","details":{"path":"dsn/cd/21/011/thumb/tpl_image.png","size":63154}}
{"date":"2026-09-17T15:50:14+05:00","action":"delete","status":"completed","details":{"path":"dsn/cd/21/012/thumb/tpl_image.png","size":151597}}
{"date":"2026-09-17T15:50:14+05:00","action":"delete","status":"completed","details":{"path":"dsn/cd/21/013/thumb/tpl_image.png","size":155911}}
{"date":"2026-09-17T15:50:14+05:00","action":"delete","status":"completed","details":{"path":"dsn/cd/21/014/thumb/tpl_image.png","size":169160}}
{"date":"2026-09-17T15:50:14+05:00","action":"delete","status":"completed","details":{"path":"dsn/cd/40/001/1424020099_nabor-tem-dlya-win7.jpg","size":212504}}
{"date":"2026-09-17T15:50:14+05:00","action":"delete","status":"completed","details":{"path":"dsn/cd/40/001/thumb/1424020099_nabor-tem-dlya-win7.jpg","size":5676}}
{"date":"2026-09-17T15:50:14+05:00","action":"delete","status":"completed","details":{"path":"dsn/ce/73/001/thumb/verstka_shablonov_spomoszyu_tega_div.png","size":108597}}
{"date":"2026-09-17T15:50:15+05:00","action":"delete","status":"completed","details":{"path":"dsn/ce/78/001/thumb/2025-03-23_10-38-02.png","size":241415}}
{"date":"2026-09-17T15:50:15+05:00","action":"delete","status":"completed","details":{"path":"dsn/ce/87/001/thumb/horizontal_drop_down_menus.png","size":24296}}
{"date":"2026-09-17T15:50:15+05:00","action":"delete","status":"completed","details":{"path":"dsn/ce/bd/001/1396288205_launcher8-androidlauncher-windows8.jpg","size":60702}}
{"date":"2026-09-17T15:50:15+05:00","action":"delete","status":"completed","details":{"path":"dsn/ce/bd/001/thumb/1396288205_launcher8-androidlauncher-windows8.jpg","size":7315}}
{"date":"2026-09-17T15:50:15+05:00","action":"delete","status":"completed","details":{"path":"dsn/ce/fc/001/thumb/shk_kz_277643494_2014309858748577_7427019266238830402_n.png","size":353246}}
{"date":"2026-09-17T15:50:16+05:00","action":"delete","status":"completed","details":{"path":"dsn/cf/30/001/thumb/ckeditor_demo_-_ckeditor_com.png","size":54681}}
{"date":"2026-09-17T15:50:16+05:00","action":"delete","status":"completed","details":{"path":"dsn/cf/54/001/thumb/uyxpq9zk83i.jpg","size":3765}}
{"date":"2026-09-17T15:50:16+05:00","action":"delete","status":"completed","details":{"path":"dsn/cf/54/001/uyxpq9zk83i.jpg","size":37218}}
{"date":"2026-09-17T15:50:16+05:00","action":"delete","status":"completed","details":{"path":"dsn/cf/d9/001/logon-screen-rotator-settings.jpg","size":38948}}
{"date":"2026-09-17T15:50:16+05:00","action":"delete","status":"completed","details":{"path":"dsn/cf/d9/001/thumb/logon-screen-rotator-settings.jpg","size":3869}}
{"date":"2026-09-17T15:50:16+05:00","action":"delete","status":"completed","details":{"path":"dsn/cf/dd/001/thumb/screenshot_54.png","size":22963}}
{"date":"2026-09-17T15:50:17+05:00","action":"delete","status":"completed","details":{"path":"dsn/d0/09/001/4.jpg","size":34938}}
{"date":"2026-09-17T15:50:17+05:00","action":"delete","status":"completed","details":{"path":"dsn/d0/09/001/thumb/4.jpg","size":6246}}
{"date":"2026-09-17T15:50:17+05:00","action":"delete","status":"completed","details":{"path":"dsn/d0/89/001/thumb/xnews.gif","size":15412}}
{"date":"2026-09-17T15:50:17+05:00","action":"delete","status":"completed","details":{"path":"dsn/d0/89/001/xnews.gif","size":240602}}
{"date":"2026-09-17T15:50:17+05:00","action":"delete","status":"completed","details":{"path":"dsn/d0/97/001/thumb/2026-06-01_11-15-35_93de4044.png","size":266185}}
{"date":"2026-09-17T15:50:17+05:00","action":"delete","status":"completed","details":{"path":"dsn/d1/00/001/thumb/2d51edb1f1419dbf04f8fb0e2dbf6725.png","size":19649}}
{"date":"2026-09-17T15:50:18+05:00","action":"delete","status":"completed","details":{"path":"dsn/d1/80/001/altdesk.jpg","size":29410}}
{"date":"2026-09-17T15:50:18+05:00","action":"delete","status":"completed","details":{"path":"dsn/d1/80/001/thumb/altdesk.jpg","size":5225}}
{"date":"2026-09-17T15:50:18+05:00","action":"delete","status":"completed","details":{"path":"dsn/d1/99/001/1_1.png","size":599031}}
{"date":"2026-09-17T15:50:18+05:00","action":"delete","status":"completed","details":{"path":"dsn/d1/99/001/thumb/1_1.png","size":25802}}
{"date":"2026-09-17T15:50:18+05:00","action":"delete","status":"completed","details":{"path":"dsn/d1/de/001/m13kjhw6peyaxlutidlfu4c3j.jpg","size":346430}}
{"date":"2026-09-17T15:50:19+05:00","action":"delete","status":"completed","details":{"path":"dsn/d2/51/001/thumb/2025-04-10_11-43-55.png","size":18492}}
{"date":"2026-09-17T15:50:19+05:00","action":"delete","status":"completed","details":{"path":"dsn/d2/cb/001/thumb/20140508212407.png","size":20920}}
{"date":"2026-09-17T15:50:19+05:00","action":"delete","status":"completed","details":{"path":"dsn/d2/da/001/thumb/jquery.jpg","size":53104}}
{"date":"2026-09-17T15:50:19+05:00","action":"delete","status":"completed","details":{"path":"dsn/d3/43/001/thumb/telefon.png","size":2013}}
{"date":"2026-09-17T15:50:19+05:00","action":"delete","status":"completed","details":{"path":"dsn/d3/96/001/thumb/full.gif","size":57678}}
{"date":"2026-09-17T15:50:19+05:00","action":"delete","status":"completed","details":{"path":"dsn/d3/fe/001/thumb/radioknopka.png","size":39721}}
{"date":"2026-09-17T15:50:20+05:00","action":"delete","status":"completed","details":{"path":"dsn/d4/1d/001/thumb/table1.jpg","size":9659}}
{"date":"2026-09-17T15:50:20+05:00","action":"delete","status":"completed","details":{"path":"dsn/d4/3a/001/screenshot_15.png","size":184734}}
{"date":"2026-09-17T15:50:20+05:00","action":"delete","status":"completed","details":{"path":"dsn/d4/3a/001/thumb/screenshot_15.png","size":26881}}
{"date":"2026-09-17T15:50:20+05:00","action":"delete","status":"completed","details":{"path":"dsn/d4/3a/002/screenshot_15.png","size":184636}}
{"date":"2026-09-17T15:50:20+05:00","action":"delete","status":"completed","details":{"path":"dsn/d4/3a/002/thumb/screenshot_15.png","size":41432}}
{"date":"2026-09-17T15:50:20+05:00","action":"delete","status":"completed","details":{"path":"dsn/d4/3a/003/screenshot_15.png","size":269150}}
{"date":"2026-09-17T15:50:21+05:00","action":"delete","status":"completed","details":{"path":"dsn/d4/3a/003/thumb/screenshot_15.png","size":14580}}
{"date":"2026-09-17T15:50:21+05:00","action":"delete","status":"completed","details":{"path":"dsn/d4/9c/001/skaip.jpg","size":44353}}
{"date":"2026-09-17T15:50:21+05:00","action":"delete","status":"completed","details":{"path":"dsn/d4/9c/001/thumb/skaip.jpg","size":2792}}
{"date":"2026-09-17T15:50:21+05:00","action":"delete","status":"completed","details":{"path":"dsn/d4/18/001/thumb/slider.gif","size":88514}}
{"date":"2026-09-17T15:50:21+05:00","action":"delete","status":"completed","details":{"path":"dsn/d4/18/002/thumb/slider.gif","size":80304}}
{"date":"2026-09-17T15:50:22+05:00","action":"delete","status":"completed","details":{"path":"dsn/d4/32/001/thumb/zagruzhennoe_7.png","size":60480}}
{"date":"2026-09-17T15:50:22+05:00","action":"delete","status":"completed","details":{"path":"dsn/d4/50/001/s_minecraft-pocket-edition.jpg","size":20813}}
{"date":"2026-09-17T15:50:22+05:00","action":"delete","status":"completed","details":{"path":"dsn/d4/50/001/thumb/s_minecraft-pocket-edition.jpg","size":4748}}
{"date":"2026-09-17T15:50:22+05:00","action":"delete","status":"completed","details":{"path":"dsn/d4/81/001/loker1.png","size":76501}}
{"date":"2026-09-17T15:50:22+05:00","action":"delete","status":"completed","details":{"path":"dsn/d4/81/001/thumb/loker1.png","size":16899}}
{"date":"2026-09-17T15:50:22+05:00","action":"delete","status":"completed","details":{"path":"dsn/d4/ab/001/thumb/00029102.jpg","size":73733}}
{"date":"2026-09-17T15:50:23+05:00","action":"delete","status":"completed","details":{"path":"dsn/d5/e7/001/instagramm.jpeg","size":79161}}
{"date":"2026-09-17T15:50:23+05:00","action":"delete","status":"completed","details":{"path":"dsn/d5/e7/001/thumb/instagramm.jpeg","size":5337}}
{"date":"2026-09-17T15:50:23+05:00","action":"delete","status":"completed","details":{"path":"dsn/d5/fc/001/thumb/watsap.jpeg","size":4316}}
{"date":"2026-09-17T15:50:23+05:00","action":"delete","status":"completed","details":{"path":"dsn/d5/fc/001/watsap.jpeg","size":50499}}
{"date":"2026-09-17T15:50:23+05:00","action":"delete","status":"completed","details":{"path":"dsn/d6/f7/001/thumb/screenshot_37.jpg","size":46265}}
{"date":"2026-09-17T15:50:23+05:00","action":"delete","status":"completed","details":{"path":"dsn/d7/0e/001/hjvqxtgwa6k.jpg","size":31947}}
{"date":"2026-09-17T15:50:24+05:00","action":"delete","status":"completed","details":{"path":"dsn/d7/0e/001/thumb/hjvqxtgwa6k.jpg","size":4643}}
{"date":"2026-09-17T15:50:24+05:00","action":"delete","status":"completed","details":{"path":"dsn/d7/0e/002/hjvqxtgwa6k.jpg","size":31947}}
{"date":"2026-09-17T15:50:24+05:00","action":"delete","status":"completed","details":{"path":"dsn/d7/0e/002/thumb/hjvqxtgwa6k.jpg","size":3104}}
{"date":"2026-09-17T15:50:24+05:00","action":"delete","status":"completed","details":{"path":"dsn/d7/3c/001/1457891502136648550.jpg","size":28654}}
{"date":"2026-09-17T15:50:24+05:00","action":"delete","status":"completed","details":{"path":"dsn/d7/3c/001/thumb/1457891502136648550.jpg","size":3497}}
{"date":"2026-09-17T15:50:24+05:00","action":"delete","status":"completed","details":{"path":"dsn/d7/3e/001/thumb/twig-php-template-framework-1.png","size":33875}}
{"date":"2026-09-17T15:50:25+05:00","action":"delete","status":"completed","details":{"path":"dsn/d7/6f/001/roslavl-kaliningrad_tury_v_polshu_evropu_pribaltiku__novogodnie_tury__ekskursii_po_kaliningradu_i_oblasti__shkolnye_t-.png","size":626185}}
{"date":"2026-09-17T15:50:25+05:00","action":"delete","status":"completed","details":{"path":"dsn/d7/6f/001/thumb/roslavl-kaliningrad_tury_v_polshu_evropu_pribaltiku__novogodnie_tury__ekskursii_po_kaliningradu_i_oblasti__shkolnye_t-.png","size":96407}}
{"date":"2026-09-17T15:50:25+05:00","action":"delete","status":"completed","details":{"path":"dsn/d7/6f/002/roslavl-kaliningrad_tury_v_polshu_evropu_pribaltiku__novogodnie_tury__ekskursii_po_kaliningradu_i_oblasti__shkolnye_t-.png","size":626185}}
{"date":"2026-09-17T15:50:25+05:00","action":"delete","status":"completed","details":{"path":"dsn/d7/6f/002/thumb/roslavl-kaliningrad_tury_v_polshu_evropu_pribaltiku__novogodnie_tury__ekskursii_po_kaliningradu_i_oblasti__shkolnye_t-.png","size":96407}}
{"date":"2026-09-17T15:50:25+05:00","action":"delete","status":"completed","details":{"path":"dsn/d7/6f/003/roslavl-kaliningrad_tury_v_polshu_evropu_pribaltiku__novogodnie_tury__ekskursii_po_kaliningradu_i_oblasti__shkolnye_t-.png","size":205201}}
{"date":"2026-09-17T16:45:42+05:00","action":"scan_step","status":"progress","details":{"processed":500,"total":9425}}
